Item type,Item ID,Compiler #,Cockpit priority,Urgency score,Phase,Suggested decision,Chapter or lane,Date,Title,Release or status,Pages,NAID or targets,Decision question,Next action,Pending tasks,Linked sheets,Source note or need,Catalog URL,PDF URL
Compiler gap,gap-haass-page-level-extraction,,Critical,127,Close gap,Resolve research task,Source Extraction,,Recover page-level boundaries in Haass and meeting-file PDFs,Partly remediated,,470426597; 470426255; 470426381; 428082145; 470426231; 470426238; 470426240,"Have exact item boundaries, title, pages, access posture, and source-note wording been fixed for every selected document?","Prioritize Haass Working Files 470426597, Haass Meeting File 470426255, Mojaddedi 470426381, Bangladesh Zia 428082145, and Pakistan nuclear meeting files 470426231, 470426238, and 470426240.",Research task: Item-level page ranges and titles still need review for folder-level Haass PDFs; page-count zeros have been removed where online PDFs are available.,compiler-decision-log.csv; compiler-selection-board.md; compiler-gap-packets.md,Item-level page ranges and titles still need review for folder-level Haass PDFs; page-count zeros have been removed where online PDFs are available.,,
Confirmed record,470426381-presidential-visit-of-president-of-afghanistan-interim-government-sibgahtullah-mojaddedi-november-27-1989,1.014,Critical,124,Resolve access,Defer or cite only,Afghanistan,1989-11-27,"Presidential Visit of President [of Afghanistan Interim Government Sibgahtullah] Mojaddedi - November 27, 1989",Restricted - Possibly,35 pages,470426381; CF01404-028,"Can the item be selected, or should it remain deferred/cite-only because of access status?","Confirm whether the item can be selected, needs access review, or should be cited only as withheld/restricted context.","Confirmed access-status decision: Confirm whether the item can be selected, needs access review, or should be cited only as withheld/restricted context.; Critical boundary #3: Does the PDF represent one selectable document, a folder-level bundle, or cite-only restricted context?; Access/source-note wording decision: Resolve whether the restricted item is selectable, cite-only, or deferred, then keep access language concise in the Source Note and full restriction details in provenance.; Access/declassification decision: The record is restricted or possibly restricted; selection depends on access status or a cite-only/withheld rationale.",compiler-decision-log.csv; compiler-selection-board.md; compiler-access-review.md; compiler-page-boundary-queue.md; compiler-source-note-finalization.md,"Source: George H.W. Bush Library, National Security Council, Richard N. Haass' Presidential Meeting Files, Presidential Visit of President [of Afghanistan Interim Government Sibgahtullah] Mojaddedi - November 27, 1989, CF01404-028. Access restriction: Restricted - Possibly.",https://catalog.archives.gov/id/470426381,https://s3.dualstack.us-east-1.amazonaws.com/NARAprodstorage/lz/presidential-libraries/bush/gb-nsc/haass/pres_mtg_2554869/41-bpr-nsc-haass_pres_mtg-cf01404-028.pdf
Confirmed record,470426231-nsc-dc-meeting-july-16-1990-re-pakistan-nuclear-program,2.017,Critical,124,Resolve access,Defer or cite only,Pakistan,1990-07-16,"NSC/DC Meeting - July 16, 1990 Re: Pakistan Nuclear Program",Restricted - Possibly,29 pages,470426231; CF01625-020,"Can the item be selected, or should it remain deferred/cite-only because of access status?","Confirm whether the item can be selected, needs access review, or should be cited only as withheld/restricted context.","Confirmed access-status decision: Confirm whether the item can be selected, needs access review, or should be cited only as withheld/restricted context.; Critical boundary #4: Does the PDF represent one selectable document, a folder-level bundle, or cite-only restricted context?; Access/source-note wording decision: Resolve whether the restricted item is selectable, cite-only, or deferred, then keep access language concise in the Source Note and full restriction details in provenance.; Access/declassification decision: The record is restricted or possibly restricted; selection depends on access status or a cite-only/withheld rationale.",compiler-decision-log.csv; compiler-selection-board.md; compiler-access-review.md; compiler-page-boundary-queue.md; compiler-source-note-finalization.md,"Source: George H.W. Bush Library, National Security Council, Richard N. Haass' Meeting Files, NSC/DC Meeting - July 16, 1990 Re: Pakistan Nuclear Program, CF01625-020. Access restriction: Restricted - Possibly.",https://catalog.archives.gov/id/470426231,https://s3.dualstack.us-east-1.amazonaws.com/NARAprodstorage/lz/presidential-libraries/bush/gb-nsc/haass/meeting_2554866/41-bpr-nsc-haass_meeting-cf01625-020.pdf
Confirmed record,470426238-nsc-dc-deputies-committee-meeting-october-4-1990-re-pakistan,2.021,Critical,124,Resolve access,Defer or cite only,Pakistan,1990-10-04,"NSC/DC [Deputies Committee] Meeting - October 4, 1990 Re: Pakistan",Restricted - Possibly,8 pages,470426238; CF01625-027,"Can the item be selected, or should it remain deferred/cite-only because of access status?","Confirm whether the item can be selected, needs access review, or should be cited only as withheld/restricted context.","Confirmed access-status decision: Confirm whether the item can be selected, needs access review, or should be cited only as withheld/restricted context.; Critical boundary #10: Does the PDF represent one selectable document, a folder-level bundle, or cite-only restricted context?; Access/source-note wording decision: Resolve whether the restricted item is selectable, cite-only, or deferred, then keep access language concise in the Source Note and full restriction details in provenance.; Access/declassification decision: The record is restricted or possibly restricted; selection depends on access status or a cite-only/withheld rationale.",compiler-decision-log.csv; compiler-selection-board.md; compiler-access-review.md; compiler-page-boundary-queue.md; compiler-source-note-finalization.md,"Source: George H.W. Bush Library, National Security Council, Richard N. Haass' Meeting Files, NSC/DC [Deputies Committee] Meeting - October 4, 1990 Re: Pakistan, CF01625-027. Access restriction: Restricted - Possibly.",https://catalog.archives.gov/id/470426238,https://s3.dualstack.us-east-1.amazonaws.com/NARAprodstorage/lz/presidential-libraries/bush/gb-nsc/haass/meeting_2554866/41-bpr-nsc-haass_meeting-cf01625-027.pdf
Confirmed record,470426240-nsc-dc-meeting-october-9-1990-re-pakistan,2.023,Critical,124,Resolve access,Defer or cite only,Pakistan,1990-10-09,"NSC/DC Meeting - October 9, 1990 Re: Pakistan",Restricted - Possibly,81 pages,470426240; CF01625-029,"Can the item be selected, or should it remain deferred/cite-only because of access status?","Confirm whether the item can be selected, needs access review, or should be cited only as withheld/restricted context.","Confirmed access-status decision: Confirm whether the item can be selected, needs access review, or should be cited only as withheld/restricted context.; Critical boundary #5: Does the PDF represent one selectable document, a folder-level bundle, or cite-only restricted context?; Access/source-note wording decision: Resolve whether the restricted item is selectable, cite-only, or deferred, then keep access language concise in the Source Note and full restriction details in provenance.; Access/declassification decision: The record is restricted or possibly restricted; selection depends on access status or a cite-only/withheld rationale.",compiler-decision-log.csv; compiler-selection-board.md; compiler-access-review.md; compiler-page-boundary-queue.md; compiler-source-note-finalization.md,"Source: George H.W. Bush Library, National Security Council, Richard N. Haass' Meeting Files, NSC/DC Meeting - October 9, 1990 Re: Pakistan, CF01625-029. Access restriction: Restricted - Possibly.",https://catalog.archives.gov/id/470426240,https://s3.dualstack.us-east-1.amazonaws.com/NARAprodstorage/lz/presidential-libraries/bush/gb-nsc/haass/meeting_2554866/41-bpr-nsc-haass_meeting-cf01625-029.pdf
Compiler gap,gap-india-policy-lane,,Critical,117,Close gap,Resolve research task,India,,Build an India policy lane beyond leader conversations,Open,,645607415; 645608141; 645607135; 645608143; 645607137; 645607805; 645607807; 470437053,"Has the India chapter been consciously tested beyond leader calls: Kashmir/security, nuclear/nonproliferation, defense, economic reform, trade, embassy, Haass, Gates, WHORM, and State files?","Search India with Rao, Venkataraman, Gandhi, Shankar, Kashmir, nuclear, nonproliferation, economic reform, trade, and defense terms.","Research task: Run focused Haass, Gates, WHORM, State, and catalog searches for India policy themes instead of relying on leader calls and Cheney country folders.",compiler-decision-log.csv; compiler-selection-board.md; compiler-gap-packets.md,"Run focused Haass, Gates, WHORM, State, and catalog searches for India policy themes instead of relying on leader calls and Cheney country folders.",,
Compiler gap,gap-pakistan-nuclear-companion-sources,,Critical,117,Close gap,Resolve research task,Pakistan,,Pair the Pakistan nuclear sequence with non-H-Files sources,Open,,470437053; 470426231; 470426238; 470426240; 645608235; 645607905; 645607531; 645607533; 645607907; 323150513; 323152491,"Do Gates, Cheney, Haass, and H-Files companion records support or change the Pakistan nuclear/Pressler/F-16 selection arc?","Prioritize Gates Subject File 470437053 and Pakistan H-Files 470426231, 470426238, and 470426240.","Research task: Integrate Gates, Cheney, and Haass companion files before treating the Pakistan nuclear policy arc as complete.",compiler-decision-log.csv; compiler-selection-board.md; compiler-gap-packets.md,"Integrate Gates, Cheney, and Haass companion files before treating the Pakistan nuclear policy arc as complete.",,
Compiler gap,gap-cheney-country-files,,Critical,117,Close gap,Resolve research task,Source Expansion,,Screen Cheney Country Files before closing the source search,Triaged,,645607685; 645607321; 645607323; 645608235; 645607905; 645607531; 645607533; 645607907; 645607415; 645608141; 645607135; 645608143; 645607137; 645607805; 645607807; 645608041,"Can the compiler record Select, Exclude, Defer, Cite only, or Resolved with a stable rationale and source note?","Review Afghanistan files 645607685, 645607321, and 645607323.","Research task: Screen the Cheney PDFs, score policy-bearing pages, and decide which should become confirmed candidate documents or source-note/context material.",compiler-decision-log.csv; compiler-selection-board.md; compiler-gap-packets.md,"Screen the Cheney PDFs, score policy-bearing pages, and decide which should become confirmed candidate documents or source-note/context material.",,
Compiler gap,gap-regional-kashmir-bangladesh-split,,Critical,117,Close gap,Resolve research task,Regional,,"Split the Regional lane into Kashmir, Bangladesh, and other South Asia tracks",Triaged,,470426145; 470426225; 428082145; 470426266; 645608041; 286185941; 543965098,"Can each candidate be assigned to India, Pakistan, Bangladesh, or true regional strategy with an explicit selection or exclusion rationale?",Promote Kashmir leads 470426145 and 470426225 into a focused review queue.,Research task: Separate sub-lanes so Kashmir and Bangladesh can be evaluated on their own document merits while lower-confidence public references remain contextual.,compiler-decision-log.csv; compiler-selection-board.md; compiler-gap-packets.md,Separate sub-lanes so Kashmir and Bangladesh can be evaluated on their own document merits while lower-confidence public references remain contextual.,,
Potential lead,catalog-lead-645608041,,Critical,114,Fix page boundaries,Screen for promotion,Regional: Bangladesh,1989-01-20,Bangladesh,High-priority source review lead; Online object available,,645608041,"Which pages contain policy-bearing material, and should any part be promoted to the confirmed chronology?","Open the PDF, identify policy-bearing pages, assign page boundaries, and record promote/exclude/cite-only rationale. Gap cue: Review Afghanistan files 645607685, 645607321, and 645607323.","Partly restricted lead screening: Screen the online object and promote only after access posture, page boundaries, title, and source note are stable.; Critical boundary #6: Which pages contain policy-bearing material, and should any part be promoted to the confirmed chronology?; Page-boundary citation verification: Confirm the exact selected page boundary and title before final numbering; do not rely on a folder-level title if only part of the PDF is selected.; Promotion screening: The lead is high-priority and may change chapter balance once page boundaries, title, and source note are stable.",compiler-decision-log.csv; compiler-selection-board.md; compiler-access-review.md; compiler-page-boundary-queue.md; compiler-source-note-finalization.md,"Source: George H.W. Bush Library, Richard Cheney Collection, Country Files, Bangladesh. Access restriction: Restricted - Partly.",https://catalog.archives.gov/id/645608041,https://s3.amazonaws.com/NARAprodstorage/lz/presidential-libraries/bush/gb-rbc/country_470572294/41-bpr-dhm-cheney-country-31842-009.pdf
Potential lead,catalog-lead-470426145,,Critical,114,Fix page boundaries,Screen for promotion,Regional: Kashmir,1989-01-20,Letters on Kashmir,High-priority source review lead; Online object available,,470426145,"Which pages contain policy-bearing material, and should any part be promoted to the confirmed chronology?","Open the PDF, identify policy-bearing pages, assign page boundaries, and record promote/exclude/cite-only rationale. Gap cue: Search India with Rao, Venkataraman, Gandhi, Shankar, Kashmir, nuclear, nonproliferation, economic reform, trade, and defense terms.","Restricted lead screening: Screen the online object and promote only after access posture, page boundaries, title, and source note are stable.; Critical boundary #7: Which pages contain policy-bearing material, and should any part be promoted to the confirmed chronology?; Page-boundary citation verification: Confirm the exact selected page boundary and title before final numbering; do not rely on a folder-level title if only part of the PDF is selected.; Promotion screening: The lead is high-priority and may change chapter balance once page boundaries, title, and source note are stable.",compiler-decision-log.csv; compiler-selection-board.md; compiler-access-review.md; compiler-page-boundary-queue.md; compiler-source-note-finalization.md,"Source: George H.W. Bush Library, National Security Council, Richard N. Haass' Correspondence Files, Letters on Kashmir. Access restriction: Restricted - Possibly.",https://catalog.archives.gov/id/470426145,https://s3.dualstack.us-east-1.amazonaws.com/NARAprodstorage/lz/presidential-libraries/bush/gb-nsc/haass/correspondence_2554865/41-bpr-nsc-haass_correspondence-cf01479-008.pdf
Potential lead,catalog-lead-470426225,,Critical,114,Fix page boundaries,Screen for promotion,Regional: Kashmir,1990-03-26,"NSC/DC [Deputies Committee] Teleconference - March 26, 1990 Re: Kashmir",High-priority source review lead; Online object available,,470426225,"Which pages contain policy-bearing material, and should any part be promoted to the confirmed chronology?","Open the PDF, identify policy-bearing pages, assign page boundaries, and record promote/exclude/cite-only rationale. Gap cue: Search India with Rao, Venkataraman, Gandhi, Shankar, Kashmir, nuclear, nonproliferation, economic reform, trade, and defense terms.","Restricted lead screening: Screen the online object and promote only after access posture, page boundaries, title, and source note are stable.; Critical boundary #8: Which pages contain policy-bearing material, and should any part be promoted to the confirmed chronology?; Page-boundary citation verification: Confirm the exact selected page boundary and title before final numbering; do not rely on a folder-level title if only part of the PDF is selected.; Promotion screening: The lead is high-priority and may change chapter balance once page boundaries, title, and source note are stable.",compiler-decision-log.csv; compiler-selection-board.md; compiler-access-review.md; compiler-page-boundary-queue.md; compiler-source-note-finalization.md,"Source: George H.W. Bush Library, National Security Council, Richard N. Haass' Meeting Files, NSC/DC [Deputies Committee] Teleconference - March 26, 1990 Re: Kashmir. Access restriction: Restricted - Possibly.",https://catalog.archives.gov/id/470426225,https://s3.dualstack.us-east-1.amazonaws.com/NARAprodstorage/lz/presidential-libraries/bush/gb-nsc/haass/meeting_2554866/41-bpr-nsc-haass_meeting-cf01625-014.pdf
Potential lead,catalog-lead-470426266,,Critical,114,Fix page boundaries,Screen for promotion,Regional: Bangladesh,1992-03-19,"President's Meeting with Prime Minister Zia of Bangladesh - March 19, 1992",High-priority source review lead; Online object available,,470426266,"Which pages contain policy-bearing material, and should any part be promoted to the confirmed chronology?","Open the PDF, identify policy-bearing pages, assign page boundaries, and record promote/exclude/cite-only rationale. Gap cue: Review Afghanistan files 645607685, 645607321, and 645607323.","Restricted lead screening: Screen the online object and promote only after access posture, page boundaries, title, and source note are stable.; Critical boundary #9: Which pages contain policy-bearing material, and should any part be promoted to the confirmed chronology?; Page-boundary citation verification: Confirm the exact selected page boundary and title before final numbering; do not rely on a folder-level title if only part of the PDF is selected.; Promotion screening: The lead is high-priority and may change chapter balance once page boundaries, title, and source note are stable.",compiler-decision-log.csv; compiler-selection-board.md; compiler-access-review.md; compiler-page-boundary-queue.md; compiler-source-note-finalization.md,"Source: George H.W. Bush Library, National Security Council, Richard N. Haass' Meeting Files, President's Meeting with Prime Minister Zia of Bangladesh - March 19, 1992. Access restriction: Restricted - Possibly.",https://catalog.archives.gov/id/470426266,https://s3.dualstack.us-east-1.amazonaws.com/NARAprodstorage/lz/presidential-libraries/bush/gb-nsc/haass/meeting_2554866/41-bpr-nsc-haass_meeting-cf01447-024.pdf
Confirmed record,nsc-source-446394923,1.001,Critical,114,Resolve access,Defer or cite only,Afghanistan,1989-02-07,"NSR-1 - February 07, 1989 - Afghanistan",Restricted - Possibly,30 pages,446394923; 90006-001,"Can the item be selected, or should it remain deferred/cite-only because of access status?","Confirm whether the item can be selected, needs access review, or should be cited only as withheld/restricted context.","Confirmed access-status decision: Confirm whether the item can be selected, needs access review, or should be cited only as withheld/restricted context.; High boundary #28: Does the PDF represent one selectable document, a folder-level bundle, or cite-only restricted context?; Access/source-note wording decision: Resolve whether the restricted item is selectable, cite-only, or deferred, then keep access language concise in the Source Note and full restriction details in provenance.; Access/declassification decision: The record is restricted or possibly restricted; selection depends on access status or a cite-only/withheld rationale.",compiler-decision-log.csv; compiler-selection-board.md; compiler-access-review.md; compiler-page-boundary-queue.md; compiler-source-note-finalization.md,"Source: George H.W. Bush Library, National Security Council, H-Files, NSR Files, NSR-1 - February 07, 1989 - Afghanistan, 90006-001. Access restriction: Restricted - Possibly.",https://catalog.archives.gov/id/446394923,https://s3.amazonaws.com/NARAprodstorage/lz/presidential-libraries/bush/gb-nsc/H-Files/NSRs_313189297/41-bpr-nsc-hfiles-nsr-1-90006-001.pdf
Confirmed record,nsc-source-470760975,1.002,Critical,114,Resolve access,Defer or cite only,Afghanistan,1989-02-08,"NSC/DC 001 - February 08, 1989 - NSC/DC Meeting on Afghanistan, Keywords: Afghanistan",Restricted - Possibly,52 pages,470760975; 90009-001,"Can the item be selected, or should it remain deferred/cite-only because of access status?","Confirm whether the item can be selected, needs access review, or should be cited only as withheld/restricted context.","Confirmed access-status decision: Confirm whether the item can be selected, needs access review, or should be cited only as withheld/restricted context.; High boundary #29: Does the PDF represent one selectable document, a folder-level bundle, or cite-only restricted context?; Access/source-note wording decision: Resolve whether the restricted item is selectable, cite-only, or deferred, then keep access language concise in the Source Note and full restriction details in provenance.; Access/declassification decision: The record is restricted or possibly restricted; selection depends on access status or a cite-only/withheld rationale.",compiler-decision-log.csv; compiler-selection-board.md; compiler-access-review.md; compiler-page-boundary-queue.md; compiler-source-note-finalization.md,"Source: George H.W. Bush Library, National Security Council, H-Files, NSC/DC Meetings Files, NSC/DC 001 - February 08, 1989 - NSC/DC Meeting on Afghanistan, Keywords: Afghanistan, 90009-001. Access restriction: Restricted - Possibly.",https://catalog.archives.gov/id/470760975,https://s3.amazonaws.com/NARAprodstorage/lz/presidential-libraries/bush/gb-nsc/H-Files/NSC-DC_Mtgs_312294079/41-bpr-nsc-hfiles-dc_mtgs-1-90009-001.pdf
Confirmed record,nsc-source-470760885,1.003,Critical,114,Resolve access,Defer or cite only,Afghanistan,1989-02-10,"NSC0001 - February 10, 1989 - Afghanistan",Restricted - Possibly,20 pages,470760885; 90000-001,"Can the item be selected, or should it remain deferred/cite-only because of access status?","Confirm whether the item can be selected, needs access review, or should be cited only as withheld/restricted context.","Confirmed access-status decision: Confirm whether the item can be selected, needs access review, or should be cited only as withheld/restricted context.; High boundary #30: Does the PDF represent one selectable document, a folder-level bundle, or cite-only restricted context?; Access/source-note wording decision: Resolve whether the restricted item is selectable, cite-only, or deferred, then keep access language concise in the Source Note and full restriction details in provenance.; Access/declassification decision: The record is restricted or possibly restricted; selection depends on access status or a cite-only/withheld rationale.",compiler-decision-log.csv; compiler-selection-board.md; compiler-access-review.md; compiler-page-boundary-queue.md; compiler-source-note-finalization.md,"Source: George H.W. Bush Library, National Security Council, H-Files, NSC Meetings Files, NSC0001 - February 10, 1989 - Afghanistan, 90000-001. Access restriction: Restricted - Possibly.",https://catalog.archives.gov/id/470760885,https://s3.amazonaws.com/NARAprodstorage/lz/presidential-libraries/bush/gb-nsc/H-Files/NSC_Mtgs_312293887/41-bpr-nsc-hfiles-nsc_mtgs-1-90000-001.pdf
Confirmed record,nsc-source-446396813,1.004,Critical,114,Resolve access,Defer or cite only,Afghanistan,1989-02-13,"NSD-3 - February 13, 1989 - U.S. Policy toward Afghanistan (File located @ LM)",Restricted - Possibly,52 pages,446396813; 90003-004,"Can the item be selected, or should it remain deferred/cite-only because of access status?","Confirm whether the item can be selected, needs access review, or should be cited only as withheld/restricted context.","Confirmed access-status decision: Confirm whether the item can be selected, needs access review, or should be cited only as withheld/restricted context.; High boundary #31: Does the PDF represent one selectable document, a folder-level bundle, or cite-only restricted context?; Access/source-note wording decision: Resolve whether the restricted item is selectable, cite-only, or deferred, then keep access language concise in the Source Note and full restriction details in provenance.; Access/declassification decision: The record is restricted or possibly restricted; selection depends on access status or a cite-only/withheld rationale.",compiler-decision-log.csv; compiler-selection-board.md; compiler-access-review.md; compiler-page-boundary-queue.md; compiler-source-note-finalization.md,"Source: George H.W. Bush Library, National Security Council, H-Files, NSD Files, NSD-3 - February 13, 1989 - U.S. Policy toward Afghanistan (File located @ LM), 90003-004. Access restriction: Restricted - Possibly.",https://catalog.archives.gov/id/446396813,https://s3.amazonaws.com/NARAprodstorage/lz/presidential-libraries/bush/gb-nsc/H-Files/NSDs_313189290/41-bpr-nsc-hfiles-nsd-3-90003-004.pdf
Confirmed record,nsc-source-470760979,1.006,Critical,114,Resolve access,Defer or cite only,Afghanistan,1989-03-08,"NSC/DC 005 - March 08, 1989 - NSC/DC Meeting on Non-Lethal Finding and Transfer of Funds re: Afghanistan, Keywords: Afghanistan",Restricted - Possibly,6 pages,470760979; 90009-005,"Can the item be selected, or should it remain deferred/cite-only because of access status?","Confirm whether the item can be selected, needs access review, or should be cited only as withheld/restricted context.","Confirmed access-status decision: Confirm whether the item can be selected, needs access review, or should be cited only as withheld/restricted context.; High boundary #45: Does the PDF represent one selectable document, a folder-level bundle, or cite-only restricted context?; Access/source-note wording decision: Resolve whether the restricted item is selectable, cite-only, or deferred, then keep access language concise in the Source Note and full restriction details in provenance.; Access/declassification decision: The record is restricted or possibly restricted; selection depends on access status or a cite-only/withheld rationale.",compiler-decision-log.csv; compiler-selection-board.md; compiler-access-review.md; compiler-page-boundary-queue.md; compiler-source-note-finalization.md,"Source: George H.W. Bush Library, National Security Council, H-Files, NSC/DC Meetings Files, NSC/DC 005 - March 08, 1989 - NSC/DC Meeting on Non-Lethal Finding and Transfer of Funds re: Afghanistan, Keywords: Afghanistan, 90009-005. Access restriction: Restricted - Possibly.",https://catalog.archives.gov/id/470760979,https://s3.amazonaws.com/NARAprodstorage/lz/presidential-libraries/bush/gb-nsc/H-Files/NSC-DC_Mtgs_312294079/41-bpr-nsc-hfiles-dc_mtgs-5-90009-005.pdf
Confirmed record,nsc-source-470760888,1.007,Critical,114,Resolve access,Defer or cite only,Afghanistan,1989-03-14,"NSC0004 - March 14, 1989 - Panama, Nicaragua, Afghanistan (File located @ LM)",Restricted - Possibly,1 page,470760888; 90000-004,"Can the item be selected, or should it remain deferred/cite-only because of access status?","Confirm whether the item can be selected, needs access review, or should be cited only as withheld/restricted context.","Confirmed access-status decision: Confirm whether the item can be selected, needs access review, or should be cited only as withheld/restricted context.; High boundary #46: Does the PDF represent one selectable document, a folder-level bundle, or cite-only restricted context?; Access/source-note wording decision: Resolve whether the restricted item is selectable, cite-only, or deferred, then keep access language concise in the Source Note and full restriction details in provenance.; Access/declassification decision: The record is restricted or possibly restricted; selection depends on access status or a cite-only/withheld rationale.",compiler-decision-log.csv; compiler-selection-board.md; compiler-access-review.md; compiler-page-boundary-queue.md; compiler-source-note-finalization.md,"Source: George H.W. Bush Library, National Security Council, H-Files, NSC Meetings Files, NSC0004 - March 14, 1989 - Panama, Nicaragua, Afghanistan (File located @ LM), 90000-004. Access restriction: Restricted - Possibly.",https://catalog.archives.gov/id/470760888,https://s3.amazonaws.com/NARAprodstorage/lz/presidential-libraries/bush/gb-nsc/H-Files/NSC_Mtgs_312293887/41-bpr-nsc-hfiles-nsc_mtgs-4-90000-004.pdf
Confirmed record,nsc-source-446396815,1.008,Critical,114,Resolve access,Defer or cite only,Afghanistan,1989-03-18,"NSD-5 - March 18, 1989 - Legislation to Authorize the Transfer of Funds to the Agency for International Development (AID) for Humanitarian Assistance to Afghanistan (File located @ LM)",Restricted - Possibly,43 pages,446396815; 90003-006,"Can the item be selected, or should it remain deferred/cite-only because of access status?","Confirm whether the item can be selected, needs access review, or should be cited only as withheld/restricted context.","Confirmed access-status decision: Confirm whether the item can be selected, needs access review, or should be cited only as withheld/restricted context.; High boundary #32: Does the PDF represent one selectable document, a folder-level bundle, or cite-only restricted context?; Access/source-note wording decision: Resolve whether the restricted item is selectable, cite-only, or deferred, then keep access language concise in the Source Note and full restriction details in provenance.; Access/declassification decision: The record is restricted or possibly restricted; selection depends on access status or a cite-only/withheld rationale.",compiler-decision-log.csv; compiler-selection-board.md; compiler-access-review.md; compiler-page-boundary-queue.md; compiler-source-note-finalization.md,"Source: George H.W. Bush Library, National Security Council, H-Files, NSD Files, NSD-5 - March 18, 1989 - Legislation to Authorize the Transfer of Funds to the Agency for International Development (AID) for Humanitarian Assistance to Afghanistan (File located @ LM), 90003-006. Access restriction: Restricted - Possibly.",https://catalog.archives.gov/id/446396815,https://s3.amazonaws.com/NARAprodstorage/lz/presidential-libraries/bush/gb-nsc/H-Files/NSDs_313189290/41-bpr-nsc-hfiles-nsd-5-90003-006.pdf
Confirmed record,nsc-source-470760996,3.003,Critical,114,Resolve access,Defer or cite only,India,1989-05-04,"NSC/DC 022 - May 04, 1989 - NSC/DC Meeting on South Asia, Keywords: South Asia, India (File located @ LM)",Restricted - Possibly,45 pages,470760996; 90010-001,"Can the item be selected, or should it remain deferred/cite-only because of access status?","Confirm whether the item can be selected, needs access review, or should be cited only as withheld/restricted context.","Confirmed access-status decision: Confirm whether the item can be selected, needs access review, or should be cited only as withheld/restricted context.; High boundary #33: Does the PDF represent one selectable document, a folder-level bundle, or cite-only restricted context?; Access/source-note wording decision: Resolve whether the restricted item is selectable, cite-only, or deferred, then keep access language concise in the Source Note and full restriction details in provenance.; Access/declassification decision: The record is restricted or possibly restricted; selection depends on access status or a cite-only/withheld rationale.",compiler-decision-log.csv; compiler-selection-board.md; compiler-access-review.md; compiler-page-boundary-queue.md; compiler-source-note-finalization.md,"Source: George H.W. Bush Library, National Security Council, H-Files, NSC/DC Meetings Files, NSC/DC 022 - May 04, 1989 - NSC/DC Meeting on South Asia, Keywords: South Asia, India (File located @ LM), 90010-001. Access restriction: Restricted - Possibly.",https://catalog.archives.gov/id/470760996,https://s3.amazonaws.com/NARAprodstorage/lz/presidential-libraries/bush/gb-nsc/H-Files/NSC-DC_Mtgs_312294079/41-bpr-nsc-hfiles-dc_mtgs-22-90010-001.pdf
Confirmed record,470426218-nsc-dc-deputies-committee-meeting-october-16-1989-re-afghanistan,1.010,Critical,114,Resolve access,Defer or cite only,Afghanistan,1989-10-16,"NSC/DC [Deputies Committee] Meeting - October 16, 1989 re: Afghanistan",Restricted - Possibly,18 pages,470426218; CF01625-007,"Can the item be selected, or should it remain deferred/cite-only because of access status?","Confirm whether the item can be selected, needs access review, or should be cited only as withheld/restricted context.","Confirmed access-status decision: Confirm whether the item can be selected, needs access review, or should be cited only as withheld/restricted context.; High boundary #47: Does the PDF represent one selectable document, a folder-level bundle, or cite-only restricted context?; Access/source-note wording decision: Resolve whether the restricted item is selectable, cite-only, or deferred, then keep access language concise in the Source Note and full restriction details in provenance.; Access/declassification decision: The record is restricted or possibly restricted; selection depends on access status or a cite-only/withheld rationale.",compiler-decision-log.csv; compiler-selection-board.md; compiler-access-review.md; compiler-page-boundary-queue.md; compiler-source-note-finalization.md,"Source: George H.W. Bush Library, National Security Council, Richard N. Haass' Meeting Files, NSC/DC [Deputies Committee] Meeting - October 16, 1989 re: Afghanistan, CF01625-007. Access restriction: Restricted - Possibly.",https://catalog.archives.gov/id/470426218,https://s3.dualstack.us-east-1.amazonaws.com/NARAprodstorage/lz/presidential-libraries/bush/gb-nsc/haass/meeting_2554866/41-bpr-nsc-haass_meeting-cf01625-007.pdf
Confirmed record,nsc-source-470761041,1.011,Critical,114,Resolve access,Defer or cite only,Afghanistan,1989-10-18,"NSC/DC 065A - October 18, 1989 - NSC/DC Meeting on Afghanistan, Keywords: Afghanistan (File located @ LM)",Restricted - Possibly,8 pages,470761041; 90011-020,"Can the item be selected, or should it remain deferred/cite-only because of access status?","Confirm whether the item can be selected, needs access review, or should be cited only as withheld/restricted context.","Confirmed access-status decision: Confirm whether the item can be selected, needs access review, or should be cited only as withheld/restricted context.; High boundary #48: Does the PDF represent one selectable document, a folder-level bundle, or cite-only restricted context?; Access/source-note wording decision: Resolve whether the restricted item is selectable, cite-only, or deferred, then keep access language concise in the Source Note and full restriction details in provenance.; Access/declassification decision: The record is restricted or possibly restricted; selection depends on access status or a cite-only/withheld rationale.",compiler-decision-log.csv; compiler-selection-board.md; compiler-access-review.md; compiler-page-boundary-queue.md; compiler-source-note-finalization.md,"Source: George H.W. Bush Library, National Security Council, H-Files, NSC/DC Meetings Files, NSC/DC 065A - October 18, 1989 - NSC/DC Meeting on Afghanistan, Keywords: Afghanistan (File located @ LM), 90011-020. Access restriction: Restricted - Possibly.",https://catalog.archives.gov/id/470761041,https://s3.amazonaws.com/NARAprodstorage/lz/presidential-libraries/bush/gb-nsc/H-Files/NSC-DC_Mtgs_312294079/41-bpr-nsc-hfiles-dc_mtgs-65a-90011-020.pdf
Confirmed record,470426219-nsc-meeting-october-23-1989-re-afghanistan,1.012,Critical,114,Resolve access,Defer or cite only,Afghanistan,1989-10-23,"NSC Meeting - October 23, 1989 re: Afghanistan",Restricted - Possibly,24 pages,470426219; CF01625-008,"Can the item be selected, or should it remain deferred/cite-only because of access status?","Confirm whether the item can be selected, needs access review, or should be cited only as withheld/restricted context.","Confirmed access-status decision: Confirm whether the item can be selected, needs access review, or should be cited only as withheld/restricted context.; High boundary #34: Does the PDF represent one selectable document, a folder-level bundle, or cite-only restricted context?; Access/source-note wording decision: Resolve whether the restricted item is selectable, cite-only, or deferred, then keep access language concise in the Source Note and full restriction details in provenance.; Access/declassification decision: The record is restricted or possibly restricted; selection depends on access status or a cite-only/withheld rationale.",compiler-decision-log.csv; compiler-selection-board.md; compiler-access-review.md; compiler-page-boundary-queue.md; compiler-source-note-finalization.md,"Source: George H.W. Bush Library, National Security Council, Richard N. Haass' Meeting Files, NSC Meeting - October 23, 1989 re: Afghanistan, CF01625-008. Access restriction: Restricted - Possibly.",https://catalog.archives.gov/id/470426219,https://s3.dualstack.us-east-1.amazonaws.com/NARAprodstorage/lz/presidential-libraries/bush/gb-nsc/haass/meeting_2554866/41-bpr-nsc-haass_meeting-cf01625-008.pdf
Confirmed record,nsc-source-470761101,2.012,Critical,114,Resolve access,Defer or cite only,Pakistan,1990-03-26,"NSC/DC 112 - March 26, 1990 - NSC/DC Meeting on Kashmir, Keywords: Pakistan",Restricted - Possibly,13 pages,470761101; 90013-024,"Can the item be selected, or should it remain deferred/cite-only because of access status?","Confirm whether the item can be selected, needs access review, or should be cited only as withheld/restricted context.","Confirmed access-status decision: Confirm whether the item can be selected, needs access review, or should be cited only as withheld/restricted context.; High boundary #49: Does the PDF represent one selectable document, a folder-level bundle, or cite-only restricted context?; Access/source-note wording decision: Resolve whether the restricted item is selectable, cite-only, or deferred, then keep access language concise in the Source Note and full restriction details in provenance.; Access/declassification decision: The record is restricted or possibly restricted; selection depends on access status or a cite-only/withheld rationale.",compiler-decision-log.csv; compiler-selection-board.md; compiler-access-review.md; compiler-page-boundary-queue.md; compiler-source-note-finalization.md,"Source: George H.W. Bush Library, National Security Council, H-Files, NSC/DC Meetings Files, NSC/DC 112 - March 26, 1990 - NSC/DC Meeting on Kashmir, Keywords: Pakistan, 90013-024. Access restriction: Restricted - Possibly.",https://catalog.archives.gov/id/470761101,https://s3.amazonaws.com/NARAprodstorage/lz/presidential-libraries/bush/gb-nsc/H-Files/NSC-DC_Mtgs_312294079/41-bpr-nsc-hfiles-dc_mtgs-112-90013-024.pdf
Confirmed record,nsc-source-470761103,3.007,Critical,114,Resolve access,Defer or cite only,India,1990-04-04,"NSC/DC 113 - April 04, 1990 - NSC/DC Meeting on Kashmir via SVTS, Keywords: India",Restricted - Possibly,41 pages,470761103; 90013-026,"Can the item be selected, or should it remain deferred/cite-only because of access status?","Confirm whether the item can be selected, needs access review, or should be cited only as withheld/restricted context.","Confirmed access-status decision: Confirm whether the item can be selected, needs access review, or should be cited only as withheld/restricted context.; High boundary #35: Does the PDF represent one selectable document, a folder-level bundle, or cite-only restricted context?; Access/source-note wording decision: Resolve whether the restricted item is selectable, cite-only, or deferred, then keep access language concise in the Source Note and full restriction details in provenance.; Access/declassification decision: The record is restricted or possibly restricted; selection depends on access status or a cite-only/withheld rationale.",compiler-decision-log.csv; compiler-selection-board.md; compiler-access-review.md; compiler-page-boundary-queue.md; compiler-source-note-finalization.md,"Source: George H.W. Bush Library, National Security Council, H-Files, NSC/DC Meetings Files, NSC/DC 113 - April 04, 1990 - NSC/DC Meeting on Kashmir via SVTS, Keywords: India, 90013-026. Access restriction: Restricted - Possibly.",https://catalog.archives.gov/id/470761103,https://s3.amazonaws.com/NARAprodstorage/lz/presidential-libraries/bush/gb-nsc/H-Files/NSC-DC_Mtgs_312294079/41-bpr-nsc-hfiles-dc_mtgs-113-90013-026.pdf
Confirmed record,nsc-source-470761116,2.013,Critical,114,Resolve access,Defer or cite only,Pakistan,1990-05-07,"NSC/DC 124 - May 07, 1990 - NSC/DC Meeting re: Pakistan Stingers, Keywords: Pakistan (File located @ LM)",Restricted - Possibly,42 pages,470761116; 90014-013,"Can the item be selected, or should it remain deferred/cite-only because of access status?","Confirm whether the item can be selected, needs access review, or should be cited only as withheld/restricted context.","Confirmed access-status decision: Confirm whether the item can be selected, needs access review, or should be cited only as withheld/restricted context.; High boundary #36: Does the PDF represent one selectable document, a folder-level bundle, or cite-only restricted context?; Access/source-note wording decision: Resolve whether the restricted item is selectable, cite-only, or deferred, then keep access language concise in the Source Note and full restriction details in provenance.; Access/declassification decision: The record is restricted or possibly restricted; selection depends on access status or a cite-only/withheld rationale.",compiler-decision-log.csv; compiler-selection-board.md; compiler-access-review.md; compiler-page-boundary-queue.md; compiler-source-note-finalization.md,"Source: George H.W. Bush Library, National Security Council, H-Files, NSC/DC Meetings Files, NSC/DC 124 - May 07, 1990 - NSC/DC Meeting re: Pakistan Stingers, Keywords: Pakistan (File located @ LM), 90014-013. Access restriction: Restricted - Possibly.",https://catalog.archives.gov/id/470761116,https://s3.amazonaws.com/NARAprodstorage/lz/presidential-libraries/bush/gb-nsc/H-Files/NSC-DC_Mtgs_312294079/41-bpr-nsc-hfiles-dc_mtgs-124-90014-013.pdf
Confirmed record,nsc-source-470761140,2.014,Critical,114,Resolve access,Defer or cite only,Pakistan,1990-06-28,"NSC/DC 147 - June 28, 1990 - NSC/DC Meeting on Pakistan's Nuclear Program, Keywords: Pakistan, Nuclear Matters",Restricted - Possibly,24 pages,470761140; 90015-005,"Can the item be selected, or should it remain deferred/cite-only because of access status?","Confirm whether the item can be selected, needs access review, or should be cited only as withheld/restricted context.","Confirmed access-status decision: Confirm whether the item can be selected, needs access review, or should be cited only as withheld/restricted context.; High boundary #37: Does the PDF represent one selectable document, a folder-level bundle, or cite-only restricted context?; Access/source-note wording decision: Resolve whether the restricted item is selectable, cite-only, or deferred, then keep access language concise in the Source Note and full restriction details in provenance.; Access/declassification decision: The record is restricted or possibly restricted; selection depends on access status or a cite-only/withheld rationale.",compiler-decision-log.csv; compiler-selection-board.md; compiler-access-review.md; compiler-page-boundary-queue.md; compiler-source-note-finalization.md,"Source: George H.W. Bush Library, National Security Council, H-Files, NSC/DC Meetings Files, NSC/DC 147 - June 28, 1990 - NSC/DC Meeting on Pakistan's Nuclear Program, Keywords: Pakistan, Nuclear Matters, 90015-005. Access restriction: Restricted - Possibly.",https://catalog.archives.gov/id/470761140,https://s3.amazonaws.com/NARAprodstorage/lz/presidential-libraries/bush/gb-nsc/H-Files/NSC-DC_Mtgs_312294079/41-bpr-nsc-hfiles-dc_mtgs-147-90015-005.pdf
Confirmed record,470426229-nsc-dc-deputies-committee-meeting-june-30-1990-re-pakistan,2.015,Critical,114,Resolve access,Defer or cite only,Pakistan,1990-06-30,"NSC/DC [Deputies Committee] Meeting - June 30, 1990 Re: Pakistan",Restricted - Possibly,14 pages,470426229; CF01625-018,"Can the item be selected, or should it remain deferred/cite-only because of access status?","Confirm whether the item can be selected, needs access review, or should be cited only as withheld/restricted context.","Confirmed access-status decision: Confirm whether the item can be selected, needs access review, or should be cited only as withheld/restricted context.; High boundary #50: Does the PDF represent one selectable document, a folder-level bundle, or cite-only restricted context?; Access/source-note wording decision: Resolve whether the restricted item is selectable, cite-only, or deferred, then keep access language concise in the Source Note and full restriction details in provenance.; Access/declassification decision: The record is restricted or possibly restricted; selection depends on access status or a cite-only/withheld rationale.",compiler-decision-log.csv; compiler-selection-board.md; compiler-access-review.md; compiler-page-boundary-queue.md; compiler-source-note-finalization.md,"Source: George H.W. Bush Library, National Security Council, Richard N. Haass' Meeting Files, NSC/DC [Deputies Committee] Meeting - June 30, 1990 Re: Pakistan, CF01625-018. Access restriction: Restricted - Possibly.",https://catalog.archives.gov/id/470426229,https://s3.dualstack.us-east-1.amazonaws.com/NARAprodstorage/lz/presidential-libraries/bush/gb-nsc/haass/meeting_2554866/41-bpr-nsc-haass_meeting-cf01625-018.pdf
Confirmed record,nsc-source-470761146,2.016,Critical,114,Resolve access,Defer or cite only,Pakistan,1990-07-09,"NSC/DC 154 - July 09, 1990 - NSC/DC Meeting on Pakistan Nuclear Program, Keywords: Pakistan, Nuclear Matters",Restricted - Possibly,10 pages,470761146; 90015-012,"Can the item be selected, or should it remain deferred/cite-only because of access status?","Confirm whether the item can be selected, needs access review, or should be cited only as withheld/restricted context.","Confirmed access-status decision: Confirm whether the item can be selected, needs access review, or should be cited only as withheld/restricted context.; High boundary #51: Does the PDF represent one selectable document, a folder-level bundle, or cite-only restricted context?; Access/source-note wording decision: Resolve whether the restricted item is selectable, cite-only, or deferred, then keep access language concise in the Source Note and full restriction details in provenance.; Access/declassification decision: The record is restricted or possibly restricted; selection depends on access status or a cite-only/withheld rationale.",compiler-decision-log.csv; compiler-selection-board.md; compiler-access-review.md; compiler-page-boundary-queue.md; compiler-source-note-finalization.md,"Source: George H.W. Bush Library, National Security Council, H-Files, NSC/DC Meetings Files, NSC/DC 154 - July 09, 1990 - NSC/DC Meeting on Pakistan Nuclear Program, Keywords: Pakistan, Nuclear Matters, 90015-012. Access restriction: Restricted - Possibly.",https://catalog.archives.gov/id/470761146,https://s3.amazonaws.com/NARAprodstorage/lz/presidential-libraries/bush/gb-nsc/H-Files/NSC-DC_Mtgs_312294079/41-bpr-nsc-hfiles-dc_mtgs-154-90015-012.pdf
Confirmed record,nsc-source-470761184,2.018,Critical,114,Resolve access,Defer or cite only,Pakistan,1990-08-31,"NSC/DC 190 - August 31, 1990 - NSC/DC Meeting on Pakistan Nuclear Program, Keywords: Pakistan, Nuclear Matters",Restricted - Possibly,37 pages,470761184; 90016-018,"Can the item be selected, or should it remain deferred/cite-only because of access status?","Confirm whether the item can be selected, needs access review, or should be cited only as withheld/restricted context.","Confirmed access-status decision: Confirm whether the item can be selected, needs access review, or should be cited only as withheld/restricted context.; High boundary #38: Does the PDF represent one selectable document, a folder-level bundle, or cite-only restricted context?; Access/source-note wording decision: Resolve whether the restricted item is selectable, cite-only, or deferred, then keep access language concise in the Source Note and full restriction details in provenance.; Access/declassification decision: The record is restricted or possibly restricted; selection depends on access status or a cite-only/withheld rationale.",compiler-decision-log.csv; compiler-selection-board.md; compiler-access-review.md; compiler-page-boundary-queue.md; compiler-source-note-finalization.md,"Source: George H.W. Bush Library, National Security Council, H-Files, NSC/DC Meetings Files, NSC/DC 190 - August 31, 1990 - NSC/DC Meeting on Pakistan Nuclear Program, Keywords: Pakistan, Nuclear Matters, 90016-018. Access restriction: Restricted - Possibly.",https://catalog.archives.gov/id/470761184,https://s3.amazonaws.com/NARAprodstorage/lz/presidential-libraries/bush/gb-nsc/H-Files/NSC-DC_Mtgs_312294079/41-bpr-nsc-hfiles-dc_mtgs-190-90016-018.pdf
Confirmed record,nsc-source-470761189,2.019,Critical,114,Resolve access,Defer or cite only,Pakistan,1990-09-05,"NSC/DC 193A - September 05, 1990 - NSC/DC Meeting on Pakistan, Keywords: Pakistan, Nuclear Matters",Restricted - Possibly,11 pages,470761189; 90016-023,"Can the item be selected, or should it remain deferred/cite-only because of access status?","Confirm whether the item can be selected, needs access review, or should be cited only as withheld/restricted context.","Confirmed access-status decision: Confirm whether the item can be selected, needs access review, or should be cited only as withheld/restricted context.; High boundary #52: Does the PDF represent one selectable document, a folder-level bundle, or cite-only restricted context?; Access/source-note wording decision: Resolve whether the restricted item is selectable, cite-only, or deferred, then keep access language concise in the Source Note and full restriction details in provenance.; Access/declassification decision: The record is restricted or possibly restricted; selection depends on access status or a cite-only/withheld rationale.",compiler-decision-log.csv; compiler-selection-board.md; compiler-access-review.md; compiler-page-boundary-queue.md; compiler-source-note-finalization.md,"Source: George H.W. Bush Library, National Security Council, H-Files, NSC/DC Meetings Files, NSC/DC 193A - September 05, 1990 - NSC/DC Meeting on Pakistan, Keywords: Pakistan, Nuclear Matters, 90016-023. Access restriction: Restricted - Possibly.",https://catalog.archives.gov/id/470761189,https://s3.amazonaws.com/NARAprodstorage/lz/presidential-libraries/bush/gb-nsc/H-Files/NSC-DC_Mtgs_312294079/41-bpr-nsc-hfiles-dc_mtgs-193a-90016-023.pdf
Confirmed record,nsc-source-470761204,2.020,Critical,114,Resolve access,Defer or cite only,Pakistan,1990-10-02,"NSC/DC 205 - October 02, 1990 - NSC/DC Meeting on Pakistan Nuclear Program via SVTS, Keywords: Pakistan, Nuclear Matters",Restricted - Possibly,24 pages,470761204; 90016-038,"Can the item be selected, or should it remain deferred/cite-only because of access status?","Confirm whether the item can be selected, needs access review, or should be cited only as withheld/restricted context.","Confirmed access-status decision: Confirm whether the item can be selected, needs access review, or should be cited only as withheld/restricted context.; High boundary #39: Does the PDF represent one selectable document, a folder-level bundle, or cite-only restricted context?; Access/source-note wording decision: Resolve whether the restricted item is selectable, cite-only, or deferred, then keep access language concise in the Source Note and full restriction details in provenance.; Access/declassification decision: The record is restricted or possibly restricted; selection depends on access status or a cite-only/withheld rationale.",compiler-decision-log.csv; compiler-selection-board.md; compiler-access-review.md; compiler-page-boundary-queue.md; compiler-source-note-finalization.md,"Source: George H.W. Bush Library, National Security Council, H-Files, NSC/DC Meetings Files, NSC/DC 205 - October 02, 1990 - NSC/DC Meeting on Pakistan Nuclear Program via SVTS, Keywords: Pakistan, Nuclear Matters, 90016-038. Access restriction: Restricted - Possibly.",https://catalog.archives.gov/id/470761204,https://s3.amazonaws.com/NARAprodstorage/lz/presidential-libraries/bush/gb-nsc/H-Files/NSC-DC_Mtgs_312294079/41-bpr-nsc-hfiles-dc_mtgs-205-90016-038.pdf
Confirmed record,470426235-dc-deputies-committee-meeting-october-4-1990-re-afghanistan,1.016,Critical,114,Resolve access,Defer or cite only,Afghanistan,1990-10-04,"DC [Deputies Committee] Meeting - October 4, 1990 re: Afghanistan",Restricted - Possibly,10 pages,470426235; CF01625-024,"Can the item be selected, or should it remain deferred/cite-only because of access status?","Confirm whether the item can be selected, needs access review, or should be cited only as withheld/restricted context.","Confirmed access-status decision: Confirm whether the item can be selected, needs access review, or should be cited only as withheld/restricted context.; High boundary #53: Does the PDF represent one selectable document, a folder-level bundle, or cite-only restricted context?; Access/source-note wording decision: Resolve whether the restricted item is selectable, cite-only, or deferred, then keep access language concise in the Source Note and full restriction details in provenance.; Access/declassification decision: The record is restricted or possibly restricted; selection depends on access status or a cite-only/withheld rationale.",compiler-decision-log.csv; compiler-selection-board.md; compiler-access-review.md; compiler-page-boundary-queue.md; compiler-source-note-finalization.md,"Source: George H.W. Bush Library, National Security Council, Richard N. Haass' Meeting Files, DC [Deputies Committee] Meeting - October 4, 1990 re: Afghanistan, CF01625-024. Access restriction: Restricted - Possibly.",https://catalog.archives.gov/id/470426235,https://s3.dualstack.us-east-1.amazonaws.com/NARAprodstorage/lz/presidential-libraries/bush/gb-nsc/haass/meeting_2554866/41-bpr-nsc-haass_meeting-cf01625-024.pdf
Confirmed record,nsc-source-470761206,1.017,Critical,114,Resolve access,Defer or cite only,Afghanistan,1990-10-05,"NSC/DC 207 - October 05, 1990 - NSC/DC Meeting on Afghanistan, Keywords: Afghanistan",Restricted - Possibly,26 pages,470761206; 90016-040,"Can the item be selected, or should it remain deferred/cite-only because of access status?","Confirm whether the item can be selected, needs access review, or should be cited only as withheld/restricted context.","Confirmed access-status decision: Confirm whether the item can be selected, needs access review, or should be cited only as withheld/restricted context.; High boundary #40: Does the PDF represent one selectable document, a folder-level bundle, or cite-only restricted context?; Access/source-note wording decision: Resolve whether the restricted item is selectable, cite-only, or deferred, then keep access language concise in the Source Note and full restriction details in provenance.; Access/declassification decision: The record is restricted or possibly restricted; selection depends on access status or a cite-only/withheld rationale.",compiler-decision-log.csv; compiler-selection-board.md; compiler-access-review.md; compiler-page-boundary-queue.md; compiler-source-note-finalization.md,"Source: George H.W. Bush Library, National Security Council, H-Files, NSC/DC Meetings Files, NSC/DC 207 - October 05, 1990 - NSC/DC Meeting on Afghanistan, Keywords: Afghanistan, 90016-040. Access restriction: Restricted - Possibly.",https://catalog.archives.gov/id/470761206,https://s3.amazonaws.com/NARAprodstorage/lz/presidential-libraries/bush/gb-nsc/H-Files/NSC-DC_Mtgs_312294079/41-bpr-nsc-hfiles-dc_mtgs-207-90016-040.pdf
Confirmed record,nsc-source-470761207,2.022,Critical,114,Resolve access,Defer or cite only,Pakistan,1990-10-05,"NSC/DC 208 - October 05, 1990 - NSC/DC Meeting on Pakistan via SVTS, Keywords: Pakistan",Restricted - Possibly,11 pages,470761207; 90017-001,"Can the item be selected, or should it remain deferred/cite-only because of access status?","Confirm whether the item can be selected, needs access review, or should be cited only as withheld/restricted context.","Confirmed access-status decision: Confirm whether the item can be selected, needs access review, or should be cited only as withheld/restricted context.; High boundary #54: Does the PDF represent one selectable document, a folder-level bundle, or cite-only restricted context?; Access/source-note wording decision: Resolve whether the restricted item is selectable, cite-only, or deferred, then keep access language concise in the Source Note and full restriction details in provenance.; Access/declassification decision: The record is restricted or possibly restricted; selection depends on access status or a cite-only/withheld rationale.",compiler-decision-log.csv; compiler-selection-board.md; compiler-access-review.md; compiler-page-boundary-queue.md; compiler-source-note-finalization.md,"Source: George H.W. Bush Library, National Security Council, H-Files, NSC/DC Meetings Files, NSC/DC 208 - October 05, 1990 - NSC/DC Meeting on Pakistan via SVTS, Keywords: Pakistan, 90017-001. Access restriction: Restricted - Possibly.",https://catalog.archives.gov/id/470761207,https://s3.amazonaws.com/NARAprodstorage/lz/presidential-libraries/bush/gb-nsc/H-Files/NSC-DC_Mtgs_312294079/41-bpr-nsc-hfiles-dc_mtgs-208-90017-001.pdf
Confirmed record,nsc-source-470760963,2.024,Critical,114,Resolve access,Defer or cite only,Pakistan,1990-10-09,"NSC0056 - October 09, 1990 - Nuclear Matters, Middle East and Gulf, Proliferation [1]",Restricted - Possibly,42 pages,470760963; 90002-025,"Can the item be selected, or should it remain deferred/cite-only because of access status?","Confirm whether the item can be selected, needs access review, or should be cited only as withheld/restricted context.","Confirmed access-status decision: Confirm whether the item can be selected, needs access review, or should be cited only as withheld/restricted context.; High boundary #41: Does the PDF represent one selectable document, a folder-level bundle, or cite-only restricted context?; Access/source-note wording decision: Resolve whether the restricted item is selectable, cite-only, or deferred, then keep access language concise in the Source Note and full restriction details in provenance.; Access/declassification decision: The record is restricted or possibly restricted; selection depends on access status or a cite-only/withheld rationale.",compiler-decision-log.csv; compiler-selection-board.md; compiler-access-review.md; compiler-page-boundary-queue.md; compiler-source-note-finalization.md,"Source: George H.W. Bush Library, National Security Council, H-Files, NSC Meetings Files, NSC0056 - October 09, 1990 - Nuclear Matters, Middle East and Gulf, Proliferation [1], 90002-025. Access restriction: Restricted - Possibly.",https://catalog.archives.gov/id/470760963,https://s3.amazonaws.com/NARAprodstorage/lz/presidential-libraries/bush/gb-nsc/H-Files/NSC_Mtgs_312293887/41-bpr-nsc-hfiles-nsc_mtgs-56_1-90002-025.pdf
Confirmed record,nsc-source-470760964,2.025,Critical,114,Resolve access,Defer or cite only,Pakistan,1990-10-09,"NSC0056 - October 09, 1990 - Nuclear Matters, Middle East and Gulf, Proliferation [2]",Restricted - Possibly,42 pages,470760964; 90002-026,"Can the item be selected, or should it remain deferred/cite-only because of access status?","Confirm whether the item can be selected, needs access review, or should be cited only as withheld/restricted context.","Confirmed access-status decision: Confirm whether the item can be selected, needs access review, or should be cited only as withheld/restricted context.; High boundary #42: Does the PDF represent one selectable document, a folder-level bundle, or cite-only restricted context?; Access/source-note wording decision: Resolve whether the restricted item is selectable, cite-only, or deferred, then keep access language concise in the Source Note and full restriction details in provenance.; Access/declassification decision: The record is restricted or possibly restricted; selection depends on access status or a cite-only/withheld rationale.",compiler-decision-log.csv; compiler-selection-board.md; compiler-access-review.md; compiler-page-boundary-queue.md; compiler-source-note-finalization.md,"Source: George H.W. Bush Library, National Security Council, H-Files, NSC Meetings Files, NSC0056 - October 09, 1990 - Nuclear Matters, Middle East and Gulf, Proliferation [2], 90002-026. Access restriction: Restricted - Possibly.",https://catalog.archives.gov/id/470760964,https://s3.amazonaws.com/NARAprodstorage/lz/presidential-libraries/bush/gb-nsc/H-Files/NSC_Mtgs_312293887/41-bpr-nsc-hfiles-nsc_mtgs-56_2-90002-026.pdf
Confirmed record,nsc-source-470761272,1.018,Critical,114,Resolve access,Defer or cite only,Afghanistan,1991-03-05,"NSC/DC 260 - March 05, 1991 - NSC/DC Meeting on Afghanistan, Keywords: Afghanistan (File located @ LM)",Restricted - Possibly,9 pages,470761272; 90019-003,"Can the item be selected, or should it remain deferred/cite-only because of access status?","Confirm whether the item can be selected, needs access review, or should be cited only as withheld/restricted context.","Confirmed access-status decision: Confirm whether the item can be selected, needs access review, or should be cited only as withheld/restricted context.; High boundary #55: Does the PDF represent one selectable document, a folder-level bundle, or cite-only restricted context?; Access/source-note wording decision: Resolve whether the restricted item is selectable, cite-only, or deferred, then keep access language concise in the Source Note and full restriction details in provenance.; Access/declassification decision: The record is restricted or possibly restricted; selection depends on access status or a cite-only/withheld rationale.",compiler-decision-log.csv; compiler-selection-board.md; compiler-access-review.md; compiler-page-boundary-queue.md; compiler-source-note-finalization.md,"Source: George H.W. Bush Library, National Security Council, H-Files, NSC/DC Meetings Files, NSC/DC 260 - March 05, 1991 - NSC/DC Meeting on Afghanistan, Keywords: Afghanistan (File located @ LM), 90019-003. Access restriction: Restricted - Possibly.",https://catalog.archives.gov/id/470761272,https://s3.amazonaws.com/NARAprodstorage/lz/presidential-libraries/bush/gb-nsc/H-Files/NSC-DC_Mtgs_312294079/41-bpr-nsc-hfiles-dc_mtgs-260-90019-003.pdf
Confirmed record,nsc-source-470761289,1.019,Critical,114,Resolve access,Defer or cite only,Afghanistan,1991-04-12,"NSC/DC 271 - April 12, 1991 - NSC/DC Meeting on Afghanistan, Keywords: Afghanistan (File located @ LM)",Restricted - Possibly,7 pages,470761289; 90019-020,"Can the item be selected, or should it remain deferred/cite-only because of access status?","Confirm whether the item can be selected, needs access review, or should be cited only as withheld/restricted context.","Confirmed access-status decision: Confirm whether the item can be selected, needs access review, or should be cited only as withheld/restricted context.; High boundary #56: Does the PDF represent one selectable document, a folder-level bundle, or cite-only restricted context?; Access/source-note wording decision: Resolve whether the restricted item is selectable, cite-only, or deferred, then keep access language concise in the Source Note and full restriction details in provenance.; Access/declassification decision: The record is restricted or possibly restricted; selection depends on access status or a cite-only/withheld rationale.",compiler-decision-log.csv; compiler-selection-board.md; compiler-access-review.md; compiler-page-boundary-queue.md; compiler-source-note-finalization.md,"Source: George H.W. Bush Library, National Security Council, H-Files, NSC/DC Meetings Files, NSC/DC 271 - April 12, 1991 - NSC/DC Meeting on Afghanistan, Keywords: Afghanistan (File located @ LM), 90019-020. Access restriction: Restricted - Possibly.",https://catalog.archives.gov/id/470761289,https://s3.amazonaws.com/NARAprodstorage/lz/presidential-libraries/bush/gb-nsc/H-Files/NSC-DC_Mtgs_312294079/41-bpr-nsc-hfiles-dc_mtgs-271-90019-020.pdf
Confirmed record,nsc-source-470761301,1.020,Critical,114,Resolve access,Defer or cite only,Afghanistan,1991-05-17,"NSC/DC 282 - May 17, 1991 - NSC/DC Meeting on Angola and Afghanistan, Keywords: Angola, Afghanistan (File located @ NLMS)",Restricted - Possibly,1 page,470761301; 90020-001,"Can the item be selected, or should it remain deferred/cite-only because of access status?","Confirm whether the item can be selected, needs access review, or should be cited only as withheld/restricted context.","Confirmed access-status decision: Confirm whether the item can be selected, needs access review, or should be cited only as withheld/restricted context.; High boundary #57: Does the PDF represent one selectable document, a folder-level bundle, or cite-only restricted context?; Access/source-note wording decision: Resolve whether the restricted item is selectable, cite-only, or deferred, then keep access language concise in the Source Note and full restriction details in provenance.; Access/declassification decision: The record is restricted or possibly restricted; selection depends on access status or a cite-only/withheld rationale.",compiler-decision-log.csv; compiler-selection-board.md; compiler-access-review.md; compiler-page-boundary-queue.md; compiler-source-note-finalization.md,"Source: George H.W. Bush Library, National Security Council, H-Files, NSC/DC Meetings Files, NSC/DC 282 - May 17, 1991 - NSC/DC Meeting on Angola and Afghanistan, Keywords: Angola, Afghanistan (File located @ NLMS), 90020-001. Access restriction: Restricted - Possibly.",https://catalog.archives.gov/id/470761301,https://s3.amazonaws.com/NARAprodstorage/lz/presidential-libraries/bush/gb-nsc/H-Files/NSC-DC_Mtgs_312294079/41-bpr-nsc-hfiles-dc_mtgs-282-90020-001.pdf
Confirmed record,nsc-source-470761354,1.021,Critical,114,Resolve access,Defer or cite only,Afghanistan,1992-01-03,"NSC/DC 331 - January 03, 1992 - NSC/DC Meeting re: Afghanistan, Keywords: Afghanistan",Restricted - Possibly,58 pages,470761354; 90021-019,"Can the item be selected, or should it remain deferred/cite-only because of access status?","Confirm whether the item can be selected, needs access review, or should be cited only as withheld/restricted context.","Confirmed access-status decision: Confirm whether the item can be selected, needs access review, or should be cited only as withheld/restricted context.; High boundary #43: Does the PDF represent one selectable document, a folder-level bundle, or cite-only restricted context?; Access/source-note wording decision: Resolve whether the restricted item is selectable, cite-only, or deferred, then keep access language concise in the Source Note and full restriction details in provenance.; Access/declassification decision: The record is restricted or possibly restricted; selection depends on access status or a cite-only/withheld rationale.",compiler-decision-log.csv; compiler-selection-board.md; compiler-access-review.md; compiler-page-boundary-queue.md; compiler-source-note-finalization.md,"Source: George H.W. Bush Library, National Security Council, H-Files, NSC/DC Meetings Files, NSC/DC 331 - January 03, 1992 - NSC/DC Meeting re: Afghanistan, Keywords: Afghanistan, 90021-019. Access restriction: Restricted - Possibly.",https://catalog.archives.gov/id/470761354,https://s3.amazonaws.com/NARAprodstorage/lz/presidential-libraries/bush/gb-nsc/H-Files/NSC-DC_Mtgs_312294079/41-bpr-nsc-hfiles-dc_mtgs-331-90021-019.pdf
Confirmed record,nsc-source-446396904,2.028,Critical,114,Resolve access,Defer or cite only,Pakistan,1992-07-10,"NSD-70 - July 10, 1992 - U.S. Nonproliferation Policy",Restricted - Possibly,101 pages,446396904; 90005-020,"Can the item be selected, or should it remain deferred/cite-only because of access status?","Confirm whether the item can be selected, needs access review, or should be cited only as withheld/restricted context.","Confirmed access-status decision: Confirm whether the item can be selected, needs access review, or should be cited only as withheld/restricted context.; High boundary #44: Does the PDF represent one selectable document, a folder-level bundle, or cite-only restricted context?; Access/source-note wording decision: Resolve whether the restricted item is selectable, cite-only, or deferred, then keep access language concise in the Source Note and full restriction details in provenance.; Access/declassification decision: The record is restricted or possibly restricted; selection depends on access status or a cite-only/withheld rationale.",compiler-decision-log.csv; compiler-selection-board.md; compiler-access-review.md; compiler-page-boundary-queue.md; compiler-source-note-finalization.md,"Source: George H.W. Bush Library, National Security Council, H-Files, NSD Files, NSD-70 - July 10, 1992 - U.S. Nonproliferation Policy, 90005-020. Access restriction: Restricted - Possibly.",https://catalog.archives.gov/id/446396904,https://s3.amazonaws.com/NARAprodstorage/lz/presidential-libraries/bush/gb-nsc/H-Files/NSDs_313189290/41-bpr-nsc-hfiles-nsd-70-90005-020.pdf
Confirmed record,bush-library-428082131,3.010,High,109,Review excisions,Defer pending excisions review,India,1992-01-31,Memorandum of Conversation,Partial,3 pages,428082131; [Memorandum of Conversations (Memcons)-January 1992-June 1992]: January 1992,"Do the released pages support selection, or should the item be deferred/cited only because of excisions?",Review excisions and decide whether the released text can support selection; record any cite-only rationale.,"Partial/excision check: Review excisions and decide whether the released text can support selection; record any cite-only rationale.; Medium boundary #76: Does the PDF represent one selectable document, a folder-level bundle, or cite-only restricted context?; Partial-release/excision wording: Inspect the released PDF for excisions, then decide whether the visible Source Note should state partial release or whether the record is cite-only/deferred.; Excisions decision: The released text is partial; check excisions before treating the document as selectable.",compiler-decision-log.csv; compiler-selection-board.md; compiler-access-review.md; compiler-page-boundary-queue.md; compiler-source-note-finalization.md,"Source: George H.W. Bush Library, National Security Council, Presidential Memcon Files, [Memorandum of Conversations (Memcons)-January 1992-June 1992]: January 1992. Partial release.",https://catalog.archives.gov/id/428082131,https://s3.us-east-1.amazonaws.com/NARAprodstorage/lz/presidential-libraries/bush/gb-nsc/321498039/1992-01-31--Rao.pdf
Confirmed record,bush-library-428082401,2.029,High,109,Review excisions,Defer pending excisions review,Pakistan,1992-12-03,Memorandum of Telephone Conversation,Partial,2 pages,428082401; [Memorandum of Telephone Conversations (Telcons) - July 1992-January 1993]:  December 1992,"Do the released pages support selection, or should the item be deferred/cited only because of excisions?",Review excisions and decide whether the released text can support selection; record any cite-only rationale.,"Partial/excision check: Review excisions and decide whether the released text can support selection; record any cite-only rationale.; Medium boundary #77: Does the PDF represent one selectable document, a folder-level bundle, or cite-only restricted context?; Partial-release/excision wording: Inspect the released PDF for excisions, then decide whether the visible Source Note should state partial release or whether the record is cite-only/deferred.; Excisions decision: The released text is partial; check excisions before treating the document as selectable.",compiler-decision-log.csv; compiler-selection-board.md; compiler-access-review.md; compiler-page-boundary-queue.md; compiler-source-note-finalization.md,"Source: George H.W. Bush Library, National Security Council, Presidential Telcon Files, [Memorandum of Telephone Conversations (Telcons) - July 1992-January 1993]: December 1992. Partial release.",https://catalog.archives.gov/id/428082401,https://s3.us-east-1.amazonaws.com/NARAprodstorage/lz/presidential-libraries/bush/gb-nsc/321498139/1992-12-03--Sharif.pdf
Confirmed record,bush-library-428082145,4.006,High,106,Fix page boundaries,Review before selection,Regional,1992-03-19,Memorandum of Conversation,Full,6 pages,428082145; [Memorandum of Conversations (Memcons)-January 1992-June 1992]: March 1992,"Does the PDF represent one selectable document, a folder-level bundle, or cite-only restricted context?","Open the PDF, verify item-level page boundaries and title, then update source note or decision log if the folder contains multiple documents. Gap cue: Prioritize Haass Working Files 470426597, Haass Meeting File 470426255, Mojaddedi 470426381, Bangladesh Zia 428082145, and Pakistan nuclear meeting files 470426231, 470426238, and 470426240.","Critical boundary #11: Does the PDF represent one selectable document, a folder-level bundle, or cite-only restricted context?; Citation sheet/title-page verification: Open the linked PDF and Catalog item, then confirm title, date, file unit, series, local identifier or source pages, and release language against the citation sheet or title page.; Page-boundary/source-note decision: The document is available, but source title, source note, or page-boundary evidence still needs compiler review.",compiler-decision-log.csv; compiler-selection-board.md; compiler-page-boundary-queue.md; compiler-source-note-finalization.md,"Source: George H.W. Bush Library, National Security Council, Presidential Memcon Files, [Memorandum of Conversations (Memcons)-January 1992-June 1992]: March 1992. Full release.",https://catalog.archives.gov/id/428082145,https://s3.us-east-1.amazonaws.com/NARAprodstorage/lz/presidential-libraries/bush/gb-nsc/321498039/1992-03-19--Zia.pdf
Compiler gap,gap-source-note-quality,,High,105,Close gap,Resolve research task,Metadata Quality,,"Audit source notes, titles, and provenance before final numbering",Open,,428080057; 428080317; 428081443; 428082145,"Do title, date, source location, page extent, access language, and provenance agree with the PDF/citation sheet or catalog item?",Spot-check Scowcroft-derived presidential conversation titles against PDF or catalog title pages.,Research task: Run a metadata audit after the page-level pass and before treating compiler numbering as final.,compiler-decision-log.csv; compiler-selection-board.md; compiler-gap-packets.md,Run a metadata audit after the page-level pass and before treating compiler numbering as final.,,
Compiler gap,gap-public-papers-curation,,High,105,Close gap,Resolve research task,Public Record,,"Curate Public Papers as locators, not automatic document candidates",Triaged,,,"Can the compiler record Select, Exclude, Defer, Cite only, or Resolved with a stable rationale and source note?",Keep broad news conferences and speeches out of the confirmed record set unless they contain document-level South Asia policy decisions.,"Research task: Classify each public item as selected text, locator for internal files, chronology-only context, or out-of-scope mention.",compiler-decision-log.csv; compiler-selection-board.md; compiler-gap-packets.md,"Classify each public item as selected text, locator for internal files, chronology-only context, or out-of-scope mention.",,
Potential lead,catalog-lead-470426597,,High,104,Fix page boundaries,Screen for promotion,Afghanistan,1989-01-01,Working Files - Afghanistan 1989-1992 [2],High-priority source review lead; Online object available,,470426597,"Which pages contain policy-bearing material, and should any part be promoted to the confirmed chronology?","Open the PDF, identify policy-bearing pages, assign page boundaries, and record promote/exclude/cite-only rationale. Gap cue: Prioritize Haass Working Files 470426597, Haass Meeting File 470426255, Mojaddedi 470426381, Bangladesh Zia 428082145, and Pakistan nuclear meeting files 470426231, 470426238, and 470426240.","Restricted lead screening: Screen the online object and promote only after access posture, page boundaries, title, and source note are stable.; Critical boundary #1: Which pages contain policy-bearing material, and should any part be promoted to the confirmed chronology?; Page-boundary citation verification: Confirm the exact selected page boundary and title before final numbering; do not rely on a folder-level title if only part of the PDF is selected.; Promotion screening: The lead is high-priority and may change chapter balance once page boundaries, title, and source note are stable.",compiler-decision-log.csv; compiler-selection-board.md; compiler-access-review.md; compiler-page-boundary-queue.md; compiler-source-note-finalization.md,"Source: George H.W. Bush Library, National Security Council, Richard N. Haass' Working Files, Working Files - Afghanistan 1989-1992 [2]. Access restriction: Restricted - Possibly.",https://catalog.archives.gov/id/470426597,https://s3.dualstack.us-east-1.amazonaws.com/NARAprodstorage/lz/presidential-libraries/bush/gb-nsc/haass/working_2554877/41-bpr-nsc-haass_working-cf01304-011.pdf
Potential lead,catalog-lead-470426255,,High,104,Fix page boundaries,Screen for promotion,Afghanistan,1989-01-20,Afghanistan - Charles,High-priority source review lead; Online object available,,470426255,"Which pages contain policy-bearing material, and should any part be promoted to the confirmed chronology?","Open the PDF, identify policy-bearing pages, assign page boundaries, and record promote/exclude/cite-only rationale. Gap cue: Prioritize Haass Working Files 470426597, Haass Meeting File 470426255, Mojaddedi 470426381, Bangladesh Zia 428082145, and Pakistan nuclear meeting files 470426231, 470426238, and 470426240.","Restricted lead screening: Screen the online object and promote only after access posture, page boundaries, title, and source note are stable.; Critical boundary #2: Which pages contain policy-bearing material, and should any part be promoted to the confirmed chronology?; Page-boundary citation verification: Confirm the exact selected page boundary and title before final numbering; do not rely on a folder-level title if only part of the PDF is selected.; Promotion screening: The lead is high-priority and may change chapter balance once page boundaries, title, and source note are stable.",compiler-decision-log.csv; compiler-selection-board.md; compiler-access-review.md; compiler-page-boundary-queue.md; compiler-source-note-finalization.md,"Source: George H.W. Bush Library, National Security Council, Richard N. Haass' Meeting Files, Afghanistan - Charles. Access restriction: Restricted - Possibly.",https://catalog.archives.gov/id/470426255,https://s3.dualstack.us-east-1.amazonaws.com/NARAprodstorage/lz/presidential-libraries/bush/gb-nsc/haass/meeting_2554866/41-bpr-nsc-haass_meeting-cf01447-013.pdf
Confirmed record,nsc-source-446394933,4.001,High,102,Resolve access,Defer or cite only,Regional,1989-02-22,"NSR-8 - February 22, 1989 - U.S. Policy Toward South Asia",Restricted - Possibly,95 pages,446394933; 90006-011,"Can the item be selected, or should it remain deferred/cite-only because of access status?","Confirm whether the item can be selected, needs access review, or should be cited only as withheld/restricted context.","Confirmed access-status decision: Confirm whether the item can be selected, needs access review, or should be cited only as withheld/restricted context.; Medium boundary #65: Does the PDF represent one selectable document, a folder-level bundle, or cite-only restricted context?; Access/source-note wording decision: Resolve whether the restricted item is selectable, cite-only, or deferred, then keep access language concise in the Source Note and full restriction details in provenance.; Access/declassification decision: The record is restricted or possibly restricted; selection depends on access status or a cite-only/withheld rationale.",compiler-decision-log.csv; compiler-selection-board.md; compiler-access-review.md; compiler-page-boundary-queue.md; compiler-source-note-finalization.md,"Source: George H.W. Bush Library, National Security Council, H-Files, NSR Files, NSR-8 - February 22, 1989 - U.S. Policy Toward South Asia, 90006-011. Access restriction: Restricted - Possibly.",https://catalog.archives.gov/id/446394933,https://s3.amazonaws.com/NARAprodstorage/lz/presidential-libraries/bush/gb-nsc/H-Files/NSRs_313189297/41-bpr-nsc-hfiles-nsr-8-90006-011.pdf
Confirmed record,nsc-source-470760991,4.002,High,102,Resolve access,Defer or cite only,Regional,1989-04-07,"NSC/DC 017 - April 07, 1989 - NSC/DC Meeting on South Asia, Keywords: South Asia",Restricted - Possibly,102 pages,470760991; 90009-017,"Can the item be selected, or should it remain deferred/cite-only because of access status?","Confirm whether the item can be selected, needs access review, or should be cited only as withheld/restricted context.","Confirmed access-status decision: Confirm whether the item can be selected, needs access review, or should be cited only as withheld/restricted context.; Medium boundary #68: Does the PDF represent one selectable document, a folder-level bundle, or cite-only restricted context?; Access/source-note wording decision: Resolve whether the restricted item is selectable, cite-only, or deferred, then keep access language concise in the Source Note and full restriction details in provenance.; Access/declassification decision: The record is restricted or possibly restricted; selection depends on access status or a cite-only/withheld rationale.",compiler-decision-log.csv; compiler-selection-board.md; compiler-access-review.md; compiler-page-boundary-queue.md; compiler-source-note-finalization.md,"Source: George H.W. Bush Library, National Security Council, H-Files, NSC/DC Meetings Files, NSC/DC 017 - April 07, 1989 - NSC/DC Meeting on South Asia, Keywords: South Asia, 90009-017. Access restriction: Restricted - Possibly.",https://catalog.archives.gov/id/470760991,https://s3.amazonaws.com/NARAprodstorage/lz/presidential-libraries/bush/gb-nsc/H-Files/NSC-DC_Mtgs_312294079/41-bpr-nsc-hfiles-dc_mtgs-17-90009-017.pdf
Confirmed record,nsc-source-446396836,4.003,High,102,Resolve access,Defer or cite only,Regional,1989-08-29,"NSD-20 - August 29, 1989 - U.S. Policy toward South Asia",Restricted - Possibly,45 pages,446396836; 90003-027,"Can the item be selected, or should it remain deferred/cite-only because of access status?","Confirm whether the item can be selected, needs access review, or should be cited only as withheld/restricted context.","Confirmed access-status decision: Confirm whether the item can be selected, needs access review, or should be cited only as withheld/restricted context.; Medium boundary #72: Does the PDF represent one selectable document, a folder-level bundle, or cite-only restricted context?; Access/source-note wording decision: Resolve whether the restricted item is selectable, cite-only, or deferred, then keep access language concise in the Source Note and full restriction details in provenance.; Access/declassification decision: The record is restricted or possibly restricted; selection depends on access status or a cite-only/withheld rationale.",compiler-decision-log.csv; compiler-selection-board.md; compiler-access-review.md; compiler-page-boundary-queue.md; compiler-source-note-finalization.md,"Source: George H.W. Bush Library, National Security Council, H-Files, NSD Files, NSD-20 - August 29, 1989 - U.S. Policy toward South Asia, 90003-027. Access restriction: Restricted - Possibly.",https://catalog.archives.gov/id/446396836,https://s3.amazonaws.com/NARAprodstorage/lz/presidential-libraries/bush/gb-nsc/H-Files/NSDs_313189290/41-bpr-nsc-hfiles-nsd-20-90003-027.pdf
Confirmed record,bush-library-428080031,2.005,High,96,Fix page boundaries,Review before selection,Pakistan,1989-06-06,Memorandum of Conversation,Full,3 pages,428080031; [Memorandum of Conversations (Memcons) - June 1989-December 1989]: June 1989,"Does the PDF represent one selectable document, a folder-level bundle, or cite-only restricted context?","Open the PDF, verify item-level page boundaries and title, then update source note or decision log if the folder contains multiple documents. Gap cue: Prioritize Gates Subject File 470437053 and Pakistan H-Files 470426231, 470426238, and 470426240.","High boundary #58: Does the PDF represent one selectable document, a folder-level bundle, or cite-only restricted context?; Citation sheet/title-page verification: Open the linked PDF and Catalog item, then confirm title, date, file unit, series, local identifier or source pages, and release language against the citation sheet or title page.; Page-boundary/source-note decision: The document is available, but source title, source note, or page-boundary evidence still needs compiler review.",compiler-decision-log.csv; compiler-selection-board.md; compiler-page-boundary-queue.md; compiler-source-note-finalization.md,"Source: George H.W. Bush Library, National Security Council, Presidential Memcon Files, [Memorandum of Conversations (Memcons) - June 1989-December 1989]: June 1989. Full release.",https://catalog.archives.gov/id/428080031,https://s3.us-east-1.amazonaws.com/NARAprodstorage/lz/presidential-libraries/bush/gb-nsc/321498039/1989-06-06--Bhutto.pdf
Potential lead,catalog-lead-645607685,,High,94,Fix page boundaries,Screen for promotion,Afghanistan,1989-01-20,Afghanistan,High-priority source review lead; Online object available,,645607685,"Which pages contain policy-bearing material, and should any part be promoted to the confirmed chronology?","Open the PDF, identify policy-bearing pages, assign page boundaries, and record promote/exclude/cite-only rationale. Gap cue: Review Afghanistan files 645607685, 645607321, and 645607323.","Unrestricted lead screening: Screen the online object and promote only after access posture, page boundaries, title, and source note are stable.; High boundary #12: Which pages contain policy-bearing material, and should any part be promoted to the confirmed chronology?; Page-boundary citation verification: Confirm the exact selected page boundary and title before final numbering; do not rely on a folder-level title if only part of the PDF is selected.; Promotion screening: The lead is high-priority and may change chapter balance once page boundaries, title, and source note are stable.",compiler-decision-log.csv; compiler-selection-board.md; compiler-access-review.md; compiler-page-boundary-queue.md; compiler-source-note-finalization.md,"Source: George H.W. Bush Library, Richard Cheney Collection, Country Files, Afghanistan. Unrestricted.",https://catalog.archives.gov/id/645607685,https://s3.amazonaws.com/NARAprodstorage/lz/presidential-libraries/bush/gb-rbc/country_470572294/41-bpr-dhm-cheney-country-31827-001.pdf
Potential lead,catalog-lead-645607321,,High,94,Fix page boundaries,Screen for promotion,Afghanistan,1989-01-20,Afghanistan [1],High-priority source review lead; Online object available,,645607321,"Which pages contain policy-bearing material, and should any part be promoted to the confirmed chronology?","Open the PDF, identify policy-bearing pages, assign page boundaries, and record promote/exclude/cite-only rationale. Gap cue: Review Afghanistan files 645607685, 645607321, and 645607323.","Partly restricted lead screening: Screen the online object and promote only after access posture, page boundaries, title, and source note are stable.; High boundary #13: Which pages contain policy-bearing material, and should any part be promoted to the confirmed chronology?; Page-boundary citation verification: Confirm the exact selected page boundary and title before final numbering; do not rely on a folder-level title if only part of the PDF is selected.; Promotion screening: The lead is high-priority and may change chapter balance once page boundaries, title, and source note are stable.",compiler-decision-log.csv; compiler-selection-board.md; compiler-access-review.md; compiler-page-boundary-queue.md; compiler-source-note-finalization.md,"Source: George H.W. Bush Library, Richard Cheney Collection, Country Files, Afghanistan [1]. Access restriction: Restricted - Partly.",https://catalog.archives.gov/id/645607321,https://s3.amazonaws.com/NARAprodstorage/lz/presidential-libraries/bush/gb-rbc/country_470572294/41-bpr-dhm-cheney-country-31812-001.pdf
Potential lead,catalog-lead-645607323,,High,94,Fix page boundaries,Screen for promotion,Afghanistan,1989-01-20,Afghanistan [2],High-priority source review lead; Online object available,,645607323,"Which pages contain policy-bearing material, and should any part be promoted to the confirmed chronology?","Open the PDF, identify policy-bearing pages, assign page boundaries, and record promote/exclude/cite-only rationale. Gap cue: Review Afghanistan files 645607685, 645607321, and 645607323.","Partly restricted lead screening: Screen the online object and promote only after access posture, page boundaries, title, and source note are stable.; High boundary #14: Which pages contain policy-bearing material, and should any part be promoted to the confirmed chronology?; Page-boundary citation verification: Confirm the exact selected page boundary and title before final numbering; do not rely on a folder-level title if only part of the PDF is selected.; Promotion screening: The lead is high-priority and may change chapter balance once page boundaries, title, and source note are stable.",compiler-decision-log.csv; compiler-selection-board.md; compiler-access-review.md; compiler-page-boundary-queue.md; compiler-source-note-finalization.md,"Source: George H.W. Bush Library, Richard Cheney Collection, Country Files, Afghanistan [2]. Access restriction: Restricted - Partly.",https://catalog.archives.gov/id/645607323,https://s3.amazonaws.com/NARAprodstorage/lz/presidential-libraries/bush/gb-rbc/country_470572294/41-bpr-dhm-cheney-country-31812-002.pdf
Potential lead,catalog-lead-645607415,,High,94,Fix page boundaries,Screen for promotion,India,1989-01-20,India,High-priority source review lead; Online object available,,645607415,"Which pages contain policy-bearing material, and should any part be promoted to the confirmed chronology?","Open the PDF, identify policy-bearing pages, assign page boundaries, and record promote/exclude/cite-only rationale. Gap cue: Search India with Rao, Venkataraman, Gandhi, Shankar, Kashmir, nuclear, nonproliferation, economic reform, trade, and defense terms.","Partly restricted lead screening: Screen the online object and promote only after access posture, page boundaries, title, and source note are stable.; High boundary #15: Which pages contain policy-bearing material, and should any part be promoted to the confirmed chronology?; Page-boundary citation verification: Confirm the exact selected page boundary and title before final numbering; do not rely on a folder-level title if only part of the PDF is selected.; Promotion screening: The lead is high-priority and may change chapter balance once page boundaries, title, and source note are stable.",compiler-decision-log.csv; compiler-selection-board.md; compiler-access-review.md; compiler-page-boundary-queue.md; compiler-source-note-finalization.md,"Source: George H.W. Bush Library, Richard Cheney Collection, Country Files, India. Access restriction: Restricted - Partly.",https://catalog.archives.gov/id/645607415,https://s3.amazonaws.com/NARAprodstorage/lz/presidential-libraries/bush/gb-rbc/country_470572294/41-bpr-dhm-cheney-country-31815-004.pdf
Potential lead,catalog-lead-645608141,,High,94,Fix page boundaries,Screen for promotion,India,1989-01-20,India [1],High-priority source review lead; Online object available,,645608141,"Which pages contain policy-bearing material, and should any part be promoted to the confirmed chronology?","Open the PDF, identify policy-bearing pages, assign page boundaries, and record promote/exclude/cite-only rationale. Gap cue: Search India with Rao, Venkataraman, Gandhi, Shankar, Kashmir, nuclear, nonproliferation, economic reform, trade, and defense terms.","Partly restricted lead screening: Screen the online object and promote only after access posture, page boundaries, title, and source note are stable.; High boundary #16: Which pages contain policy-bearing material, and should any part be promoted to the confirmed chronology?; Page-boundary citation verification: Confirm the exact selected page boundary and title before final numbering; do not rely on a folder-level title if only part of the PDF is selected.; Promotion screening: The lead is high-priority and may change chapter balance once page boundaries, title, and source note are stable.",compiler-decision-log.csv; compiler-selection-board.md; compiler-access-review.md; compiler-page-boundary-queue.md; compiler-source-note-finalization.md,"Source: George H.W. Bush Library, Richard Cheney Collection, Country Files, India [1]. Access restriction: Restricted - Partly.",https://catalog.archives.gov/id/645608141,https://s3.amazonaws.com/NARAprodstorage/lz/presidential-libraries/bush/gb-rbc/country_470572294/41-bpr-dhm-cheney-country-31847-001.pdf
Potential lead,catalog-lead-645607135,,High,94,Fix page boundaries,Screen for promotion,India,1989-01-20,India [1],High-priority source review lead; Online object available,,645607135,"Which pages contain policy-bearing material, and should any part be promoted to the confirmed chronology?","Open the PDF, identify policy-bearing pages, assign page boundaries, and record promote/exclude/cite-only rationale. Gap cue: Search India with Rao, Venkataraman, Gandhi, Shankar, Kashmir, nuclear, nonproliferation, economic reform, trade, and defense terms.","Partly restricted lead screening: Screen the online object and promote only after access posture, page boundaries, title, and source note are stable.; High boundary #16: Which pages contain policy-bearing material, and should any part be promoted to the confirmed chronology?; Page-boundary citation verification: Confirm the exact selected page boundary and title before final numbering; do not rely on a folder-level title if only part of the PDF is selected.; Promotion screening: The lead is high-priority and may change chapter balance once page boundaries, title, and source note are stable.",compiler-decision-log.csv; compiler-selection-board.md; compiler-access-review.md; compiler-page-boundary-queue.md; compiler-source-note-finalization.md,"Source: George H.W. Bush Library, Richard Cheney Collection, Country Files, India [1]. Access restriction: Restricted - Partly.",https://catalog.archives.gov/id/645607135,https://s3.amazonaws.com/NARAprodstorage/lz/presidential-libraries/bush/gb-rbc/country_470572294/41-bpr-dhm-cheney-country-31802-007.pdf
Potential lead,catalog-lead-645608143,,High,94,Fix page boundaries,Screen for promotion,India,1989-01-20,India [2],High-priority source review lead; Online object available,,645608143,"Which pages contain policy-bearing material, and should any part be promoted to the confirmed chronology?","Open the PDF, identify policy-bearing pages, assign page boundaries, and record promote/exclude/cite-only rationale. Gap cue: Search India with Rao, Venkataraman, Gandhi, Shankar, Kashmir, nuclear, nonproliferation, economic reform, trade, and defense terms.","Partly restricted lead screening: Screen the online object and promote only after access posture, page boundaries, title, and source note are stable.; High boundary #18: Which pages contain policy-bearing material, and should any part be promoted to the confirmed chronology?; Page-boundary citation verification: Confirm the exact selected page boundary and title before final numbering; do not rely on a folder-level title if only part of the PDF is selected.; Promotion screening: The lead is high-priority and may change chapter balance once page boundaries, title, and source note are stable.",compiler-decision-log.csv; compiler-selection-board.md; compiler-access-review.md; compiler-page-boundary-queue.md; compiler-source-note-finalization.md,"Source: George H.W. Bush Library, Richard Cheney Collection, Country Files, India [2]. Access restriction: Restricted - Partly.",https://catalog.archives.gov/id/645608143,https://s3.amazonaws.com/NARAprodstorage/lz/presidential-libraries/bush/gb-rbc/country_470572294/41-bpr-dhm-cheney-country-31847-002.pdf
Potential lead,catalog-lead-645607137,,High,94,Fix page boundaries,Screen for promotion,India,1989-01-20,India [2],High-priority source review lead; Online object available,,645607137,"Which pages contain policy-bearing material, and should any part be promoted to the confirmed chronology?","Open the PDF, identify policy-bearing pages, assign page boundaries, and record promote/exclude/cite-only rationale. Gap cue: Search India with Rao, Venkataraman, Gandhi, Shankar, Kashmir, nuclear, nonproliferation, economic reform, trade, and defense terms.","Partly restricted lead screening: Screen the online object and promote only after access posture, page boundaries, title, and source note are stable.; High boundary #18: Which pages contain policy-bearing material, and should any part be promoted to the confirmed chronology?; Page-boundary citation verification: Confirm the exact selected page boundary and title before final numbering; do not rely on a folder-level title if only part of the PDF is selected.; Promotion screening: The lead is high-priority and may change chapter balance once page boundaries, title, and source note are stable.",compiler-decision-log.csv; compiler-selection-board.md; compiler-access-review.md; compiler-page-boundary-queue.md; compiler-source-note-finalization.md,"Source: George H.W. Bush Library, Richard Cheney Collection, Country Files, India [2]. Access restriction: Restricted - Partly.",https://catalog.archives.gov/id/645607137,https://s3.amazonaws.com/NARAprodstorage/lz/presidential-libraries/bush/gb-rbc/country_470572294/41-bpr-dhm-cheney-country-31802-008.pdf
Potential lead,catalog-lead-645607805,,High,94,Fix page boundaries,Screen for promotion,India,1989-01-20,India [A],High-priority source review lead; Online object available,,645607805,"Which pages contain policy-bearing material, and should any part be promoted to the confirmed chronology?","Open the PDF, identify policy-bearing pages, assign page boundaries, and record promote/exclude/cite-only rationale. Gap cue: Search India with Rao, Venkataraman, Gandhi, Shankar, Kashmir, nuclear, nonproliferation, economic reform, trade, and defense terms.","Partly restricted lead screening: Screen the online object and promote only after access posture, page boundaries, title, and source note are stable.; High boundary #20: Which pages contain policy-bearing material, and should any part be promoted to the confirmed chronology?; Page-boundary citation verification: Confirm the exact selected page boundary and title before final numbering; do not rely on a folder-level title if only part of the PDF is selected.; Promotion screening: The lead is high-priority and may change chapter balance once page boundaries, title, and source note are stable.",compiler-decision-log.csv; compiler-selection-board.md; compiler-access-review.md; compiler-page-boundary-queue.md; compiler-source-note-finalization.md,"Source: George H.W. Bush Library, Richard Cheney Collection, Country Files, India [A]. Access restriction: Restricted - Partly.",https://catalog.archives.gov/id/645607805,https://s3.amazonaws.com/NARAprodstorage/lz/presidential-libraries/bush/gb-rbc/country_470572294/41-bpr-dhm-cheney-country-31832-001.pdf
Potential lead,catalog-lead-645607807,,High,94,Fix page boundaries,Screen for promotion,India,1989-01-20,India [B],High-priority source review lead; Online object available,,645607807,"Which pages contain policy-bearing material, and should any part be promoted to the confirmed chronology?","Open the PDF, identify policy-bearing pages, assign page boundaries, and record promote/exclude/cite-only rationale. Gap cue: Search India with Rao, Venkataraman, Gandhi, Shankar, Kashmir, nuclear, nonproliferation, economic reform, trade, and defense terms.","Partly restricted lead screening: Screen the online object and promote only after access posture, page boundaries, title, and source note are stable.; High boundary #21: Which pages contain policy-bearing material, and should any part be promoted to the confirmed chronology?; Page-boundary citation verification: Confirm the exact selected page boundary and title before final numbering; do not rely on a folder-level title if only part of the PDF is selected.; Promotion screening: The lead is high-priority and may change chapter balance once page boundaries, title, and source note are stable.",compiler-decision-log.csv; compiler-selection-board.md; compiler-access-review.md; compiler-page-boundary-queue.md; compiler-source-note-finalization.md,"Source: George H.W. Bush Library, Richard Cheney Collection, Country Files, India [B]. Access restriction: Restricted - Partly.",https://catalog.archives.gov/id/645607807,https://s3.amazonaws.com/NARAprodstorage/lz/presidential-libraries/bush/gb-rbc/country_470572294/41-bpr-dhm-cheney-country-31832-002.pdf
Potential lead,catalog-lead-645608235,,High,94,Fix page boundaries,Screen for promotion,Pakistan,1989-01-20,Pakistan,High-priority source review lead; Online object available,,645608235,"Which pages contain policy-bearing material, and should any part be promoted to the confirmed chronology?","Open the PDF, identify policy-bearing pages, assign page boundaries, and record promote/exclude/cite-only rationale. Gap cue: Search India with Rao, Venkataraman, Gandhi, Shankar, Kashmir, nuclear, nonproliferation, economic reform, trade, and defense terms.","Partly restricted lead screening: Screen the online object and promote only after access posture, page boundaries, title, and source note are stable.; High boundary #22: Which pages contain policy-bearing material, and should any part be promoted to the confirmed chronology?; Page-boundary citation verification: Confirm the exact selected page boundary and title before final numbering; do not rely on a folder-level title if only part of the PDF is selected.; Promotion screening: The lead is high-priority and may change chapter balance once page boundaries, title, and source note are stable.",compiler-decision-log.csv; compiler-selection-board.md; compiler-access-review.md; compiler-page-boundary-queue.md; compiler-source-note-finalization.md,"Source: George H.W. Bush Library, Richard Cheney Collection, Country Files, Pakistan. Access restriction: Restricted - Partly.",https://catalog.archives.gov/id/645608235,https://s3.amazonaws.com/NARAprodstorage/lz/presidential-libraries/bush/gb-rbc/country_470572294/41-bpr-dhm-cheney-country-31850-010.pdf
Potential lead,catalog-lead-645607905,,High,94,Fix page boundaries,Screen for promotion,Pakistan,1989-01-20,Pakistan [A],High-priority source review lead; Online object available,,645607905,"Which pages contain policy-bearing material, and should any part be promoted to the confirmed chronology?","Open the PDF, identify policy-bearing pages, assign page boundaries, and record promote/exclude/cite-only rationale. Gap cue: Search India with Rao, Venkataraman, Gandhi, Shankar, Kashmir, nuclear, nonproliferation, economic reform, trade, and defense terms.","Partly restricted lead screening: Screen the online object and promote only after access posture, page boundaries, title, and source note are stable.; High boundary #23: Which pages contain policy-bearing material, and should any part be promoted to the confirmed chronology?; Page-boundary citation verification: Confirm the exact selected page boundary and title before final numbering; do not rely on a folder-level title if only part of the PDF is selected.; Promotion screening: The lead is high-priority and may change chapter balance once page boundaries, title, and source note are stable.",compiler-decision-log.csv; compiler-selection-board.md; compiler-access-review.md; compiler-page-boundary-queue.md; compiler-source-note-finalization.md,"Source: George H.W. Bush Library, Richard Cheney Collection, Country Files, Pakistan [A]. Access restriction: Restricted - Partly.",https://catalog.archives.gov/id/645607905,https://s3.amazonaws.com/NARAprodstorage/lz/presidential-libraries/bush/gb-rbc/country_470572294/41-bpr-dhm-cheney-country-31836-005.pdf
Potential lead,catalog-lead-645607531,,High,94,Fix page boundaries,Screen for promotion,Pakistan,1989-01-20,Pakistan [A],High-priority source review lead; Online object available,,645607531,"Which pages contain policy-bearing material, and should any part be promoted to the confirmed chronology?","Open the PDF, identify policy-bearing pages, assign page boundaries, and record promote/exclude/cite-only rationale. Gap cue: Search India with Rao, Venkataraman, Gandhi, Shankar, Kashmir, nuclear, nonproliferation, economic reform, trade, and defense terms.","Partly restricted lead screening: Screen the online object and promote only after access posture, page boundaries, title, and source note are stable.; High boundary #23: Which pages contain policy-bearing material, and should any part be promoted to the confirmed chronology?; Page-boundary citation verification: Confirm the exact selected page boundary and title before final numbering; do not rely on a folder-level title if only part of the PDF is selected.; Promotion screening: The lead is high-priority and may change chapter balance once page boundaries, title, and source note are stable.",compiler-decision-log.csv; compiler-selection-board.md; compiler-access-review.md; compiler-page-boundary-queue.md; compiler-source-note-finalization.md,"Source: George H.W. Bush Library, Richard Cheney Collection, Country Files, Pakistan [A]. Access restriction: Restricted - Partly.",https://catalog.archives.gov/id/645607531,https://s3.amazonaws.com/NARAprodstorage/lz/presidential-libraries/bush/gb-rbc/country_470572294/41-bpr-dhm-cheney-country-31820-001.pdf
Potential lead,catalog-lead-645607533,,High,94,Fix page boundaries,Screen for promotion,Pakistan,1989-01-20,Pakistan [B],High-priority source review lead; Online object available,,645607533,"Which pages contain policy-bearing material, and should any part be promoted to the confirmed chronology?","Open the PDF, identify policy-bearing pages, assign page boundaries, and record promote/exclude/cite-only rationale. Gap cue: Search India with Rao, Venkataraman, Gandhi, Shankar, Kashmir, nuclear, nonproliferation, economic reform, trade, and defense terms.","Partly restricted lead screening: Screen the online object and promote only after access posture, page boundaries, title, and source note are stable.; High boundary #25: Which pages contain policy-bearing material, and should any part be promoted to the confirmed chronology?; Page-boundary citation verification: Confirm the exact selected page boundary and title before final numbering; do not rely on a folder-level title if only part of the PDF is selected.; Promotion screening: The lead is high-priority and may change chapter balance once page boundaries, title, and source note are stable.",compiler-decision-log.csv; compiler-selection-board.md; compiler-access-review.md; compiler-page-boundary-queue.md; compiler-source-note-finalization.md,"Source: George H.W. Bush Library, Richard Cheney Collection, Country Files, Pakistan [B]. Access restriction: Restricted - Partly.",https://catalog.archives.gov/id/645607533,https://s3.amazonaws.com/NARAprodstorage/lz/presidential-libraries/bush/gb-rbc/country_470572294/41-bpr-dhm-cheney-country-31820-002.pdf
Potential lead,catalog-lead-645607907,,High,94,Fix page boundaries,Screen for promotion,Pakistan,1989-01-20,Pakistan [B],High-priority source review lead; Online object available,,645607907,"Which pages contain policy-bearing material, and should any part be promoted to the confirmed chronology?","Open the PDF, identify policy-bearing pages, assign page boundaries, and record promote/exclude/cite-only rationale. Gap cue: Search India with Rao, Venkataraman, Gandhi, Shankar, Kashmir, nuclear, nonproliferation, economic reform, trade, and defense terms.","Partly restricted lead screening: Screen the online object and promote only after access posture, page boundaries, title, and source note are stable.; High boundary #25: Which pages contain policy-bearing material, and should any part be promoted to the confirmed chronology?; Page-boundary citation verification: Confirm the exact selected page boundary and title before final numbering; do not rely on a folder-level title if only part of the PDF is selected.; Promotion screening: The lead is high-priority and may change chapter balance once page boundaries, title, and source note are stable.",compiler-decision-log.csv; compiler-selection-board.md; compiler-access-review.md; compiler-page-boundary-queue.md; compiler-source-note-finalization.md,"Source: George H.W. Bush Library, Richard Cheney Collection, Country Files, Pakistan [B]. Access restriction: Restricted - Partly.",https://catalog.archives.gov/id/645607907,https://s3.amazonaws.com/NARAprodstorage/lz/presidential-libraries/bush/gb-rbc/country_470572294/41-bpr-dhm-cheney-country-31836-006.pdf
Potential lead,catalog-lead-470437053,,High,94,Fix page boundaries,Screen for promotion,Pakistan,1989-01-20,Pakistan-India,High-priority source review lead; Online object available,,470437053,"Which pages contain policy-bearing material, and should any part be promoted to the confirmed chronology?","Open the PDF, identify policy-bearing pages, assign page boundaries, and record promote/exclude/cite-only rationale. Gap cue: Search India with Rao, Venkataraman, Gandhi, Shankar, Kashmir, nuclear, nonproliferation, economic reform, trade, and defense terms.","Restricted lead screening: Screen the online object and promote only after access posture, page boundaries, title, and source note are stable.; High boundary #27: Which pages contain policy-bearing material, and should any part be promoted to the confirmed chronology?; Page-boundary citation verification: Confirm the exact selected page boundary and title before final numbering; do not rely on a folder-level title if only part of the PDF is selected.; Promotion screening: The lead is high-priority and may change chapter balance once page boundaries, title, and source note are stable.",compiler-decision-log.csv; compiler-selection-board.md; compiler-access-review.md; compiler-page-boundary-queue.md; compiler-source-note-finalization.md,"Source: George H.W. Bush Library, National Security Council, Robert M. Gates' Subject Files, Pakistan-India. Access restriction: Restricted - Possibly.",https://catalog.archives.gov/id/470437053,https://s3.dualstack.us-east-1.amazonaws.com/NARAprodstorage/lz/presidential-libraries/bush/gb-nsc/gates/subject_2554843/41-bpr-nsc-gates-subj-cf00946-012.pdf
Chapter lane,"Afghanistan:Afghanistan policy, civil war, and aid",,High,88,Close chapter lane,Resolve lane before volume close,Afghanistan,1989-01-01 to 1992-10-07,"Afghanistan policy, civil war, and aid",Access-heavy,425 pages,Critical: Recover page-level boundaries in Haass and meeting-file PDFs; High: Screen Cheney Country Files before closing the source search,"Can this lane be closed as selected, excluded, deferred, cite-only, or consciously out of scope?","Finish page-boundary screening in Haass and Cheney files, then decide which restricted NSC/H-Files records become selected documents or cite-only context. Gap cue: Prioritize Haass Working Files 470426597, Haass Meeting File 470426255, Mojaddedi 470426381, Bangladesh Zia 428082145, and Pakistan nuclear meeting files 470426231, 470426238, and 470426240.",Confirmed records: 21; Potential leads: 12; Related gaps: 2; Search terms: afghanistan; afghan; mujahideen; mojaddedi; non-lethal; humanitarian; resistance; kabul,compiler-chapter-matrix.md; compiler-gap-analysis.md; compiler-gap-packets.md,,,
Chapter lane,Regional:Kashmir cross-border crisis,,High,88,Close chapter lane,Resolve lane before volume close,Regional,1989-01-20 to 1990-03-26,Kashmir cross-border crisis,Lead-only lane,,"High: Build an India policy lane beyond leader conversations; High: Split the Regional lane into Kashmir, Bangladesh, and other South Asia tracks","Can this lane be closed as selected, excluded, deferred, cite-only, or consciously out of scope?","Screen the Kashmir letters and teleconference leads, then decide whether the material belongs in India, Pakistan, or a regional crisis sub-lane. Gap cue: Search India with Rao, Venkataraman, Gandhi, Shankar, Kashmir, nuclear, nonproliferation, economic reform, trade, and defense terms.",Confirmed records: 0; Potential leads: 2; Related gaps: 2; Search terms: kashmir,compiler-chapter-matrix.md; compiler-gap-analysis.md; compiler-gap-packets.md,,,
Chapter lane,India:India leadership and bilateral policy,,High,88,Close chapter lane,Resolve lane before volume close,India,1989-01-20 to 1992-02-24,India leadership and bilateral policy,Gap-linked review,122 pages,"High: Build an India policy lane beyond leader conversations; High: Screen Cheney Country Files before closing the source search; Medium: Audit source notes, titles, and provenance before final numbering","Can this lane be closed as selected, excluded, deferred, cite-only, or consciously out of scope?","Build staff-file support for the leadership chronology, especially around the 1991-1992 transition to Rao-era policy. Gap cue: Search India with Rao, Venkataraman, Gandhi, Shankar, Kashmir, nuclear, nonproliferation, economic reform, trade, and defense terms.",Confirmed records: 10; Potential leads: 8; Related gaps: 3; Search terms: india; gandhi; singh; rao; venkataraman; shankar; pickering; new delhi,compiler-chapter-matrix.md; compiler-gap-analysis.md; compiler-gap-packets.md,,,
Chapter lane,Regional:Regional South Asia strategy,,High,88,Close chapter lane,Resolve lane before volume close,Regional,1989-01-20 to 1992-11-02,Regional South Asia strategy,Gap-linked review,252 pages,"High: Split the Regional lane into Kashmir, Bangladesh, and other South Asia tracks; Medium: Curate Public Papers as locators, not automatic document candidates","Can this lane be closed as selected, excluded, deferred, cite-only, or consciously out of scope?",Keep true regionwide strategy files distinct from Kashmir and Bangladesh so selection rationale stays clear. Gap cue: Promote Kashmir leads 470426145 and 470426225 into a focused review queue.,Confirmed records: 5; Potential leads: 5; Related gaps: 2; Search terms: south asia; regional; refugee,compiler-chapter-matrix.md; compiler-gap-analysis.md; compiler-gap-packets.md,,,
Chapter lane,"Pakistan:Pakistan leadership, aid, and bilateral management",,High,88,Close chapter lane,Resolve lane before volume close,Pakistan,1989-01-20 to 1992-12-03,"Pakistan leadership, aid, and bilateral management",Gap-linked review,348 pages,"Critical: Recover page-level boundaries in Haass and meeting-file PDFs; High: Build an India policy lane beyond leader conversations; High: Pair the Pakistan nuclear sequence with non-H-Files sources; High: Screen Cheney Country Files before closing the source search; Medium: Audit source notes, titles, and provenance before final numbering; Medium: Curate Public Papers as locators, not automatic document candidates","Can this lane be closed as selected, excluded, deferred, cite-only, or consciously out of scope?","Separate policy-bearing presidential conversations from public/context locators and verify source notes against the PDF or citation sheet. Gap cue: Prioritize Haass Working Files 470426597, Haass Meeting File 470426255, Mojaddedi 470426381, Bangladesh Zia 428082145, and Pakistan nuclear meeting files 470426231, 470426238, and 470426240.",Confirmed records: 26; Potential leads: 10; Related gaps: 6; Search terms: pakistan; bhutto; nawaz; sharif; ghulam; disaster; assistance; aid,compiler-chapter-matrix.md; compiler-gap-analysis.md; compiler-gap-packets.md,,,
Chapter lane,"Pakistan:Pakistan nuclear, sanctions, and security",,High,88,Close chapter lane,Resolve lane before volume close,Pakistan,1990-10-09 to 1993-01-19,"Pakistan nuclear, sanctions, and security",Access-heavy,185 pages,"Critical: Recover page-level boundaries in Haass and meeting-file PDFs; High: Build an India policy lane beyond leader conversations; High: Pair the Pakistan nuclear sequence with non-H-Files sources; Medium: Curate Public Papers as locators, not automatic document candidates","Can this lane be closed as selected, excluded, deferred, cite-only, or consciously out of scope?","Pair the restricted H-Files nuclear sequence with Gates, Cheney, and Haass companion files before treating the 1990 policy arc as complete. Gap cue: Prioritize Haass Working Files 470426597, Haass Meeting File 470426255, Mojaddedi 470426381, Bangladesh Zia 428082145, and Pakistan nuclear meeting files 470426231, 470426238, and 470426240.",Confirmed records: 3; Potential leads: 1; Related gaps: 4; Search terms: nuclear; nonproliferation; proliferation; pressler; f-16; stinger; sanctions,compiler-chapter-matrix.md; compiler-gap-analysis.md; compiler-gap-packets.md,,,
Chapter lane,"India:India economic reform, trade, and embassy files",,High,88,Close chapter lane,Resolve lane before volume close,India,,"India economic reform, trade, and embassy files",Missing lane,,"High: Build an India policy lane beyond leader conversations; Medium: Curate Public Papers as locators, not automatic document candidates","Can this lane be closed as selected, excluded, deferred, cite-only, or consciously out of scope?","Use this as a search lane for WHORM, State, and embassy files; do not close the India chapter until this lane has been consciously ruled in or out. Gap cue: Search India with Rao, Venkataraman, Gandhi, Shankar, Kashmir, nuclear, nonproliferation, economic reform, trade, and defense terms.",Confirmed records: 0; Potential leads: 0; Related gaps: 2; Search terms: economic reform; trade; economic; embassy; commerce,compiler-chapter-matrix.md; compiler-gap-analysis.md; compiler-gap-packets.md,,,
Chapter lane,"India:India Kashmir, nuclear, and regional security",,High,88,Close chapter lane,Resolve lane before volume close,India,,"India Kashmir, nuclear, and regional security",Missing lane,,"Critical: Recover page-level boundaries in Haass and meeting-file PDFs; High: Build an India policy lane beyond leader conversations; High: Pair the Pakistan nuclear sequence with non-H-Files sources; High: Split the Regional lane into Kashmir, Bangladesh, and other South Asia tracks; Medium: Curate Public Papers as locators, not automatic document candidates","Can this lane be closed as selected, excluded, deferred, cite-only, or consciously out of scope?","Screen Kashmir, Gates, and Haass leads so the India chapter is not limited to leader calls and Cheney country folders. Gap cue: Prioritize Haass Working Files 470426597, Haass Meeting File 470426255, Mojaddedi 470426381, Bangladesh Zia 428082145, and Pakistan nuclear meeting files 470426231, 470426238, and 470426240.",Confirmed records: 0; Potential leads: 0; Related gaps: 5; Search terms: kashmir; nuclear; nonproliferation; defense,compiler-chapter-matrix.md; compiler-gap-analysis.md; compiler-gap-packets.md,,,
Confirmed record,bush-library-428079777,2.001,Medium,84,Finalize source note,Review before selection,Pakistan,1989-01-23,Memorandum of Telephone Conversation,Full,1 page,428079777; [Memorandum of Telephone Conversations (Telcons) - January 1989-July 1989]: January 1989,"Does the PDF represent one selectable document, a folder-level bundle, or cite-only restricted context?","Open the linked PDF and Catalog item, then confirm title, date, file unit, series, local identifier or source pages, and release language against the citation sheet or title page.","Medium boundary #63: Does the PDF represent one selectable document, a folder-level bundle, or cite-only restricted context?; Citation sheet/title-page verification: Open the linked PDF and Catalog item, then confirm title, date, file unit, series, local identifier or source pages, and release language against the citation sheet or title page.; Page-boundary/source-note decision: The document is available, but source title, source note, or page-boundary evidence still needs compiler review.",compiler-decision-log.csv; compiler-selection-board.md; compiler-page-boundary-queue.md; compiler-source-note-finalization.md,"Source: George H.W. Bush Library, National Security Council, Presidential Telcon Files, [Memorandum of Telephone Conversations (Telcons) - January 1989-July 1989]: January 1989. Full release.",https://catalog.archives.gov/id/428079777,https://s3.us-east-1.amazonaws.com/NARAprodstorage/lz/presidential-libraries/bush/gb-nsc/321498139/1989-01-23--Bhutto.pdf
Confirmed record,bush-library-428079809,2.002,Medium,84,Finalize source note,Review before selection,Pakistan,1989-01-25,Memorandum of Telephone Conversation,Full,1 page,428079809; [Memorandum of Telephone Conversations (Telcons) - January 1989-July 1989]: January 1989,"Does the PDF represent one selectable document, a folder-level bundle, or cite-only restricted context?","Open the linked PDF and Catalog item, then confirm title, date, file unit, series, local identifier or source pages, and release language against the citation sheet or title page.","Medium boundary #64: Does the PDF represent one selectable document, a folder-level bundle, or cite-only restricted context?; Citation sheet/title-page verification: Open the linked PDF and Catalog item, then confirm title, date, file unit, series, local identifier or source pages, and release language against the citation sheet or title page.; Page-boundary/source-note decision: The document is available, but source title, source note, or page-boundary evidence still needs compiler review.",compiler-decision-log.csv; compiler-selection-board.md; compiler-page-boundary-queue.md; compiler-source-note-finalization.md,"Source: George H.W. Bush Library, National Security Council, Presidential Telcon Files, [Memorandum of Telephone Conversations (Telcons) - January 1989-July 1989]: January 1989. Full release.",https://catalog.archives.gov/id/428079809,https://s3.us-east-1.amazonaws.com/NARAprodstorage/lz/presidential-libraries/bush/gb-nsc/321498139/1989-01-25--Khan.pdf
Confirmed record,bush-library-428079855,3.001,Medium,84,Finalize source note,Review before selection,India,1989-02-23,Memorandum of Conversation,Full,9 pages,428079855; [Memorandum of Conversations (Memcons)-January 1989-May 1989]: February 1989,"Does the PDF represent one selectable document, a folder-level bundle, or cite-only restricted context?","Open the linked PDF and Catalog item, then confirm title, date, file unit, series, local identifier or source pages, and release language against the citation sheet or title page.","Medium boundary #66: Does the PDF represent one selectable document, a folder-level bundle, or cite-only restricted context?; Citation sheet/title-page verification: Open the linked PDF and Catalog item, then confirm title, date, file unit, series, local identifier or source pages, and release language against the citation sheet or title page.; Page-boundary/source-note decision: The document is available, but source title, source note, or page-boundary evidence still needs compiler review.",compiler-decision-log.csv; compiler-selection-board.md; compiler-page-boundary-queue.md; compiler-source-note-finalization.md,"Source: George H.W. Bush Library, National Security Council, Presidential Memcon Files, [Memorandum of Conversations (Memcons)-January 1989-May 1989]: February 1989. Full release.",https://catalog.archives.gov/id/428079855,https://s3.us-east-1.amazonaws.com/NARAprodstorage/lz/presidential-libraries/bush/gb-nsc/321498039/1989-02-23--Venkataraman.pdf
Confirmed record,bush-library-428079859,2.003,Medium,84,Finalize source note,Review before selection,Pakistan,1989-02-24,Memorandum of Conversation,Full,7 pages,428079859; [Memorandum of Conversations (Memcons)-January 1989-May 1989]: February 1989,"Does the PDF represent one selectable document, a folder-level bundle, or cite-only restricted context?","Open the linked PDF and Catalog item, then confirm title, date, file unit, series, local identifier or source pages, and release language against the citation sheet or title page.","Medium boundary #67: Does the PDF represent one selectable document, a folder-level bundle, or cite-only restricted context?; Citation sheet/title-page verification: Open the linked PDF and Catalog item, then confirm title, date, file unit, series, local identifier or source pages, and release language against the citation sheet or title page.; Page-boundary/source-note decision: The document is available, but source title, source note, or page-boundary evidence still needs compiler review.",compiler-decision-log.csv; compiler-selection-board.md; compiler-page-boundary-queue.md; compiler-source-note-finalization.md,"Source: George H.W. Bush Library, National Security Council, Presidential Memcon Files, [Memorandum of Conversations (Memcons)-January 1989-May 1989]: February 1989. Full release.",https://catalog.archives.gov/id/428079859,https://s3.us-east-1.amazonaws.com/NARAprodstorage/lz/presidential-libraries/bush/gb-nsc/321498039/1989-02-24--Bhutto.pdf
Confirmed record,bush-library-428080057,3.004,Medium,84,Finalize source note,Review before selection,India,1989-06-08,Memorandum of Telephone Conversation,Full,4 pages,428080057; [Memorandum of Telephone Conversations (Telcons) - January 1989-July 1989]: June 1989,"Does the PDF represent one selectable document, a folder-level bundle, or cite-only restricted context?","Open the linked PDF and Catalog item, then confirm title, date, file unit, series, local identifier or source pages, and release language against the citation sheet or title page.","Medium boundary #78: Does the PDF represent one selectable document, a folder-level bundle, or cite-only restricted context?; Citation sheet/title-page verification: Open the linked PDF and Catalog item, then confirm title, date, file unit, series, local identifier or source pages, and release language against the citation sheet or title page.; Page-boundary/source-note decision: The document is available, but source title, source note, or page-boundary evidence still needs compiler review.",compiler-decision-log.csv; compiler-selection-board.md; compiler-page-boundary-queue.md; compiler-source-note-finalization.md,"Source: George H.W. Bush Library, National Security Council, Presidential Telcon Files, [Memorandum of Telephone Conversations (Telcons) - January 1989-July 1989]: June 1989. Full release.",https://catalog.archives.gov/id/428080057,https://s3.us-east-1.amazonaws.com/NARAprodstorage/lz/presidential-libraries/bush/gb-nsc/321498139/1989-06-08--Gandhi.pdf
Confirmed record,bush-library-428080061,2.009,Medium,84,Finalize source note,Review before selection,Pakistan,1989-06-10,Memorandum of Telephone Conversation,Full,1 page,428080061; [Memorandum of Telephone Conversations (Telcons) - January 1989-July 1989]: June 1989,"Does the PDF represent one selectable document, a folder-level bundle, or cite-only restricted context?","Open the linked PDF and Catalog item, then confirm title, date, file unit, series, local identifier or source pages, and release language against the citation sheet or title page.","Medium boundary #69: Does the PDF represent one selectable document, a folder-level bundle, or cite-only restricted context?; Citation sheet/title-page verification: Open the linked PDF and Catalog item, then confirm title, date, file unit, series, local identifier or source pages, and release language against the citation sheet or title page.; Page-boundary/source-note decision: The document is available, but source title, source note, or page-boundary evidence still needs compiler review.",compiler-decision-log.csv; compiler-selection-board.md; compiler-page-boundary-queue.md; compiler-source-note-finalization.md,"Source: George H.W. Bush Library, National Security Council, Presidential Telcon Files, [Memorandum of Telephone Conversations (Telcons) - January 1989-July 1989]: June 1989. Full release.",https://catalog.archives.gov/id/428080061,https://s3.us-east-1.amazonaws.com/NARAprodstorage/lz/presidential-libraries/bush/gb-nsc/321498139/1989-06-10--Bhutto.pdf
Confirmed record,bush-library-428080113,3.005,Medium,84,Finalize source note,Review before selection,India,1989-07-04,Memorandum of Telephone Conversation,Full,2 pages,428080113; [Memorandum of Telephone Conversations (Telcons) - January 1989-July 1989]: July 1989,"Does the PDF represent one selectable document, a folder-level bundle, or cite-only restricted context?","Open the linked PDF and Catalog item, then confirm title, date, file unit, series, local identifier or source pages, and release language against the citation sheet or title page.","Medium boundary #70: Does the PDF represent one selectable document, a folder-level bundle, or cite-only restricted context?; Citation sheet/title-page verification: Open the linked PDF and Catalog item, then confirm title, date, file unit, series, local identifier or source pages, and release language against the citation sheet or title page.; Page-boundary/source-note decision: The document is available, but source title, source note, or page-boundary evidence still needs compiler review.",compiler-decision-log.csv; compiler-selection-board.md; compiler-page-boundary-queue.md; compiler-source-note-finalization.md,"Source: George H.W. Bush Library, National Security Council, Presidential Telcon Files, [Memorandum of Telephone Conversations (Telcons) - January 1989-July 1989]: July 1989. Full release.",https://catalog.archives.gov/id/428080113,https://s3.us-east-1.amazonaws.com/NARAprodstorage/lz/presidential-libraries/bush/gb-nsc/321498139/1989-07-04--Gandhi.pdf
Confirmed record,bush-library-428080169,2.010,Medium,84,Finalize source note,Review before selection,Pakistan,1989-08-05,Memorandum of Telephone Conversation,Full,2 pages,428080169; [Memorandum of Telephone Conversations (Telcons) - August 1989-December 1989]: August 1989,"Does the PDF represent one selectable document, a folder-level bundle, or cite-only restricted context?","Open the linked PDF and Catalog item, then confirm title, date, file unit, series, local identifier or source pages, and release language against the citation sheet or title page.","Medium boundary #71: Does the PDF represent one selectable document, a folder-level bundle, or cite-only restricted context?; Citation sheet/title-page verification: Open the linked PDF and Catalog item, then confirm title, date, file unit, series, local identifier or source pages, and release language against the citation sheet or title page.; Page-boundary/source-note decision: The document is available, but source title, source note, or page-boundary evidence still needs compiler review.",compiler-decision-log.csv; compiler-selection-board.md; compiler-page-boundary-queue.md; compiler-source-note-finalization.md,"Source: George H.W. Bush Library, National Security Council, Presidential Telcon Files, [Memorandum of Telephone Conversations (Telcons) - August 1989-December 1989]: August 1989. Full release.",https://catalog.archives.gov/id/428080169,https://s3.us-east-1.amazonaws.com/NARAprodstorage/lz/presidential-libraries/bush/gb-nsc/321498139/1989-08-05--Bhutto.pdf
Confirmed record,bush-library-428080301,3.006,Medium,84,Finalize source note,Review before selection,India,1989-10-18,Memorandum of Telephone Conversation,Full,1 page,428080301; [Memorandum of Telephone Conversations (Telcons) - August 1989-December 1989]: October 1989,"Does the PDF represent one selectable document, a folder-level bundle, or cite-only restricted context?","Open the linked PDF and Catalog item, then confirm title, date, file unit, series, local identifier or source pages, and release language against the citation sheet or title page.","Medium boundary #73: Does the PDF represent one selectable document, a folder-level bundle, or cite-only restricted context?; Citation sheet/title-page verification: Open the linked PDF and Catalog item, then confirm title, date, file unit, series, local identifier or source pages, and release language against the citation sheet or title page.; Page-boundary/source-note decision: The document is available, but source title, source note, or page-boundary evidence still needs compiler review.",compiler-decision-log.csv; compiler-selection-board.md; compiler-page-boundary-queue.md; compiler-source-note-finalization.md,"Source: George H.W. Bush Library, National Security Council, Presidential Telcon Files, [Memorandum of Telephone Conversations (Telcons) - August 1989-December 1989]: October 1989. Full release.",https://catalog.archives.gov/id/428080301,https://s3.us-east-1.amazonaws.com/NARAprodstorage/lz/presidential-libraries/bush/gb-nsc/321498139/1989-10-18--Gandhi.pdf
Confirmed record,bush-library-428080317,2.011,Medium,84,Finalize source note,Review before selection,Pakistan,1989-11-01,Memorandum of Telephone Conversation,Full,3 pages,428080317; [Memorandum of Telephone Conversations (Telcons) - August 1989-December 1989]: November 1989,"Does the PDF represent one selectable document, a folder-level bundle, or cite-only restricted context?","Open the linked PDF and Catalog item, then confirm title, date, file unit, series, local identifier or source pages, and release language against the citation sheet or title page.","Medium boundary #79: Does the PDF represent one selectable document, a folder-level bundle, or cite-only restricted context?; Citation sheet/title-page verification: Open the linked PDF and Catalog item, then confirm title, date, file unit, series, local identifier or source pages, and release language against the citation sheet or title page.; Page-boundary/source-note decision: The document is available, but source title, source note, or page-boundary evidence still needs compiler review.",compiler-decision-log.csv; compiler-selection-board.md; compiler-page-boundary-queue.md; compiler-source-note-finalization.md,"Source: George H.W. Bush Library, National Security Council, Presidential Telcon Files, [Memorandum of Telephone Conversations (Telcons) - August 1989-December 1989]: November 1989. Full release.",https://catalog.archives.gov/id/428080317,https://s3.us-east-1.amazonaws.com/NARAprodstorage/lz/presidential-libraries/bush/gb-nsc/321498139/1989-11-01--Bhutto.pdf
Confirmed record,bush-library-428081099,4.005,Medium,84,Finalize source note,Review before selection,Regional,1990-10-01,Memorandum of Conversation,Full,5 pages,428081099; [Memorandum of Conversations (Memcons)-July 1990-December 1990]: October 1990,"Does the PDF represent one selectable document, a folder-level bundle, or cite-only restricted context?","Open the linked PDF and Catalog item, then confirm title, date, file unit, series, local identifier or source pages, and release language against the citation sheet or title page.","Medium boundary #74: Does the PDF represent one selectable document, a folder-level bundle, or cite-only restricted context?; Citation sheet/title-page verification: Open the linked PDF and Catalog item, then confirm title, date, file unit, series, local identifier or source pages, and release language against the citation sheet or title page.; Page-boundary/source-note decision: The document is available, but source title, source note, or page-boundary evidence still needs compiler review.",compiler-decision-log.csv; compiler-selection-board.md; compiler-page-boundary-queue.md; compiler-source-note-finalization.md,"Source: George H.W. Bush Library, National Security Council, Presidential Memcon Files, [Memorandum of Conversations (Memcons)-July 1990-December 1990]: October 1990. Full release.",https://catalog.archives.gov/id/428081099,https://s3.us-east-1.amazonaws.com/NARAprodstorage/lz/presidential-libraries/bush/gb-nsc/321498039/1990-10-01--Ershad.pdf
Confirmed record,bush-library-428081443,3.008,Medium,84,Finalize source note,Review before selection,India,1991-02-08,Memorandum of Telephone Conversation,Full,4 pages,428081443; [Memorandum of Telephone Conversations (Telcons) - January 1991-April 1991]:  February 1991 [1],"Does the PDF represent one selectable document, a folder-level bundle, or cite-only restricted context?","Open the linked PDF and Catalog item, then confirm title, date, file unit, series, local identifier or source pages, and release language against the citation sheet or title page.","Medium boundary #80: Does the PDF represent one selectable document, a folder-level bundle, or cite-only restricted context?; Citation sheet/title-page verification: Open the linked PDF and Catalog item, then confirm title, date, file unit, series, local identifier or source pages, and release language against the citation sheet or title page.; Page-boundary/source-note decision: The document is available, but source title, source note, or page-boundary evidence still needs compiler review.",compiler-decision-log.csv; compiler-selection-board.md; compiler-page-boundary-queue.md; compiler-source-note-finalization.md,"Source: George H.W. Bush Library, National Security Council, Presidential Telcon Files, [Memorandum of Telephone Conversations (Telcons) - January 1991-April 1991]: February 1991 [1]. Full release.",https://catalog.archives.gov/id/428081443,https://s3.us-east-1.amazonaws.com/NARAprodstorage/lz/presidential-libraries/bush/gb-nsc/321498139/1991-02-08--Shankar.pdf
Confirmed record,bush-library-428082103,3.009,Medium,84,Finalize source note,Review before selection,India,1991-12-15,Memorandum of Telephone Conversation,Full,1 page,428082103; [Memorandum of Telephone Conversations (Telcons) - May 1991-December 1991]:  December 1991,"Does the PDF represent one selectable document, a folder-level bundle, or cite-only restricted context?","Open the linked PDF and Catalog item, then confirm title, date, file unit, series, local identifier or source pages, and release language against the citation sheet or title page.","Medium boundary #75: Does the PDF represent one selectable document, a folder-level bundle, or cite-only restricted context?; Citation sheet/title-page verification: Open the linked PDF and Catalog item, then confirm title, date, file unit, series, local identifier or source pages, and release language against the citation sheet or title page.; Page-boundary/source-note decision: The document is available, but source title, source note, or page-boundary evidence still needs compiler review.",compiler-decision-log.csv; compiler-selection-board.md; compiler-page-boundary-queue.md; compiler-source-note-finalization.md,"Source: George H.W. Bush Library, National Security Council, Presidential Telcon Files, [Memorandum of Telephone Conversations (Telcons) - May 1991-December 1991]: December 1991. Full release.",https://catalog.archives.gov/id/428082103,https://s3.us-east-1.amazonaws.com/NARAprodstorage/lz/presidential-libraries/bush/gb-nsc/321498139/1991-12-15--Rao.pdf
Chapter lane,Regional:Bangladesh and smaller South Asia states,,Medium,66,Close chapter lane,Resolve lane before volume close,Regional,1989-01-20 to 1992-03-19,Bangladesh and smaller South Asia states,Thin; promote or exclude leads,6 pages,"Critical: Recover page-level boundaries in Haass and meeting-file PDFs; High: Screen Cheney Country Files before closing the source search; High: Split the Regional lane into Kashmir, Bangladesh, and other South Asia tracks; Medium: Audit source notes, titles, and provenance before final numbering","Can this lane be closed as selected, excluded, deferred, cite-only, or consciously out of scope?","Resolve the Bangladesh Zia internal/public pair and keep Sri Lanka/Maldives public items contextual until internal files are located. Gap cue: Prioritize Haass Working Files 470426597, Haass Meeting File 470426255, Mojaddedi 470426381, Bangladesh Zia 428082145, and Pakistan nuclear meeting files 470426231, 470426238, and 470426240.",Confirmed records: 1; Potential leads: 2; Related gaps: 4; Search terms: bangladesh; zia; khaleda; milam; sri lanka; maldives,compiler-chapter-matrix.md; compiler-gap-analysis.md; compiler-gap-packets.md,,,
Potential lead,catalog-lead-323150513,,Low,45,Finalize source note,Context or later review,Pakistan,1989-01-20,Bhutto Departure 6/6/89,Locator/context lead; Online object available,,323150513,"Which pages contain policy-bearing material, and should any part be promoted to the confirmed chronology?",Confirm the exact selected page boundary and title before final numbering; do not rely on a folder-level title if only part of the PDF is selected.,"Restricted lead screening: Screen the online object and promote only after access posture, page boundaries, title, and source note are stable.; Medium boundary #59: Which pages contain policy-bearing material, and should any part be promoted to the confirmed chronology?; Page-boundary citation verification: Confirm the exact selected page boundary and title before final numbering; do not rely on a folder-level title if only part of the PDF is selected.; Context/locator decision: The lead is lower priority or contextual; keep visible but do not promote without a specific policy-bearing page or file.",compiler-decision-log.csv; compiler-selection-board.md; compiler-access-review.md; compiler-page-boundary-queue.md; compiler-source-note-finalization.md,"Source: George H.W. Bush Library, White House Office of Speechwriting, Speech Draft Files, Bhutto Departure 6/6/89. Access restriction: Restricted - Possibly.",https://catalog.archives.gov/id/323150513,https://s3.amazonaws.com/NARAprodstorage/lz/presidential-libraries/bush/gb-spe/speechwriting_draft_chron_578973/41-bpr-speech-draft-chron-13490-003_323150513.pdf
Potential lead,catalog-lead-323152491,,Low,45,Finalize source note,Context or later review,Pakistan,1989-01-20,Departure Statement for Prime Minister Bhutto 6/6/89 [OA 6264],Locator/context lead; Online object available,,323152491,"Which pages contain policy-bearing material, and should any part be promoted to the confirmed chronology?",Confirm the exact selected page boundary and title before final numbering; do not rely on a folder-level title if only part of the PDF is selected.,"Restricted lead screening: Screen the online object and promote only after access posture, page boundaries, title, and source note are stable.; Medium boundary #60: Which pages contain policy-bearing material, and should any part be promoted to the confirmed chronology?; Page-boundary citation verification: Confirm the exact selected page boundary and title before final numbering; do not rely on a folder-level title if only part of the PDF is selected.; Context/locator decision: The lead is lower priority or contextual; keep visible but do not promote without a specific policy-bearing page or file.",compiler-decision-log.csv; compiler-selection-board.md; compiler-access-review.md; compiler-page-boundary-queue.md; compiler-source-note-finalization.md,"Source: George H.W. Bush Library, White House Office of Speechwriting, Speech Backup Chronological Files, Departure Statement for Prime Minister Bhutto 6/6/89 [OA 6264]. Access restriction: Restricted - Possibly.",https://catalog.archives.gov/id/323152491,https://s3.amazonaws.com/NARAprodstorage/lz/presidential-libraries/bush/gb-spe/speechwriting_backup_chron_579003/41-bpr-speech-backup-chron-13671-005_323152491.pdf
Potential lead,catalog-lead-286185941,,Low,45,Finalize source note,Context or later review,Regional,1989-01-20,"Milam, William - AMB to Bangladesh",Review lead; Online object available,,286185941,"Which pages contain policy-bearing material, and should any part be promoted to the confirmed chronology?",Confirm the exact selected page boundary and title before final numbering; do not rely on a folder-level title if only part of the PDF is selected.,"Restricted lead screening: Screen the online object and promote only after access posture, page boundaries, title, and source note are stable.; Medium boundary #61: Which pages contain policy-bearing material, and should any part be promoted to the confirmed chronology?; Page-boundary citation verification: Confirm the exact selected page boundary and title before final numbering; do not rely on a folder-level title if only part of the PDF is selected.; Context/locator decision: The lead is lower priority or contextual; keep visible but do not promote without a specific policy-bearing page or file.",compiler-decision-log.csv; compiler-selection-board.md; compiler-access-review.md; compiler-page-boundary-queue.md; compiler-source-note-finalization.md,"Source: George H.W. Bush Library, White House Office of Presidential Personnel, Katja Bullock Appointment Files, Milam, William - AMB to Bangladesh. Access restriction: Restricted - Possibly.",https://catalog.archives.gov/id/286185941,https://s3.amazonaws.com/NARAprodstorage/lz/presidential-libraries/bush/foia/2000/Batch0001/41-bpr-pers-bullock-appt-07091-008.pdf
Potential lead,public-paper-lead-PPP-1992-book1-doc-pg302,,Low,45,Finalize source note,Use as locator/context unless selected,India,1992-02-24,Nomination of Thomas R. Pickering To Be United States Ambassador to India,Chronology-only public context; Public presidential statement,,,Can the Source Note be finalized from the PDF citation sheet/title page while keeping provenance metadata out of the visible note?,"If promoted, extract a publication-ready Source Note from the PDF/title page and move Catalog metadata, URLs, NAIDs, object filenames, and page-count basis to provenance.","Public/context promotion decision: Screen the online object and promote only after access posture, page boundaries, title, and source note are stable.; Promotion citation draft: If promoted, extract a publication-ready Source Note from the PDF/title page and move Catalog metadata, URLs, NAIDs, object filenames, and page-count basis to provenance.; Context/locator decision: Public material should usually locate internal files or support chronology unless it is intentionally selected as public text.",compiler-decision-log.csv; compiler-selection-board.md; compiler-access-review.md; compiler-source-note-finalization.md,"Source: Public Papers of the Presidents of the United States: George H.W. Bush, February 24, 1992, ""Nomination of Thomas R. Pickering To Be United States Ambassador to India"", GovInfo package PPP-1992-book1, granule PPP-1992-book1-doc-pg302.",,https://www.govinfo.gov/content/pkg/PPP-1992-book1/pdf/PPP-1992-book1-doc-pg302.pdf
Potential lead,public-paper-lead-PPP-1992-book1-doc-pg351,,Low,45,Finalize source note,Use as locator/context unless selected,Afghanistan,1992-02-28,Presidential Determination No. 92-18--Memorandum on Certification for Major Narcotics Producing and Transit Countries,Locator for internal decision file; Public presidential statement,,,Can the Source Note be finalized from the PDF citation sheet/title page while keeping provenance metadata out of the visible note?,"If promoted, extract a publication-ready Source Note from the PDF/title page and move Catalog metadata, URLs, NAIDs, object filenames, and page-count basis to provenance.","Public/context promotion decision: Screen the online object and promote only after access posture, page boundaries, title, and source note are stable.; Promotion citation draft: If promoted, extract a publication-ready Source Note from the PDF/title page and move Catalog metadata, URLs, NAIDs, object filenames, and page-count basis to provenance.; Context/locator decision: Public material should usually locate internal files or support chronology unless it is intentionally selected as public text.",compiler-decision-log.csv; compiler-selection-board.md; compiler-access-review.md; compiler-source-note-finalization.md,"Source: Public Papers of the Presidents of the United States: George H.W. Bush, February 28, 1992, ""Presidential Determination No. 92-18--Memorandum on Certification for Major Narcotics Producing and Transit Countries"", GovInfo package PPP-1992-book1, granule PPP-1992-book1-doc-pg351.",,https://www.govinfo.gov/content/pkg/PPP-1992-book1/pdf/PPP-1992-book1-doc-pg351.pdf
Potential lead,public-paper-lead-PPP-1992-book1-doc-pg473,,Low,45,Finalize source note,Use as locator/context unless selected,Regional,1992-03-19,Statement by Press Secretary Fitzwater on the President's Meeting With Prime Minister Begum Khaleda Zia of Bangladesh,Review lead; Public presidential statement,,,Can the Source Note be finalized from the PDF citation sheet/title page while keeping provenance metadata out of the visible note?,"If promoted, extract a publication-ready Source Note from the PDF/title page and move Catalog metadata, URLs, NAIDs, object filenames, and page-count basis to provenance.","Public/context promotion decision: Screen the online object and promote only after access posture, page boundaries, title, and source note are stable.; Promotion citation draft: If promoted, extract a publication-ready Source Note from the PDF/title page and move Catalog metadata, URLs, NAIDs, object filenames, and page-count basis to provenance.; Context/locator decision: Public material should usually locate internal files or support chronology unless it is intentionally selected as public text.",compiler-decision-log.csv; compiler-selection-board.md; compiler-access-review.md; compiler-source-note-finalization.md,"Source: Public Papers of the Presidents of the United States: George H.W. Bush, March 19, 1992, ""Statement by Press Secretary Fitzwater on the President's Meeting With Prime Minister Begum Khaleda Zia of Bangladesh"", GovInfo package PPP-1992-book1, granule PPP-1992-book1-doc-pg473.",,https://www.govinfo.gov/content/pkg/PPP-1992-book1/pdf/PPP-1992-book1-doc-pg473.pdf
Potential lead,public-paper-lead-PPP-1992-book1-doc-pg579,,Low,45,Finalize source note,Use as locator/context unless selected,Afghanistan,1992-04-10,The President's News Conference,Chronology-only public context; Public presidential statement,,,Can the Source Note be finalized from the PDF citation sheet/title page while keeping provenance metadata out of the visible note?,"If promoted, extract a publication-ready Source Note from the PDF/title page and move Catalog metadata, URLs, NAIDs, object filenames, and page-count basis to provenance.","Public/context promotion decision: Screen the online object and promote only after access posture, page boundaries, title, and source note are stable.; Promotion citation draft: If promoted, extract a publication-ready Source Note from the PDF/title page and move Catalog metadata, URLs, NAIDs, object filenames, and page-count basis to provenance.; Context/locator decision: Public material should usually locate internal files or support chronology unless it is intentionally selected as public text.",compiler-decision-log.csv; compiler-selection-board.md; compiler-access-review.md; compiler-source-note-finalization.md,"Source: Public Papers of the Presidents of the United States: George H.W. Bush, April 10, 1992, ""The President's News Conference"", GovInfo package PPP-1992-book1, granule PPP-1992-book1-doc-pg579.",,https://www.govinfo.gov/content/pkg/PPP-1992-book1/pdf/PPP-1992-book1-doc-pg579.pdf
Potential lead,public-paper-lead-PPP-1992-book1-doc-pg725-2,,Low,45,Finalize source note,Use as locator/context unless selected,Regional,1992-05-07,Nomination of Teresita Currie Schaffer To Be United States Ambassador to Sri Lanka and Maldives,Chronology-only public context; Public presidential statement,,,Can the Source Note be finalized from the PDF citation sheet/title page while keeping provenance metadata out of the visible note?,"If promoted, extract a publication-ready Source Note from the PDF/title page and move Catalog metadata, URLs, NAIDs, object filenames, and page-count basis to provenance.","Public/context promotion decision: Screen the online object and promote only after access posture, page boundaries, title, and source note are stable.; Promotion citation draft: If promoted, extract a publication-ready Source Note from the PDF/title page and move Catalog metadata, URLs, NAIDs, object filenames, and page-count basis to provenance.; Context/locator decision: Public material should usually locate internal files or support chronology unless it is intentionally selected as public text.",compiler-decision-log.csv; compiler-selection-board.md; compiler-access-review.md; compiler-source-note-finalization.md,"Source: Public Papers of the Presidents of the United States: George H.W. Bush, May 7, 1992, ""Nomination of Teresita Currie Schaffer To Be United States Ambassador to Sri Lanka and Maldives"", GovInfo package PPP-1992-book1, granule PPP-1992-book1-doc-pg725-2.",,https://www.govinfo.gov/content/pkg/PPP-1992-book1/pdf/PPP-1992-book1-doc-pg725-2.pdf
Potential lead,public-paper-lead-PPP-1992-book1-doc-pg820-2,,Low,45,Finalize source note,Use as locator/context unless selected,Afghanistan,1992-05-27,"Remarks at the United States Naval Academy Commencement Ceremony in Annapolis, Maryland",Chronology-only public context; Public presidential statement,,,Can the Source Note be finalized from the PDF citation sheet/title page while keeping provenance metadata out of the visible note?,"If promoted, extract a publication-ready Source Note from the PDF/title page and move Catalog metadata, URLs, NAIDs, object filenames, and page-count basis to provenance.","Public/context promotion decision: Screen the online object and promote only after access posture, page boundaries, title, and source note are stable.; Promotion citation draft: If promoted, extract a publication-ready Source Note from the PDF/title page and move Catalog metadata, URLs, NAIDs, object filenames, and page-count basis to provenance.; Context/locator decision: Public material should usually locate internal files or support chronology unless it is intentionally selected as public text.",compiler-decision-log.csv; compiler-selection-board.md; compiler-access-review.md; compiler-source-note-finalization.md,"Source: Public Papers of the Presidents of the United States: George H.W. Bush, May 27, 1992, ""Remarks at the United States Naval Academy Commencement Ceremony in Annapolis, Maryland"", GovInfo package PPP-1992-book1, granule PPP-1992-book1-doc-pg820-2.",,https://www.govinfo.gov/content/pkg/PPP-1992-book1/pdf/PPP-1992-book1-doc-pg820-2.pdf
Potential lead,public-paper-lead-PPP-1992-book1-doc-pg944,,Low,45,Finalize source note,Use as locator/context unless selected,Afghanistan,1992-06-16,Remarks With President Boris Yeltsin of Russia Announcing Strategic Arms Reductions and an Exchange With Reporters,Chronology-only public context; Public presidential statement,,,Can the Source Note be finalized from the PDF citation sheet/title page while keeping provenance metadata out of the visible note?,"If promoted, extract a publication-ready Source Note from the PDF/title page and move Catalog metadata, URLs, NAIDs, object filenames, and page-count basis to provenance.","Public/context promotion decision: Screen the online object and promote only after access posture, page boundaries, title, and source note are stable.; Promotion citation draft: If promoted, extract a publication-ready Source Note from the PDF/title page and move Catalog metadata, URLs, NAIDs, object filenames, and page-count basis to provenance.; Context/locator decision: Public material should usually locate internal files or support chronology unless it is intentionally selected as public text.",compiler-decision-log.csv; compiler-selection-board.md; compiler-access-review.md; compiler-source-note-finalization.md,"Source: Public Papers of the Presidents of the United States: George H.W. Bush, June 16, 1992, ""Remarks With President Boris Yeltsin of Russia Announcing Strategic Arms Reductions and an Exchange With Reporters"", GovInfo package PPP-1992-book1, granule PPP-1992-book1-doc-pg944.",,https://www.govinfo.gov/content/pkg/PPP-1992-book1/pdf/PPP-1992-book1-doc-pg944.pdf
Potential lead,public-paper-lead-PPP-1992-book1-doc-pg953,,Low,45,Finalize source note,Use as locator/context unless selected,Afghanistan,1992-06-17,The President's News Conference With President Boris Yeltsin of Russia,Chronology-only public context; Public presidential statement,,,Can the Source Note be finalized from the PDF citation sheet/title page while keeping provenance metadata out of the visible note?,"If promoted, extract a publication-ready Source Note from the PDF/title page and move Catalog metadata, URLs, NAIDs, object filenames, and page-count basis to provenance.","Public/context promotion decision: Screen the online object and promote only after access posture, page boundaries, title, and source note are stable.; Promotion citation draft: If promoted, extract a publication-ready Source Note from the PDF/title page and move Catalog metadata, URLs, NAIDs, object filenames, and page-count basis to provenance.; Context/locator decision: Public material should usually locate internal files or support chronology unless it is intentionally selected as public text.",compiler-decision-log.csv; compiler-selection-board.md; compiler-access-review.md; compiler-source-note-finalization.md,"Source: Public Papers of the Presidents of the United States: George H.W. Bush, June 17, 1992, ""The President's News Conference With President Boris Yeltsin of Russia"", GovInfo package PPP-1992-book1, granule PPP-1992-book1-doc-pg953.",,https://www.govinfo.gov/content/pkg/PPP-1992-book1/pdf/PPP-1992-book1-doc-pg953.pdf
Potential lead,public-paper-lead-PPP-1992-book1-doc-pg1118,,Low,45,Finalize source note,Use as locator/context unless selected,Pakistan,1992-07-14,Nomination of John Cameron Monjo To Be United States Ambassador to Pakistan,Chronology-only public context; Public presidential statement,,,Can the Source Note be finalized from the PDF citation sheet/title page while keeping provenance metadata out of the visible note?,"If promoted, extract a publication-ready Source Note from the PDF/title page and move Catalog metadata, URLs, NAIDs, object filenames, and page-count basis to provenance.","Public/context promotion decision: Screen the online object and promote only after access posture, page boundaries, title, and source note are stable.; Promotion citation draft: If promoted, extract a publication-ready Source Note from the PDF/title page and move Catalog metadata, URLs, NAIDs, object filenames, and page-count basis to provenance.; Context/locator decision: Public material should usually locate internal files or support chronology unless it is intentionally selected as public text.",compiler-decision-log.csv; compiler-selection-board.md; compiler-access-review.md; compiler-source-note-finalization.md,"Source: Public Papers of the Presidents of the United States: George H.W. Bush, July 14, 1992, ""Nomination of John Cameron Monjo To Be United States Ambassador to Pakistan"", GovInfo package PPP-1992-book1, granule PPP-1992-book1-doc-pg1118.",,https://www.govinfo.gov/content/pkg/PPP-1992-book1/pdf/PPP-1992-book1-doc-pg1118.pdf
Potential lead,public-paper-lead-PPP-1992-book1-doc-pg1150,,Low,45,Finalize source note,Use as locator/context unless selected,Afghanistan,1992-07-21,"Remarks to Religious and Ethnic Groups in Garfield, New Jersey",Chronology-only public context; Public presidential statement,,,Can the Source Note be finalized from the PDF citation sheet/title page while keeping provenance metadata out of the visible note?,"If promoted, extract a publication-ready Source Note from the PDF/title page and move Catalog metadata, URLs, NAIDs, object filenames, and page-count basis to provenance.","Public/context promotion decision: Screen the online object and promote only after access posture, page boundaries, title, and source note are stable.; Promotion citation draft: If promoted, extract a publication-ready Source Note from the PDF/title page and move Catalog metadata, URLs, NAIDs, object filenames, and page-count basis to provenance.; Context/locator decision: Public material should usually locate internal files or support chronology unless it is intentionally selected as public text.",compiler-decision-log.csv; compiler-selection-board.md; compiler-access-review.md; compiler-source-note-finalization.md,"Source: Public Papers of the Presidents of the United States: George H.W. Bush, July 21, 1992, ""Remarks to Religious and Ethnic Groups in Garfield, New Jersey"", GovInfo package PPP-1992-book1, granule PPP-1992-book1-doc-pg1150.",,https://www.govinfo.gov/content/pkg/PPP-1992-book1/pdf/PPP-1992-book1-doc-pg1150.pdf
Potential lead,public-paper-lead-PPP-1992-book2-doc-pg1729,,Low,45,Finalize source note,Use as locator/context unless selected,Pakistan,1992-09-30,Presidential Determination No. 92-49--Memorandum on Disaster Assistance for Pakistan,Locator for internal decision file; Public presidential statement,,,Can the Source Note be finalized from the PDF citation sheet/title page while keeping provenance metadata out of the visible note?,"If promoted, extract a publication-ready Source Note from the PDF/title page and move Catalog metadata, URLs, NAIDs, object filenames, and page-count basis to provenance.","Public/context promotion decision: Screen the online object and promote only after access posture, page boundaries, title, and source note are stable.; Promotion citation draft: If promoted, extract a publication-ready Source Note from the PDF/title page and move Catalog metadata, URLs, NAIDs, object filenames, and page-count basis to provenance.; Context/locator decision: Public material should usually locate internal files or support chronology unless it is intentionally selected as public text.",compiler-decision-log.csv; compiler-selection-board.md; compiler-access-review.md; compiler-source-note-finalization.md,"Source: Public Papers of the Presidents of the United States: George H.W. Bush, September 30, 1992, ""Presidential Determination No. 92-49--Memorandum on Disaster Assistance for Pakistan"", GovInfo package PPP-1992-book2, granule PPP-1992-book2-doc-pg1729.",,https://www.govinfo.gov/content/pkg/PPP-1992-book2/pdf/PPP-1992-book2-doc-pg1729.pdf
Potential lead,public-paper-lead-PPP-1992-book2-doc-pg1740,,Low,45,Finalize source note,Use as locator/context unless selected,Regional,1992-10-02,Presidential Determination No. 93-1--Memorandum on Refugee Admissions,Locator for internal decision file; Public presidential statement,,,Can the Source Note be finalized from the PDF citation sheet/title page while keeping provenance metadata out of the visible note?,"If promoted, extract a publication-ready Source Note from the PDF/title page and move Catalog metadata, URLs, NAIDs, object filenames, and page-count basis to provenance.","Public/context promotion decision: Screen the online object and promote only after access posture, page boundaries, title, and source note are stable.; Promotion citation draft: If promoted, extract a publication-ready Source Note from the PDF/title page and move Catalog metadata, URLs, NAIDs, object filenames, and page-count basis to provenance.; Context/locator decision: Public material should usually locate internal files or support chronology unless it is intentionally selected as public text.",compiler-decision-log.csv; compiler-selection-board.md; compiler-access-review.md; compiler-source-note-finalization.md,"Source: Public Papers of the Presidents of the United States: George H.W. Bush, October 2, 1992, ""Presidential Determination No. 93-1--Memorandum on Refugee Admissions"", GovInfo package PPP-1992-book2, granule PPP-1992-book2-doc-pg1740.",,https://www.govinfo.gov/content/pkg/PPP-1992-book2/pdf/PPP-1992-book2-doc-pg1740.pdf
Potential lead,public-paper-lead-PPP-1992-book2-doc-pg1772,,Low,45,Finalize source note,Use as locator/context unless selected,Afghanistan,1992-10-07,Presidential Determination No. 93-3--Memorandum on Trade With Afghanistan,Locator for internal decision file; Public presidential statement,,,Can the Source Note be finalized from the PDF citation sheet/title page while keeping provenance metadata out of the visible note?,"If promoted, extract a publication-ready Source Note from the PDF/title page and move Catalog metadata, URLs, NAIDs, object filenames, and page-count basis to provenance.","Public/context promotion decision: Screen the online object and promote only after access posture, page boundaries, title, and source note are stable.; Promotion citation draft: If promoted, extract a publication-ready Source Note from the PDF/title page and move Catalog metadata, URLs, NAIDs, object filenames, and page-count basis to provenance.; Context/locator decision: Public material should usually locate internal files or support chronology unless it is intentionally selected as public text.",compiler-decision-log.csv; compiler-selection-board.md; compiler-access-review.md; compiler-source-note-finalization.md,"Source: Public Papers of the Presidents of the United States: George H.W. Bush, October 7, 1992, ""Presidential Determination No. 93-3--Memorandum on Trade With Afghanistan"", GovInfo package PPP-1992-book2, granule PPP-1992-book2-doc-pg1772.",,https://www.govinfo.gov/content/pkg/PPP-1992-book2/pdf/PPP-1992-book2-doc-pg1772.pdf
Potential lead,catalog-lead-543965098,,Low,45,Finalize source note,Context or later review,Regional,1992-11-02,WHPO-P37850,Locator/context lead; Online object available,,543965098,"Which pages contain policy-bearing material, and should any part be promoted to the confirmed chronology?",Confirm the exact selected page boundary and title before final numbering; do not rely on a folder-level title if only part of the PDF is selected.,"Unrestricted lead screening: Screen the online object and promote only after access posture, page boundaries, title, and source note are stable.; Medium boundary #62: Which pages contain policy-bearing material, and should any part be promoted to the confirmed chronology?; Page-boundary citation verification: Confirm the exact selected page boundary and title before final numbering; do not rely on a folder-level title if only part of the PDF is selected.; Context/locator decision: The lead is lower priority or contextual; keep visible but do not promote without a specific policy-bearing page or file.",compiler-decision-log.csv; compiler-selection-board.md; compiler-access-review.md; compiler-page-boundary-queue.md; compiler-source-note-finalization.md,"Source: George H.W. Bush Library, White House Photograph Office, George H. W. Bush Presidential Photographs, WHPO-P37850. Unrestricted.",https://catalog.archives.gov/id/543965098,https://s3.amazonaws.com/NARAprodstorage/lz/presidential-libraries/bush/gb-whpo/186364/P37850/41-AV-P37850-11021992.jpg
Potential lead,public-paper-lead-PPP-1992-book2-doc-pg2264,,Low,45,Finalize source note,Use as locator/context unless selected,Pakistan,1993-01-19,Letter to Congressional Leaders Reporting on Nuclear Nonproliferation,Locator for internal decision file; Public presidential statement,,,Can the Source Note be finalized from the PDF citation sheet/title page while keeping provenance metadata out of the visible note?,"If promoted, extract a publication-ready Source Note from the PDF/title page and move Catalog metadata, URLs, NAIDs, object filenames, and page-count basis to provenance.","Public/context promotion decision: Screen the online object and promote only after access posture, page boundaries, title, and source note are stable.; Promotion citation draft: If promoted, extract a publication-ready Source Note from the PDF/title page and move Catalog metadata, URLs, NAIDs, object filenames, and page-count basis to provenance.; Context/locator decision: Public material should usually locate internal files or support chronology unless it is intentionally selected as public text.",compiler-decision-log.csv; compiler-selection-board.md; compiler-access-review.md; compiler-source-note-finalization.md,"Source: Public Papers of the Presidents of the United States: George H.W. Bush, January 19, 1993, ""Letter to Congressional Leaders Reporting on Nuclear Nonproliferation"", GovInfo package PPP-1992-book2, granule PPP-1992-book2-doc-pg2264.",,https://www.govinfo.gov/content/pkg/PPP-1992-book2/pdf/PPP-1992-book2-doc-pg2264.pdf
