Item type,Compiler #,Audit status,Editorial lane,Issue count,Issues,Next action,Chapter or lane,Date,Title,Release or status,Pages,NAID,Local identifier,Source locator,Source-note basis,Published FRUS status,FRUS standard checklist,Source note,Provenance note,Catalog URL,PDF URL
Confirmed record,2.001,Visible note clean,Title/source verification,0,,Verify the catalog-derived title and source chain against the PDF or folder title page.,Pakistan,1989-01-23,Memorandum of Telephone Conversation,Full,1 page,428079777,[Memorandum of Telephone Conversations (Telcons) - January 1989-July 1989]: January 1989,Records of the National Security Council (George H. W. Bush Administration) | Presidential Telcon Files | [Memorandum of Telephone Conversations (Telcons) - January 1989-July 1989]: January 1989 | 1989-01-23--Bhutto.pdf,Bush Library citation-marker extraction; original classification Confidential.,Citation-marker target applied,starts with Source:; no URL/NAID/catalog/release ledger in visible note; Bush Presidential Records present; OA/ID or selected pages present; classification/no-marking captured,"Source: George H.W. Bush Library, Bush Presidential Records, National Security Council, Presidential Telcon Files, OA/ID CF01731-001, [Memorandum of Telephone Conversations (Telcons) - January 1989-July 1989]: January 1989. Confidential.","Source: George H.W. Bush Presidential Library and Museum, Digital Research Room, ""Memcons and Telcons"" table (https://www.bush41library.gov/digital-research-room/about-textual-collections/memcons-and-telcons), row: Date 1/23/1989; Type Telcon; Participants Bhutto, Benazir; Country Pakistan; Release Status Full; NAID 428079777. National Archives Catalog item: Telephone Conversation with Prime Minister Benazir Bhutto of Pakistan, January 23, 1989, NAID 428079777. Collection: Records of the National Security Council (George H. W. Bush Administration), NAID 2163580. Series: Presidential Telcon Files, NAID 321498139. File unit: [Memorandum of Telephone Conversations (Telcons) - January 1989-July 1989]: January 1989, NAID 322361434. Digital object: 1989-01-23--Bhutto.pdf, object ID 428079778, URL https://s3.us-east-1.amazonaws.com/NARAprodstorage/lz/presidential-libraries/bush/gb-nsc/321498139/1989-01-23--Bhutto.pdf. Access restriction: Unrestricted. Deduped local provenance: Brent Scowcroft Papers, Presidential Correspondence Files, NAID 366551686, 91111-001, source pages 14-14.",https://catalog.archives.gov/id/428079777,https://s3.us-east-1.amazonaws.com/NARAprodstorage/lz/presidential-libraries/bush/gb-nsc/321498139/1989-01-23--Bhutto.pdf
Confirmed record,2.002,Visible note clean,Title/source verification,0,,Verify the catalog-derived title and source chain against the PDF or folder title page.,Pakistan,1989-01-25,Memorandum of Telephone Conversation,Full,1 page,428079809,[Memorandum of Telephone Conversations (Telcons) - January 1989-July 1989]: January 1989,Records of the National Security Council (George H. W. Bush Administration) | Presidential Telcon Files | [Memorandum of Telephone Conversations (Telcons) - January 1989-July 1989]: January 1989 | 1989-01-25--Khan.pdf,Bush Library citation-marker extraction; no classification marking on first page.,Citation-marker target applied,starts with Source:; no URL/NAID/catalog/release ledger in visible note; Bush Presidential Records present; OA/ID or selected pages present; classification/no-marking captured,"Source: George H.W. Bush Library, Bush Presidential Records, National Security Council, Presidential Telcon Files, OA/ID CF01731-001, [Memorandum of Telephone Conversations (Telcons) - January 1989-July 1989]: January 1989. No classification marking.","Source: George H.W. Bush Presidential Library and Museum, Digital Research Room, ""Memcons and Telcons"" table (https://www.bush41library.gov/digital-research-room/about-textual-collections/memcons-and-telcons), row: Date 1/25/1989; Type Telcon; Participants Khan, Ghulam Ishaq; Country Pakistan; Release Status Full; NAID 428079809. National Archives Catalog item: Telephone Conversation with President Ghulam Ishaq Khan of Pakistan, January 25, 1989, NAID 428079809. Collection: Records of the National Security Council (George H. W. Bush Administration), NAID 2163580. Series: Presidential Telcon Files, NAID 321498139. File unit: [Memorandum of Telephone Conversations (Telcons) - January 1989-July 1989]: January 1989, NAID 322361434. Digital object: 1989-01-25--Khan.pdf, object ID 428079810, URL https://s3.us-east-1.amazonaws.com/NARAprodstorage/lz/presidential-libraries/bush/gb-nsc/321498139/1989-01-25--Khan.pdf. Access restriction: Unrestricted. Deduped local provenance: Brent Scowcroft Papers, Presidential Correspondence Files, NAID 366551686, 91111-001, source pages 34-34.",https://catalog.archives.gov/id/428079809,https://s3.us-east-1.amazonaws.com/NARAprodstorage/lz/presidential-libraries/bush/gb-nsc/321498139/1989-01-25--Khan.pdf
Confirmed record,1.001,Visible note clean,Access-status decision,0,,Confirm whether this item can be selected or should only be cited as withheld/restricted context.,Afghanistan,1989-02-07,"NSR-1 - February 07, 1989 - Afghanistan",Restricted - Possibly,30 pages,446394923,90006-001,Records of the National Security Council (George H. W. Bush Administration) | H-Files - National Security Review (NSR) Files | 90006-001 | 41-bpr-nsc-hfiles-nsr-1-90006-001.pdf,FRUS-style archival chain generated from local source metadata; verify against PDF or title page before final selection.,Metadata-derived draft; verify against PDF/title page,starts with Source:; no URL/NAID/catalog/release ledger in visible note; Bush Presidential Records present; OA/ID or selected pages present; classification pending unless not visible,"Source: George H.W. Bush Library, Bush Presidential Records, National Security Council, H-Files, NSR Files, NSR-1 - February 07, 1989 - Afghanistan, OA/ID 90006-001.","Source: National Archives Catalog, Records of the National Security Council (George H. W. Bush Administration), H-Files - National Security Review (NSR) Files, 90006-001, NAID 446394923. Catalog URL: https://catalog.archives.gov/id/446394923. Series URL: https://catalog.archives.gov/id/313189297. Digital object: 41-bpr-nsc-hfiles-nsr-1-90006-001.pdf, object ID 483296573, URL https://s3.amazonaws.com/NARAprodstorage/lz/presidential-libraries/bush/gb-nsc/H-Files/NSRs_313189297/41-bpr-nsc-hfiles-nsr-1-90006-001.pdf. Page count: 30 (measured from available PDF). FOIA tracking: 2005-0052-F. Other finding aid identifier: Pres-Bush. Container: 90006. Access restriction: Restricted - Possibly.",https://catalog.archives.gov/id/446394923,https://s3.amazonaws.com/NARAprodstorage/lz/presidential-libraries/bush/gb-nsc/H-Files/NSRs_313189297/41-bpr-nsc-hfiles-nsr-1-90006-001.pdf
Confirmed record,1.002,Visible note clean,Access-status decision,0,,Confirm whether this item can be selected or should only be cited as withheld/restricted context.,Afghanistan,1989-02-08,"NSC/DC 001 - February 08, 1989 - NSC/DC Meeting on Afghanistan, Keywords: Afghanistan",Restricted - Possibly,52 pages,470760975,90009-001,Records of the National Security Council (George H. W. Bush Administration) | H-Files - National Security Council (NSC)/Deputies Committee (DC) Meetings Files | 90009-001 | 41-bpr-nsc-hfiles-dc_mtgs-1-90009-001.pdf,FRUS-style archival chain generated from local source metadata; verify against PDF or title page before final selection.,Metadata-derived draft; verify against PDF/title page,starts with Source:; no URL/NAID/catalog/release ledger in visible note; Bush Presidential Records present; OA/ID or selected pages present; classification pending unless not visible,"Source: George H.W. Bush Library, Bush Presidential Records, National Security Council, H-Files, NSC/DC Meetings Files, NSC/DC 001 - February 08, 1989 - NSC/DC Meeting on Afghanistan, Keywords: Afghanistan, OA/ID 90009-001.","Source: National Archives Catalog, Records of the National Security Council (George H. W. Bush Administration), H-Files - National Security Council (NSC)/Deputies Committee (DC) Meetings Files, 90009-001, NAID 470760975. Catalog URL: https://catalog.archives.gov/id/470760975. Series URL: https://catalog.archives.gov/id/312294079. Digital object: 41-bpr-nsc-hfiles-dc_mtgs-1-90009-001.pdf, object ID 483295786, URL https://s3.amazonaws.com/NARAprodstorage/lz/presidential-libraries/bush/gb-nsc/H-Files/NSC-DC_Mtgs_312294079/41-bpr-nsc-hfiles-dc_mtgs-1-90009-001.pdf. Page count: 52 (measured from available PDF). FOIA tracking: 2005-0052-F, 2005-1002-F, 2008-1289-F. Other finding aid identifier: Pres-Bush, Pres-Bush. Container: 90009. Access restriction: Restricted - Possibly.",https://catalog.archives.gov/id/470760975,https://s3.amazonaws.com/NARAprodstorage/lz/presidential-libraries/bush/gb-nsc/H-Files/NSC-DC_Mtgs_312294079/41-bpr-nsc-hfiles-dc_mtgs-1-90009-001.pdf
Confirmed record,1.003,Visible note clean,Access-status decision,0,,Confirm whether this item can be selected or should only be cited as withheld/restricted context.,Afghanistan,1989-02-10,"NSC0001 - February 10, 1989 - Afghanistan",Restricted - Possibly,20 pages,470760885,90000-001,Records of the National Security Council (George H. W. Bush Administration) | H-Files - National Security Council (NSC) Meeting Files | 90000-001 | 41-bpr-nsc-hfiles-nsc_mtgs-1-90000-001.pdf,FRUS-style archival chain generated from local source metadata; verify against PDF or title page before final selection.,Metadata-derived draft; verify against PDF/title page,starts with Source:; no URL/NAID/catalog/release ledger in visible note; Bush Presidential Records present; OA/ID or selected pages present; classification pending unless not visible,"Source: George H.W. Bush Library, Bush Presidential Records, National Security Council, H-Files, NSC Meetings Files, NSC0001 - February 10, 1989 - Afghanistan, OA/ID 90000-001.","Source: National Archives Catalog, Records of the National Security Council (George H. W. Bush Administration), H-Files - National Security Council (NSC) Meeting Files, 90000-001, NAID 470760885. Catalog URL: https://catalog.archives.gov/id/470760885. Series URL: https://catalog.archives.gov/id/312293887. Digital object: 41-bpr-nsc-hfiles-nsc_mtgs-1-90000-001.pdf, object ID 483296377, URL https://s3.amazonaws.com/NARAprodstorage/lz/presidential-libraries/bush/gb-nsc/H-Files/NSC_Mtgs_312293887/41-bpr-nsc-hfiles-nsc_mtgs-1-90000-001.pdf. Page count: 20 (measured from available PDF). FOIA tracking: 2005-1003-F, 2005-0052-F, 2009-0857-F. Other finding aid identifier: Pres-Bush, Pres-Bush. Container: 90000. Access restriction: Restricted - Possibly. Deduped local provenance: Records of the National Security Council (George H. W. Bush Administration), Richard N. Haass' Meeting Files, NAID 470426212, CF01625-001.",https://catalog.archives.gov/id/470760885,https://s3.amazonaws.com/NARAprodstorage/lz/presidential-libraries/bush/gb-nsc/H-Files/NSC_Mtgs_312293887/41-bpr-nsc-hfiles-nsc_mtgs-1-90000-001.pdf
Confirmed record,1.004,Visible note clean,Access-status decision,0,,Confirm whether this item can be selected or should only be cited as withheld/restricted context.,Afghanistan,1989-02-13,"NSD-3 - February 13, 1989 - U.S. Policy toward Afghanistan (File located @ LM)",Restricted - Possibly,52 pages,446396813,90003-004,Records of the National Security Council (George H. W. Bush Administration) | H-Files - National Security Directive (NSD) Files | 90003-004 | 41-bpr-nsc-hfiles-nsd-3-90003-004.pdf,FRUS-style archival chain generated from local source metadata; verify against PDF or title page before final selection.,Metadata-derived draft; verify against PDF/title page,starts with Source:; no URL/NAID/catalog/release ledger in visible note; Bush Presidential Records present; OA/ID or selected pages present; classification pending unless not visible,"Source: George H.W. Bush Library, Bush Presidential Records, National Security Council, H-Files, NSD Files, NSD-3 - February 13, 1989 - U.S. Policy toward Afghanistan (File located @ LM), OA/ID 90003-004.","Source: National Archives Catalog, Records of the National Security Council (George H. W. Bush Administration), H-Files - National Security Directive (NSD) Files, 90003-004, NAID 446396813. Catalog URL: https://catalog.archives.gov/id/446396813. Series URL: https://catalog.archives.gov/id/313189290. Digital object: 41-bpr-nsc-hfiles-nsd-3-90003-004.pdf, object ID 483296494, URL https://s3.amazonaws.com/NARAprodstorage/lz/presidential-libraries/bush/gb-nsc/H-Files/NSDs_313189290/41-bpr-nsc-hfiles-nsd-3-90003-004.pdf. Page count: 52 (measured from available PDF). FOIA tracking: 2005-0052-F. Other finding aid identifier: Pres-Bush. Container: 90003. Access restriction: Restricted - Possibly.",https://catalog.archives.gov/id/446396813,https://s3.amazonaws.com/NARAprodstorage/lz/presidential-libraries/bush/gb-nsc/H-Files/NSDs_313189290/41-bpr-nsc-hfiles-nsd-3-90003-004.pdf
Confirmed record,4.001,Visible note clean,Access-status decision,0,,Confirm whether this item can be selected or should only be cited as withheld/restricted context.,Regional,1989-02-22,"NSR-8 - February 22, 1989 - U.S. Policy Toward South Asia",Restricted - Possibly,95 pages,446394933,90006-011,Records of the National Security Council (George H. W. Bush Administration) | H-Files - National Security Review (NSR) Files | 90006-011 | 41-bpr-nsc-hfiles-nsr-8-90006-011.pdf,FRUS-style archival chain generated from local source metadata; verify against PDF or title page before final selection.,Metadata-derived draft; verify against PDF/title page,starts with Source:; no URL/NAID/catalog/release ledger in visible note; Bush Presidential Records present; OA/ID or selected pages present; classification pending unless not visible,"Source: George H.W. Bush Library, Bush Presidential Records, National Security Council, H-Files, NSR Files, NSR-8 - February 22, 1989 - U.S. Policy Toward South Asia, OA/ID 90006-011.","Source: National Archives Catalog, Records of the National Security Council (George H. W. Bush Administration), H-Files - National Security Review (NSR) Files, 90006-011, NAID 446394933. Catalog URL: https://catalog.archives.gov/id/446394933. Series URL: https://catalog.archives.gov/id/313189297. Digital object: 41-bpr-nsc-hfiles-nsr-8-90006-011.pdf, object ID 483296636, URL https://s3.amazonaws.com/NARAprodstorage/lz/presidential-libraries/bush/gb-nsc/H-Files/NSRs_313189297/41-bpr-nsc-hfiles-nsr-8-90006-011.pdf. Page count: 95 (measured from available PDF). Other finding aid identifier: Pres-Bush. Container: 90006. Access restriction: Restricted - Possibly.",https://catalog.archives.gov/id/446394933,https://s3.amazonaws.com/NARAprodstorage/lz/presidential-libraries/bush/gb-nsc/H-Files/NSRs_313189297/41-bpr-nsc-hfiles-nsr-8-90006-011.pdf
Confirmed record,3.001,Visible note clean,Title/source verification,0,,Verify the catalog-derived title and source chain against the PDF or folder title page.,India,1989-02-23,Memorandum of Conversation,Full,9 pages,428079855,[Memorandum of Conversations (Memcons)-January 1989-May 1989]: February 1989,Records of the National Security Council (George H. W. Bush Administration) | Presidential Memcon Files | [Memorandum of Conversations (Memcons)-January 1989-May 1989]: February 1989 | 1989-02-23--Venkataraman.pdf,Bush Library citation-marker extraction; original classification Confidential.,Citation-marker target applied,starts with Source:; no URL/NAID/catalog/release ledger in visible note; Bush Presidential Records present; OA/ID or selected pages present; classification/no-marking captured,"Source: George H.W. Bush Library, Bush Presidential Records, National Security Council, Presidential Memcon Files, OA/ID CF01729-002, [Memorandum of Conversations (Memcons) - January 1989-May 1989]: February 1989. Confidential.","Source: George H.W. Bush Presidential Library and Museum, Digital Research Room, ""Memcons and Telcons"" table (https://www.bush41library.gov/digital-research-room/about-textual-collections/memcons-and-telcons), row: Date 2/23/1989; Type Memcon; Participants Venkataraman, Ramaswamy Iyer; Country India; Release Status Full; NAID 428079855. National Archives Catalog item: President's Meeting with President Ramaswamy Iyer Venkataraman of India, February 23, 1989, NAID 428079855. Collection: Records of the National Security Council (George H. W. Bush Administration), NAID 2163580. Series: Presidential Memcon Files, NAID 321498039. File unit: [Memorandum of Conversations (Memcons)-January 1989-May 1989]: February 1989, NAID 325377380. Digital object: 1989-02-23--Venkataraman.pdf, object ID 428079856, URL https://s3.us-east-1.amazonaws.com/NARAprodstorage/lz/presidential-libraries/bush/gb-nsc/321498039/1989-02-23--Venkataraman.pdf. Access restriction: Unrestricted. Deduped local provenance: Brent Scowcroft Papers, Presidential Correspondence Files, NAID 366551660, 91107-001, source pages 55-63.",https://catalog.archives.gov/id/428079855,https://s3.us-east-1.amazonaws.com/NARAprodstorage/lz/presidential-libraries/bush/gb-nsc/321498039/1989-02-23--Venkataraman.pdf
Confirmed record,1.005,Visible note clean,Ready source-note check,0,,Ready for final editor source-note check.,Afghanistan,1989-02-24,Memorandum of Conversation,Declassified,4 pages,366551660,91107-001,Brent Scowcroft Papers | Presidential Correspondence Files | 91107-001 | source pages 75-78 | 41-bpr-scow-pcor-memcon-91107-001.pdf,FRUS-style archival chain generated from local source metadata; verify against PDF or title page before final selection.,Metadata-derived draft; verify against PDF/title page,starts with Source:; no URL/NAID/catalog/release ledger in visible note; Bush Presidential Records present; OA/ID or selected pages present; classification pending unless not visible,"Source: George H.W. Bush Library, Bush Presidential Records, Brent Scowcroft Collection, Presidential Correspondence Files, Presidential Meetings--Memorandum of Conversations 1/24/89-2/25/89, OA/ID 91107-001, source pages 75-78.","Source: George H.W. Bush Library, Brent Scowcroft Papers, Presidential Correspondence Files, Presidential Meetings--Memorandum of Conversations 1/24/89-2/25/89, 91107-001, NAID 366551660, source pages 75-78.",https://catalog.archives.gov/id/366551660,documents/afghanistan/1989-02-24-bush-turgut-ozal-memcon-scowcroft.pdf
Confirmed record,2.003,Visible note clean,Title/source verification,0,,Verify the catalog-derived title and source chain against the PDF or folder title page.,Pakistan,1989-02-24,Memorandum of Conversation,Full,7 pages,428079859,[Memorandum of Conversations (Memcons)-January 1989-May 1989]: February 1989,Records of the National Security Council (George H. W. Bush Administration) | Presidential Memcon Files | [Memorandum of Conversations (Memcons)-January 1989-May 1989]: February 1989 | 1989-02-24--Bhutto.pdf,Bush Library citation-marker extraction; original classification Secret.,Citation-marker target applied,starts with Source:; no URL/NAID/catalog/release ledger in visible note; Bush Presidential Records present; OA/ID or selected pages present; classification/no-marking captured,"Source: George H.W. Bush Library, Bush Presidential Records, National Security Council, Presidential Memcon Files, OA/ID CF01729-002, [Memorandum of Conversations (Memcons) - January 1989-May 1989]: February 1989. Secret.","Source: George H.W. Bush Presidential Library and Museum, Digital Research Room, ""Memcons and Telcons"" table (https://www.bush41library.gov/digital-research-room/about-textual-collections/memcons-and-telcons), row: Date 2/24/1989; Type Memcon; Participants Bhutto, Benazir; Country Pakistan; Release Status Full; NAID 428079859. National Archives Catalog item: President's Meeting with Prime Minister Benazir Bhutto of Pakistan, February 24, 1989, NAID 428079859. Collection: Records of the National Security Council (George H. W. Bush Administration), NAID 2163580. Series: Presidential Memcon Files, NAID 321498039. File unit: [Memorandum of Conversations (Memcons)-January 1989-May 1989]: February 1989, NAID 325377380. Digital object: 1989-02-24--Bhutto.pdf, object ID 428079860, URL https://s3.us-east-1.amazonaws.com/NARAprodstorage/lz/presidential-libraries/bush/gb-nsc/321498039/1989-02-24--Bhutto.pdf. Access restriction: Unrestricted. Deduped local provenance: Brent Scowcroft Papers, Presidential Correspondence Files, NAID 366551660, 91107-001, source pages 79-85.",https://catalog.archives.gov/id/428079859,https://s3.us-east-1.amazonaws.com/NARAprodstorage/lz/presidential-libraries/bush/gb-nsc/321498039/1989-02-24--Bhutto.pdf
Confirmed record,2.004,Visible note clean,Ready source-note check,0,,Ready for final editor source-note check.,Pakistan,1989-02-25,Memorandum of Conversation,Declassified,2 pages,366551660,91107-001,Brent Scowcroft Papers | Presidential Correspondence Files | 91107-001 | source pages 111-112 | 41-bpr-scow-pcor-memcon-91107-001.pdf,FRUS-style archival chain generated from local source metadata; verify against PDF or title page before final selection.,Metadata-derived draft; verify against PDF/title page,starts with Source:; no URL/NAID/catalog/release ledger in visible note; Bush Presidential Records present; OA/ID or selected pages present; classification pending unless not visible,"Source: George H.W. Bush Library, Bush Presidential Records, Brent Scowcroft Collection, Presidential Correspondence Files, Presidential Meetings--Memorandum of Conversations 1/24/89-2/25/89, OA/ID 91107-001, source pages 111-112.","Source: George H.W. Bush Library, Brent Scowcroft Papers, Presidential Correspondence Files, Presidential Meetings--Memorandum of Conversations 1/24/89-2/25/89, 91107-001, NAID 366551660, source pages 111-112.",https://catalog.archives.gov/id/366551660,documents/pakistan/1989-02-25-bush-benazir-bhutto-memcon-scowcroft.pdf
Confirmed record,3.002,Visible note clean,Ready source-note check,0,,Ready for final editor source-note check.,India,1989-02-26,Memorandum of Conversation,Declassified,12 pages,366551661,91107-002,Brent Scowcroft Papers | Presidential Correspondence Files | 91107-002 | source pages 21-32 | 41-bpr-scow-pcor-memcon-91107-002.pdf,FRUS-style archival chain generated from local source metadata; verify against PDF or title page before final selection.,Metadata-derived draft; verify against PDF/title page,starts with Source:; no URL/NAID/catalog/release ledger in visible note; Bush Presidential Records present; OA/ID or selected pages present; classification pending unless not visible,"Source: George H.W. Bush Library, Bush Presidential Records, Brent Scowcroft Collection, Presidential Correspondence Files, Presidential Meetings--Memorandum of Conversations 2/26/89-4/19/89, OA/ID 91107-002, source pages 21-32.","Source: George H.W. Bush Library, Brent Scowcroft Papers, Presidential Correspondence Files, Presidential Meetings--Memorandum of Conversations 2/26/89-4/19/89, 91107-002, NAID 366551661, source pages 21-32.",https://catalog.archives.gov/id/366551661,documents/india/1989-02-26-bush-zhao-ziyang-memcon-scowcroft.pdf
Confirmed record,1.006,Visible note clean,Access-status decision,0,,Confirm whether this item can be selected or should only be cited as withheld/restricted context.,Afghanistan,1989-03-08,"NSC/DC 005 - March 08, 1989 - NSC/DC Meeting on Non-Lethal Finding and Transfer of Funds re: Afghanistan, Keywords: Afghanistan",Restricted - Possibly,6 pages,470760979,90009-005,Records of the National Security Council (George H. W. Bush Administration) | H-Files - National Security Council (NSC)/Deputies Committee (DC) Meetings Files | 90009-005 | 41-bpr-nsc-hfiles-dc_mtgs-5-90009-005.pdf,FRUS-style archival chain generated from local source metadata; verify against PDF or title page before final selection.,Metadata-derived draft; verify against PDF/title page,starts with Source:; no URL/NAID/catalog/release ledger in visible note; Bush Presidential Records present; OA/ID or selected pages present; classification pending unless not visible,"Source: George H.W. Bush Library, Bush Presidential Records, National Security Council, H-Files, NSC/DC Meetings Files, NSC/DC 005 - March 08, 1989 - NSC/DC Meeting on Non-Lethal Finding and Transfer of Funds re: Afghanistan, Keywords: Afghanistan, OA/ID 90009-005.","Source: National Archives Catalog, Records of the National Security Council (George H. W. Bush Administration), H-Files - National Security Council (NSC)/Deputies Committee (DC) Meetings Files, 90009-005, NAID 470760979. Catalog URL: https://catalog.archives.gov/id/470760979. Series URL: https://catalog.archives.gov/id/312294079. Digital object: 41-bpr-nsc-hfiles-dc_mtgs-5-90009-005.pdf, object ID 483296203, URL https://s3.amazonaws.com/NARAprodstorage/lz/presidential-libraries/bush/gb-nsc/H-Files/NSC-DC_Mtgs_312294079/41-bpr-nsc-hfiles-dc_mtgs-5-90009-005.pdf. Page count: 6 (measured from available PDF). FOIA tracking: 2008-1289-F, 2005-0052-F, 2005-1002-F. Other finding aid identifier: Pres-Bush, Pres-Bush. Container: 90009. Access restriction: Restricted - Possibly.",https://catalog.archives.gov/id/470760979,https://s3.amazonaws.com/NARAprodstorage/lz/presidential-libraries/bush/gb-nsc/H-Files/NSC-DC_Mtgs_312294079/41-bpr-nsc-hfiles-dc_mtgs-5-90009-005.pdf
Confirmed record,1.007,Visible note clean,Access-status decision,0,,Confirm whether this item can be selected or should only be cited as withheld/restricted context.,Afghanistan,1989-03-14,"NSC0004 - March 14, 1989 - Panama, Nicaragua, Afghanistan (File located @ LM)",Restricted - Possibly,1 page,470760888,90000-004,Records of the National Security Council (George H. W. Bush Administration) | H-Files - National Security Council (NSC) Meeting Files | 90000-004 | 41-bpr-nsc-hfiles-nsc_mtgs-4-90000-004.pdf,FRUS-style archival chain generated from local source metadata; verify against PDF or title page before final selection.,Metadata-derived draft; verify against PDF/title page,starts with Source:; no URL/NAID/catalog/release ledger in visible note; Bush Presidential Records present; OA/ID or selected pages present; classification pending unless not visible,"Source: George H.W. Bush Library, Bush Presidential Records, National Security Council, H-Files, NSC Meetings Files, NSC0004 - March 14, 1989 - Panama, Nicaragua, Afghanistan (File located @ LM), OA/ID 90000-004.","Source: National Archives Catalog, Records of the National Security Council (George H. W. Bush Administration), H-Files - National Security Council (NSC) Meeting Files, 90000-004, NAID 470760888. Catalog URL: https://catalog.archives.gov/id/470760888. Series URL: https://catalog.archives.gov/id/312293887. Digital object: 41-bpr-nsc-hfiles-nsc_mtgs-4-90000-004.pdf, object ID 483296427, URL https://s3.amazonaws.com/NARAprodstorage/lz/presidential-libraries/bush/gb-nsc/H-Files/NSC_Mtgs_312293887/41-bpr-nsc-hfiles-nsc_mtgs-4-90000-004.pdf. Page count: 1 (measured from available PDF). FOIA tracking: 2004-0722-F, 2009-0857-F, 2004-0728-F, 2005-0989-F, 2005-0052-F, 2005-0992-F, 2005-1003-F. Other finding aid identifier: Pres-Bush, Pres-Bush. Container: 90000. Access restriction: Restricted - Possibly.",https://catalog.archives.gov/id/470760888,https://s3.amazonaws.com/NARAprodstorage/lz/presidential-libraries/bush/gb-nsc/H-Files/NSC_Mtgs_312293887/41-bpr-nsc-hfiles-nsc_mtgs-4-90000-004.pdf
Confirmed record,1.008,Visible note clean,Access-status decision,0,,Confirm whether this item can be selected or should only be cited as withheld/restricted context.,Afghanistan,1989-03-18,"NSD-5 - March 18, 1989 - Legislation to Authorize the Transfer of Funds to the Agency for International Development (AID) for Humanitarian Assistance to Afghanistan (File located @ LM)",Restricted - Possibly,43 pages,446396815,90003-006,Records of the National Security Council (George H. W. Bush Administration) | H-Files - National Security Directive (NSD) Files | 90003-006 | 41-bpr-nsc-hfiles-nsd-5-90003-006.pdf,FRUS-style archival chain generated from local source metadata; verify against PDF or title page before final selection.,Metadata-derived draft; verify against PDF/title page,starts with Source:; no URL/NAID/catalog/release ledger in visible note; Bush Presidential Records present; OA/ID or selected pages present; classification pending unless not visible,"Source: George H.W. Bush Library, Bush Presidential Records, National Security Council, H-Files, NSD Files, NSD-5 - March 18, 1989 - Legislation to Authorize the Transfer of Funds to the Agency for International Development (AID) for Humanitarian Assistance to Afghanistan (File located @ LM), OA/ID 90003-006.","Source: National Archives Catalog, Records of the National Security Council (George H. W. Bush Administration), H-Files - National Security Directive (NSD) Files, 90003-006, NAID 446396815. Catalog URL: https://catalog.archives.gov/id/446396815. Series URL: https://catalog.archives.gov/id/313189290. Digital object: 41-bpr-nsc-hfiles-nsd-5-90003-006.pdf, object ID 483296520, URL https://s3.amazonaws.com/NARAprodstorage/lz/presidential-libraries/bush/gb-nsc/H-Files/NSDs_313189290/41-bpr-nsc-hfiles-nsd-5-90003-006.pdf. Page count: 43 (measured from available PDF). FOIA tracking: 2005-0052-F. Other finding aid identifier: Pres-Bush. Container: 90003. Access restriction: Restricted - Possibly.",https://catalog.archives.gov/id/446396815,https://s3.amazonaws.com/NARAprodstorage/lz/presidential-libraries/bush/gb-nsc/H-Files/NSDs_313189290/41-bpr-nsc-hfiles-nsd-5-90003-006.pdf
Confirmed record,4.002,Visible note clean,Access-status decision,0,,Confirm whether this item can be selected or should only be cited as withheld/restricted context.,Regional,1989-04-07,"NSC/DC 017 - April 07, 1989 - NSC/DC Meeting on South Asia, Keywords: South Asia",Restricted - Possibly,102 pages,470760991,90009-017,Records of the National Security Council (George H. W. Bush Administration) | H-Files - National Security Council (NSC)/Deputies Committee (DC) Meetings Files | 90009-017 | 41-bpr-nsc-hfiles-dc_mtgs-17-90009-017.pdf,FRUS-style archival chain generated from local source metadata; verify against PDF or title page before final selection.,Metadata-derived draft; verify against PDF/title page,starts with Source:; no URL/NAID/catalog/release ledger in visible note; Bush Presidential Records present; OA/ID or selected pages present; classification pending unless not visible,"Source: George H.W. Bush Library, Bush Presidential Records, National Security Council, H-Files, NSC/DC Meetings Files, NSC/DC 017 - April 07, 1989 - NSC/DC Meeting on South Asia, Keywords: South Asia, OA/ID 90009-017.","Source: National Archives Catalog, Records of the National Security Council (George H. W. Bush Administration), H-Files - National Security Council (NSC)/Deputies Committee (DC) Meetings Files, 90009-017, NAID 470760991. Catalog URL: https://catalog.archives.gov/id/470760991. Series URL: https://catalog.archives.gov/id/312294079. Digital object: 41-bpr-nsc-hfiles-dc_mtgs-17-90009-017.pdf, object ID 483295871, URL https://s3.amazonaws.com/NARAprodstorage/lz/presidential-libraries/bush/gb-nsc/H-Files/NSC-DC_Mtgs_312294079/41-bpr-nsc-hfiles-dc_mtgs-17-90009-017.pdf. Page count: 102 (measured from available PDF). FOIA tracking: 2005-1002-F, 2008-1289-F. Other finding aid identifier: Pres-Bush, Pres-Bush. Container: 90009. Access restriction: Restricted - Possibly. Deduped local provenance: Records of the National Security Council (George H. W. Bush Administration), Richard N. Haass' Meeting Files, NAID 470426183, CF01618-009.",https://catalog.archives.gov/id/470760991,https://s3.amazonaws.com/NARAprodstorage/lz/presidential-libraries/bush/gb-nsc/H-Files/NSC-DC_Mtgs_312294079/41-bpr-nsc-hfiles-dc_mtgs-17-90009-017.pdf
Confirmed record,1.009,Visible note clean,Ready source-note check,0,,Ready for final editor source-note check.,Afghanistan,1989-04-11,Memorandum of a Telephone Conversation,Declassified,2 pages,366551686,91111-001,Brent Scowcroft Papers | Presidential Correspondence Files | 91111-001 | source pages 65-66 | 41-bpr-scow-pcor-telcon-91111-001.pdf,FRUS-style archival chain generated from local source metadata; verify against PDF or title page before final selection.,Metadata-derived draft; verify against PDF/title page,starts with Source:; no URL/NAID/catalog/release ledger in visible note; Bush Presidential Records present; OA/ID or selected pages present; classification pending unless not visible,"Source: George H.W. Bush Library, Bush Presidential Records, Brent Scowcroft Collection, Presidential Correspondence Files, Presidential Telephone Calls--Memorandum of Conversations 1/23/89-5/10/89, OA/ID 91111-001, source pages 65-66.","Source: George H.W. Bush Library, Brent Scowcroft Papers, Presidential Correspondence Files, Presidential Telephone Calls--Memorandum of Conversations 1/23/89-5/10/89, 91111-001, NAID 366551686, source pages 65-66.",https://catalog.archives.gov/id/366551686,documents/afghanistan/1989-04-11-bush-king-fahd-telcon-scowcroft.pdf
Confirmed record,3.003,Visible note clean,Access-status decision,0,,Confirm whether this item can be selected or should only be cited as withheld/restricted context.,India,1989-05-04,"NSC/DC 022 - May 04, 1989 - NSC/DC Meeting on South Asia, Keywords: South Asia, India (File located @ LM)",Restricted - Possibly,45 pages,470760996,90010-001,Records of the National Security Council (George H. W. Bush Administration) | H-Files - National Security Council (NSC)/Deputies Committee (DC) Meetings Files | 90010-001 | 41-bpr-nsc-hfiles-dc_mtgs-22-90010-001.pdf,FRUS-style archival chain generated from local source metadata; verify against PDF or title page before final selection.,Metadata-derived draft; verify against PDF/title page,starts with Source:; no URL/NAID/catalog/release ledger in visible note; Bush Presidential Records present; OA/ID or selected pages present; classification pending unless not visible,"Source: George H.W. Bush Library, Bush Presidential Records, National Security Council, H-Files, NSC/DC Meetings Files, NSC/DC 022 - May 04, 1989 - NSC/DC Meeting on South Asia, Keywords: South Asia, India (File located @ LM), OA/ID 90010-001.","Source: National Archives Catalog, Records of the National Security Council (George H. W. Bush Administration), H-Files - National Security Council (NSC)/Deputies Committee (DC) Meetings Files, 90010-001, NAID 470760996. Catalog URL: https://catalog.archives.gov/id/470760996. Series URL: https://catalog.archives.gov/id/312294079. Digital object: 41-bpr-nsc-hfiles-dc_mtgs-22-90010-001.pdf, object ID 483295936, URL https://s3.amazonaws.com/NARAprodstorage/lz/presidential-libraries/bush/gb-nsc/H-Files/NSC-DC_Mtgs_312294079/41-bpr-nsc-hfiles-dc_mtgs-22-90010-001.pdf. Page count: 45 (measured from available PDF). FOIA tracking: 2005-1002-F, 2008-1289-F. Other finding aid identifier: Pres-Bush, Pres-Bush. Container: 90010. Access restriction: Restricted - Possibly.",https://catalog.archives.gov/id/470760996,https://s3.amazonaws.com/NARAprodstorage/lz/presidential-libraries/bush/gb-nsc/H-Files/NSC-DC_Mtgs_312294079/41-bpr-nsc-hfiles-dc_mtgs-22-90010-001.pdf
Confirmed record,2.005,Visible note clean,Title/source verification,0,,Verify the catalog-derived title and source chain against the PDF or folder title page.,Pakistan,1989-06-06,Memorandum of Conversation,Full,3 pages,428080031,[Memorandum of Conversations (Memcons) - June 1989-December 1989]: June 1989,Records of the National Security Council (George H. W. Bush Administration) | Presidential Memcon Files | [Memorandum of Conversations (Memcons) - June 1989-December 1989]: June 1989 | 1989-06-06--Bhutto.pdf,Bush Library citation-marker extraction; original classification Secret.,Citation-marker target applied,starts with Source:; no URL/NAID/catalog/release ledger in visible note; Bush Presidential Records present; OA/ID or selected pages present; classification/no-marking captured,"Source: George H.W. Bush Library, Bush Presidential Records, National Security Council, Presidential Memcon Files, OA/ID CF01729-006, [Memorandum of Conversations (Memcons) - June 1989-December 1989]: June 1989. Secret.","Source: George H.W. Bush Presidential Library and Museum, Digital Research Room, ""Memcons and Telcons"" table (https://www.bush41library.gov/digital-research-room/about-textual-collections/memcons-and-telcons), row: Date 6/6/1989; Type Memcon; Participants Bhutto, Benazir; Country Pakistan; Release Status Full; NAID 428080031. National Archives Catalog item: Plenary Meeting with Prime Minister Bhutto of Pakistan, June 6, 1989, NAID 428080031. Collection: Records of the National Security Council (George H. W. Bush Administration), NAID 2163580. Series: Presidential Memcon Files, NAID 321498039. File unit: [Memorandum of Conversations (Memcons) - June 1989-December 1989]: June 1989, NAID 325377389. Digital object: 1989-06-06--Bhutto.pdf, object ID 428080032, URL https://s3.us-east-1.amazonaws.com/NARAprodstorage/lz/presidential-libraries/bush/gb-nsc/321498039/1989-06-06--Bhutto.pdf. Access restriction: Unrestricted. Deduped local provenance: Brent Scowcroft Papers, Presidential Correspondence Files, NAID 366551663, 91107-004, source pages 21-23; Records of the National Security Council (George H. W. Bush Administration), Richard N. Haass' Presidential Meeting Files, NAID 470426373, CF01404-020.",https://catalog.archives.gov/id/428080031,https://s3.us-east-1.amazonaws.com/NARAprodstorage/lz/presidential-libraries/bush/gb-nsc/321498039/1989-06-06--Bhutto.pdf
Confirmed record,2.006,Visible note clean,Ready source-note check,0,,Ready for final editor source-note check.,Pakistan,1989-06-07,Memorandum of a Telephone Conversation,Declassified,5 pages,366551687,91111-002,Brent Scowcroft Papers | Presidential Correspondence Files | 91111-002 | source pages 51-55 | 41-bpr-scow-pcor-telcon-91111-002.pdf,FRUS-style archival chain generated from local source metadata; verify against PDF or title page before final selection.,Metadata-derived draft; verify against PDF/title page,starts with Source:; no URL/NAID/catalog/release ledger in visible note; Bush Presidential Records present; OA/ID or selected pages present; classification pending unless not visible,"Source: George H.W. Bush Library, Bush Presidential Records, Brent Scowcroft Collection, Presidential Correspondence Files, Presidential Telephone Calls--Memorandum of Conversations 5/10/89-7/27/89, OA/ID 91111-002, source pages 51-55.","Source: George H.W. Bush Library, Brent Scowcroft Papers, Presidential Correspondence Files, Presidential Telephone Calls--Memorandum of Conversations 5/10/89-7/27/89, 91111-002, NAID 366551687, source pages 51-55.",https://catalog.archives.gov/id/366551687,documents/pakistan/1989-06-07-bush-benazir-bhutto-telcon-scowcroft.pdf
Confirmed record,2.007,Visible note clean,Ready source-note check,0,,Ready for final editor source-note check.,Pakistan,1989-06-07,Memorandum of a Telephone Conversation,Declassified,2 pages,366551687,91111-002,Brent Scowcroft Papers | Presidential Correspondence Files | 91111-002 | source pages 49-50 | 41-bpr-scow-pcor-telcon-91111-002.pdf,FRUS-style archival chain generated from local source metadata; verify against PDF or title page before final selection.,Metadata-derived draft; verify against PDF/title page,starts with Source:; no URL/NAID/catalog/release ledger in visible note; Bush Presidential Records present; OA/ID or selected pages present; classification pending unless not visible,"Source: George H.W. Bush Library, Bush Presidential Records, Brent Scowcroft Collection, Presidential Correspondence Files, Presidential Telephone Calls--Memorandum of Conversations 5/10/89-7/27/89, OA/ID 91111-002, source pages 49-50.","Source: George H.W. Bush Library, Brent Scowcroft Papers, Presidential Correspondence Files, Presidential Telephone Calls--Memorandum of Conversations 5/10/89-7/27/89, 91111-002, NAID 366551687, source pages 49-50.",https://catalog.archives.gov/id/366551687,documents/pakistan/1989-06-07-bush-helmut-kohl-telcon-scowcroft.pdf
Confirmed record,3.004,Visible note clean,Title/source verification,0,,Verify the catalog-derived title and source chain against the PDF or folder title page.,India,1989-06-08,Memorandum of Telephone Conversation,Full,4 pages,428080057,[Memorandum of Telephone Conversations (Telcons) - January 1989-July 1989]: June 1989,Records of the National Security Council (George H. W. Bush Administration) | Presidential Telcon Files | [Memorandum of Telephone Conversations (Telcons) - January 1989-July 1989]: June 1989 | 1989-06-08--Gandhi.pdf,Bush Library citation-marker extraction; original classification Secret.,Citation-marker target applied,starts with Source:; no URL/NAID/catalog/release ledger in visible note; Bush Presidential Records present; OA/ID or selected pages present; classification/no-marking captured,"Source: George H.W. Bush Library, Bush Presidential Records, National Security Council, Presidential Telcon Files, OA/ID CF01731-006, [Memorandum of Telephone Conversations (Telcons) - January 1989-July 1989]: June 1989. Secret.","Source: George H.W. Bush Presidential Library and Museum, Digital Research Room, ""Memcons and Telcons"" table (https://www.bush41library.gov/digital-research-room/about-textual-collections/memcons-and-telcons), row: Date 6/8/1989; Type Telcon; Participants Gandhi, Rajiv; Country India; Release Status Full; NAID 428080057. National Archives Catalog item: Presidential Phone Call to Prime Minister Gandhi, June 8, 1989, NAID 428080057. Collection: Records of the National Security Council (George H. W. Bush Administration), NAID 2163580. Series: Presidential Telcon Files, NAID 321498139. File unit: [Memorandum of Telephone Conversations (Telcons) - January 1989-July 1989]: June 1989, NAID 325592633. Digital object: 1989-06-08--Gandhi.pdf, object ID 428080058, URL https://s3.us-east-1.amazonaws.com/NARAprodstorage/lz/presidential-libraries/bush/gb-nsc/321498139/1989-06-08--Gandhi.pdf. Access restriction: Unrestricted. Page count: 4 (measured from available PDF).",https://catalog.archives.gov/id/428080057,https://s3.us-east-1.amazonaws.com/NARAprodstorage/lz/presidential-libraries/bush/gb-nsc/321498139/1989-06-08--Gandhi.pdf
Confirmed record,2.008,Visible note clean,Ready source-note check,0,,Ready for final editor source-note check.,Pakistan,1989-06-09,Memorandum of a Telephone Conversation,Declassified,2 pages,366551687,91111-002,Brent Scowcroft Papers | Presidential Correspondence Files | 91111-002 | source pages 56-57 | 41-bpr-scow-pcor-telcon-91111-002.pdf,FRUS-style archival chain generated from local source metadata; verify against PDF or title page before final selection.,Metadata-derived draft; verify against PDF/title page,starts with Source:; no URL/NAID/catalog/release ledger in visible note; Bush Presidential Records present; OA/ID or selected pages present; classification pending unless not visible,"Source: George H.W. Bush Library, Bush Presidential Records, Brent Scowcroft Collection, Presidential Correspondence Files, Presidential Telephone Calls--Memorandum of Conversations 5/10/89-7/27/89, OA/ID 91111-002, source pages 56-57.","Source: George H.W. Bush Library, Brent Scowcroft Papers, Presidential Correspondence Files, Presidential Telephone Calls--Memorandum of Conversations 5/10/89-7/27/89, 91111-002, NAID 366551687, source pages 56-57.",https://catalog.archives.gov/id/366551687,documents/pakistan/1989-06-09-bush-benazir-bhutto-telcon-scowcroft.pdf
Confirmed record,2.009,Visible note clean,Title/source verification,0,,Verify the catalog-derived title and source chain against the PDF or folder title page.,Pakistan,1989-06-10,Memorandum of Telephone Conversation,Full,1 page,428080061,[Memorandum of Telephone Conversations (Telcons) - January 1989-July 1989]: June 1989,Records of the National Security Council (George H. W. Bush Administration) | Presidential Telcon Files | [Memorandum of Telephone Conversations (Telcons) - January 1989-July 1989]: June 1989 | 1989-06-10--Bhutto.pdf,Bush Library citation-marker extraction; no classification marking on first page.,Citation-marker target applied,starts with Source:; no URL/NAID/catalog/release ledger in visible note; Bush Presidential Records present; OA/ID or selected pages present; classification/no-marking captured,"Source: George H.W. Bush Library, Bush Presidential Records, National Security Council, Presidential Telcon Files, OA/ID CF01731-006, [Memorandum of Telephone Conversations (Telcons) - January 1989-July 1989]: June 1989. No classification marking.","Source: George H.W. Bush Presidential Library and Museum, Digital Research Room, ""Memcons and Telcons"" table (https://www.bush41library.gov/digital-research-room/about-textual-collections/memcons-and-telcons), row: Date 6/10/1989; Type Telcon; Participants Bhutto, Benazir; Country Pakistan; Release Status Full; NAID 428080061. National Archives Catalog item: TELCON with Prime Minister Bhutto of Pakistan, June 10, 1989, NAID 428080061. Collection: Records of the National Security Council (George H. W. Bush Administration), NAID 2163580. Series: Presidential Telcon Files, NAID 321498139. File unit: [Memorandum of Telephone Conversations (Telcons) - January 1989-July 1989]: June 1989, NAID 325592633. Digital object: 1989-06-10--Bhutto.pdf, object ID 428080062, URL https://s3.us-east-1.amazonaws.com/NARAprodstorage/lz/presidential-libraries/bush/gb-nsc/321498139/1989-06-10--Bhutto.pdf. Access restriction: Unrestricted. Deduped local provenance: Brent Scowcroft Papers, Presidential Correspondence Files, NAID 366551687, 91111-002, source pages 58-58.",https://catalog.archives.gov/id/428080061,https://s3.us-east-1.amazonaws.com/NARAprodstorage/lz/presidential-libraries/bush/gb-nsc/321498139/1989-06-10--Bhutto.pdf
Confirmed record,3.005,Visible note clean,Title/source verification,0,,Verify the catalog-derived title and source chain against the PDF or folder title page.,India,1989-07-04,Memorandum of Telephone Conversation,Full,2 pages,428080113,[Memorandum of Telephone Conversations (Telcons) - January 1989-July 1989]: July 1989,Records of the National Security Council (George H. W. Bush Administration) | Presidential Telcon Files | [Memorandum of Telephone Conversations (Telcons) - January 1989-July 1989]: July 1989 | 1989-07-04--Gandhi.pdf,Bush Library citation-marker extraction; original classification Confidential.,Citation-marker target applied,starts with Source:; no URL/NAID/catalog/release ledger in visible note; Bush Presidential Records present; OA/ID or selected pages present; classification/no-marking captured,"Source: George H.W. Bush Library, Bush Presidential Records, National Security Council, Presidential Telcon Files, OA/ID CF01731-007, [Memorandum of Telephone Conversations (Telcons) - January 1989-July 1989]: July 1989. Confidential.","Source: George H.W. Bush Presidential Library and Museum, Digital Research Room, ""Memcons and Telcons"" table (https://www.bush41library.gov/digital-research-room/about-textual-collections/memcons-and-telcons), row: Date 7/4/1989; Type Telcon; Participants Gandhi, Rajiv; Country India; Release Status Full; NAID 428080113. National Archives Catalog item: Telephone Conversation with Prime Minister Gandhi of India, July 4, 1989, NAID 428080113. Collection: Records of the National Security Council (George H. W. Bush Administration), NAID 2163580. Series: Presidential Telcon Files, NAID 321498139. File unit: [Memorandum of Telephone Conversations (Telcons) - January 1989-July 1989]: July 1989, NAID 325592634. Digital object: 1989-07-04--Gandhi.pdf, object ID 428080114, URL https://s3.us-east-1.amazonaws.com/NARAprodstorage/lz/presidential-libraries/bush/gb-nsc/321498139/1989-07-04--Gandhi.pdf. Access restriction: Unrestricted. Deduped local provenance: Brent Scowcroft Papers, Presidential Correspondence Files, NAID 366551687, 91111-002, source pages 80-81.",https://catalog.archives.gov/id/428080113,https://s3.us-east-1.amazonaws.com/NARAprodstorage/lz/presidential-libraries/bush/gb-nsc/321498139/1989-07-04--Gandhi.pdf
Confirmed record,2.010,Visible note clean,Title/source verification,0,,Verify the catalog-derived title and source chain against the PDF or folder title page.,Pakistan,1989-08-05,Memorandum of Telephone Conversation,Full,2 pages,428080169,[Memorandum of Telephone Conversations (Telcons) - August 1989-December 1989]: August 1989,Records of the National Security Council (George H. W. Bush Administration) | Presidential Telcon Files | [Memorandum of Telephone Conversations (Telcons) - August 1989-December 1989]: August 1989 | 1989-08-05--Bhutto.pdf,Bush Library citation-marker extraction; original classification Secret.,Citation-marker target applied,starts with Source:; no URL/NAID/catalog/release ledger in visible note; Bush Presidential Records present; OA/ID or selected pages present; classification/no-marking captured,"Source: George H.W. Bush Library, Bush Presidential Records, National Security Council, Presidential Telcon Files, OA/ID CF01731-008, [Memorandum of Telephone Conversations (Telcons) - August 1989-December 1989]: August 1989. Secret.","Source: George H.W. Bush Presidential Library and Museum, Digital Research Room, ""Memcons and Telcons"" table (https://www.bush41library.gov/digital-research-room/about-textual-collections/memcons-and-telcons), row: Date 8/5/1989; Type Telcon; Participants Bhutto, Benazir; Country Pakistan; Release Status Full; NAID 428080169. National Archives Catalog item: Phone Call to the President from the Pakistani Prime Minister, August 5, 1989, NAID 428080169. Collection: Records of the National Security Council (George H. W. Bush Administration), NAID 2163580. Series: Presidential Telcon Files, NAID 321498139. File unit: [Memorandum of Telephone Conversations (Telcons) - August 1989-December 1989]: August 1989, NAID 325592635. Digital object: 1989-08-05--Bhutto.pdf, object ID 428080170, URL https://s3.us-east-1.amazonaws.com/NARAprodstorage/lz/presidential-libraries/bush/gb-nsc/321498139/1989-08-05--Bhutto.pdf. Access restriction: Unrestricted. Deduped local provenance: Brent Scowcroft Papers, Presidential Correspondence Files, NAID 366551688, 91111-003, source pages 33-34.",https://catalog.archives.gov/id/428080169,https://s3.us-east-1.amazonaws.com/NARAprodstorage/lz/presidential-libraries/bush/gb-nsc/321498139/1989-08-05--Bhutto.pdf
Confirmed record,4.003,Visible note clean,Access-status decision,0,,Confirm whether this item can be selected or should only be cited as withheld/restricted context.,Regional,1989-08-29,"NSD-20 - August 29, 1989 - U.S. Policy toward South Asia",Restricted - Possibly,45 pages,446396836,90003-027,Records of the National Security Council (George H. W. Bush Administration) | H-Files - National Security Directive (NSD) Files | 90003-027 | 41-bpr-nsc-hfiles-nsd-20-90003-027.pdf,FRUS-style archival chain generated from local source metadata; verify against PDF or title page before final selection.,Metadata-derived draft; verify against PDF/title page,starts with Source:; no URL/NAID/catalog/release ledger in visible note; Bush Presidential Records present; OA/ID or selected pages present; classification pending unless not visible,"Source: George H.W. Bush Library, Bush Presidential Records, National Security Council, H-Files, NSD Files, NSD-20 - August 29, 1989 - U.S. Policy toward South Asia, OA/ID 90003-027.","Source: National Archives Catalog, Records of the National Security Council (George H. W. Bush Administration), H-Files - National Security Directive (NSD) Files, 90003-027, NAID 446396836. Catalog URL: https://catalog.archives.gov/id/446396836. Series URL: https://catalog.archives.gov/id/313189290. Digital object: 41-bpr-nsc-hfiles-nsd-20-90003-027.pdf, object ID 483296483, URL https://s3.amazonaws.com/NARAprodstorage/lz/presidential-libraries/bush/gb-nsc/H-Files/NSDs_313189290/41-bpr-nsc-hfiles-nsd-20-90003-027.pdf. Page count: 45 (measured from available PDF). Other finding aid identifier: Pres-Bush. Container: 90003. Access restriction: Restricted - Possibly.",https://catalog.archives.gov/id/446396836,https://s3.amazonaws.com/NARAprodstorage/lz/presidential-libraries/bush/gb-nsc/H-Files/NSDs_313189290/41-bpr-nsc-hfiles-nsd-20-90003-027.pdf
Confirmed record,4.004,Visible note clean,Ready source-note check,0,,Ready for final editor source-note check.,Regional,1989-10-02,Memorandum of Conversation,Declassified,5 pages,366551664,91107-005,Brent Scowcroft Papers | Presidential Correspondence Files | 91107-005 | source pages 118-122 | 41-bpr-scow-pcor-memcon-91107-005.pdf,FRUS-style archival chain generated from local source metadata; verify against PDF or title page before final selection.,Metadata-derived draft; verify against PDF/title page,starts with Source:; no URL/NAID/catalog/release ledger in visible note; Bush Presidential Records present; OA/ID or selected pages present; classification pending unless not visible,"Source: George H.W. Bush Library, Bush Presidential Records, Brent Scowcroft Collection, Presidential Correspondence Files, Presidential Meetings--Memorandum of Conversations 7/14/89-10/2/89, OA/ID 91107-005, source pages 118-122.","Source: George H.W. Bush Library, Brent Scowcroft Papers, Presidential Correspondence Files, Presidential Meetings--Memorandum of Conversations 7/14/89-10/2/89, 91107-005, NAID 366551664, source pages 118-122.",https://catalog.archives.gov/id/366551664,documents/regional/1989-10-02-bush-hosni-mubarak-memcon-scowcroft.pdf
Confirmed record,1.010,Visible note clean,Access-status decision,0,,Confirm whether this item can be selected or should only be cited as withheld/restricted context.,Afghanistan,1989-10-16,"NSC/DC [Deputies Committee] Meeting - October 16, 1989 re: Afghanistan",Restricted - Possibly,18 pages,470426218,CF01625-007,Records of the National Security Council (George H. W. Bush Administration) | Richard N. Haass' Meeting Files | CF01625-007 | 41-bpr-nsc-haass_meeting-cf01625-007.pdf,FRUS-style archival chain generated from local source metadata; verify against PDF or title page before final selection.,Metadata-derived draft; verify against PDF/title page,starts with Source:; no URL/NAID/catalog/release ledger in visible note; Bush Presidential Records present; OA/ID or selected pages present; classification pending unless not visible,"Source: George H.W. Bush Library, Bush Presidential Records, National Security Council, Richard N. Haass' Meeting Files, NSC/DC [Deputies Committee] Meeting - October 16, 1989 re: Afghanistan, OA/ID CF01625-007.","Source: National Archives Catalog, Records of the National Security Council (George H. W. Bush Administration), Richard N. Haass' Meeting Files, CF01625-007, NAID 470426218. FOIA tracking: 2005-0052-F, 2008-0431-F. Access restriction: Restricted - Possibly. Page count: 18 (measured from available PDF).",https://catalog.archives.gov/id/470426218,https://s3.dualstack.us-east-1.amazonaws.com/NARAprodstorage/lz/presidential-libraries/bush/gb-nsc/haass/meeting_2554866/41-bpr-nsc-haass_meeting-cf01625-007.pdf
Confirmed record,1.011,Visible note clean,Access-status decision,0,,Confirm whether this item can be selected or should only be cited as withheld/restricted context.,Afghanistan,1989-10-18,"NSC/DC 065A - October 18, 1989 - NSC/DC Meeting on Afghanistan, Keywords: Afghanistan (File located @ LM)",Restricted - Possibly,8 pages,470761041,90011-020,Records of the National Security Council (George H. W. Bush Administration) | H-Files - National Security Council (NSC)/Deputies Committee (DC) Meetings Files | 90011-020 | 41-bpr-nsc-hfiles-dc_mtgs-65a-90011-020.pdf,FRUS-style archival chain generated from local source metadata; verify against PDF or title page before final selection.,Metadata-derived draft; verify against PDF/title page,starts with Source:; no URL/NAID/catalog/release ledger in visible note; Bush Presidential Records present; OA/ID or selected pages present; classification pending unless not visible,"Source: George H.W. Bush Library, Bush Presidential Records, National Security Council, H-Files, NSC/DC Meetings Files, NSC/DC 065A - October 18, 1989 - NSC/DC Meeting on Afghanistan, Keywords: Afghanistan (File located @ LM), OA/ID 90011-020.","Source: National Archives Catalog, Records of the National Security Council (George H. W. Bush Administration), H-Files - National Security Council (NSC)/Deputies Committee (DC) Meetings Files, 90011-020, NAID 470761041. Catalog URL: https://catalog.archives.gov/id/470761041. Series URL: https://catalog.archives.gov/id/312294079. Digital object: 41-bpr-nsc-hfiles-dc_mtgs-65a-90011-020.pdf, object ID 483296221, URL https://s3.amazonaws.com/NARAprodstorage/lz/presidential-libraries/bush/gb-nsc/H-Files/NSC-DC_Mtgs_312294079/41-bpr-nsc-hfiles-dc_mtgs-65a-90011-020.pdf. Page count: 8 (measured from available PDF). FOIA tracking: 2005-0052-F, 2005-1002-F, 2008-1289-F. Other finding aid identifier: Pres-Bush, Pres-Bush. Container: 90011. Access restriction: Restricted - Possibly.",https://catalog.archives.gov/id/470761041,https://s3.amazonaws.com/NARAprodstorage/lz/presidential-libraries/bush/gb-nsc/H-Files/NSC-DC_Mtgs_312294079/41-bpr-nsc-hfiles-dc_mtgs-65a-90011-020.pdf
Confirmed record,3.006,Visible note clean,Title/source verification,0,,Verify the catalog-derived title and source chain against the PDF or folder title page.,India,1989-10-18,Memorandum of Telephone Conversation,Full,1 page,428080301,[Memorandum of Telephone Conversations (Telcons) - August 1989-December 1989]: October 1989,Records of the National Security Council (George H. W. Bush Administration) | Presidential Telcon Files | [Memorandum of Telephone Conversations (Telcons) - August 1989-December 1989]: October 1989 | 1989-10-18--Gandhi.pdf,Bush Library citation-marker extraction; no classification marking on first page.,Citation-marker target applied,starts with Source:; no URL/NAID/catalog/release ledger in visible note; Bush Presidential Records present; OA/ID or selected pages present; classification/no-marking captured,"Source: George H.W. Bush Library, Bush Presidential Records, National Security Council, Presidential Telcon Files, OA/ID CF01731-010, [Memorandum of Telephone Conversations (Telcons) - August 1989-December 1989]: October 1989. No classification marking.","Source: George H.W. Bush Presidential Library and Museum, Digital Research Room, ""Memcons and Telcons"" table (https://www.bush41library.gov/digital-research-room/about-textual-collections/memcons-and-telcons), row: Date 10/18/1989; Type Telcon; Participants Gandhi, Rajiv; Country India; Release Status Full; NAID 428080301. National Archives Catalog item: Telephone Conversation with Prime Minister Gandhi of India, October 18, 1989, NAID 428080301. Collection: Records of the National Security Council (George H. W. Bush Administration), NAID 2163580. Series: Presidential Telcon Files, NAID 321498139. File unit: [Memorandum of Telephone Conversations (Telcons) - August 1989-December 1989]: October 1989, NAID 325592637. Digital object: 1989-10-18--Gandhi.pdf, object ID 428080302, URL https://s3.us-east-1.amazonaws.com/NARAprodstorage/lz/presidential-libraries/bush/gb-nsc/321498139/1989-10-18--Gandhi.pdf. Access restriction: Unrestricted. Deduped local provenance: Brent Scowcroft Papers, Presidential Correspondence Files, NAID 366551688, 91111-003, source pages 86-86.",https://catalog.archives.gov/id/428080301,https://s3.us-east-1.amazonaws.com/NARAprodstorage/lz/presidential-libraries/bush/gb-nsc/321498139/1989-10-18--Gandhi.pdf
Confirmed record,1.012,Visible note clean,Access-status decision,0,,Confirm whether this item can be selected or should only be cited as withheld/restricted context.,Afghanistan,1989-10-23,"NSC Meeting - October 23, 1989 re: Afghanistan",Restricted - Possibly,24 pages,470426219,CF01625-008,Records of the National Security Council (George H. W. Bush Administration) | Richard N. Haass' Meeting Files | CF01625-008 | 41-bpr-nsc-haass_meeting-cf01625-008.pdf,FRUS-style archival chain generated from local source metadata; verify against PDF or title page before final selection.,Metadata-derived draft; verify against PDF/title page,starts with Source:; no URL/NAID/catalog/release ledger in visible note; Bush Presidential Records present; OA/ID or selected pages present; classification pending unless not visible,"Source: George H.W. Bush Library, Bush Presidential Records, National Security Council, Richard N. Haass' Meeting Files, NSC Meeting - October 23, 1989 re: Afghanistan, OA/ID CF01625-008.","Source: National Archives Catalog, Records of the National Security Council (George H. W. Bush Administration), Richard N. Haass' Meeting Files, CF01625-008, NAID 470426219. FOIA tracking: 2008-0431-F, 2008-0430-F. Access restriction: Restricted - Possibly. Page count: 24 (measured from available PDF).",https://catalog.archives.gov/id/470426219,https://s3.dualstack.us-east-1.amazonaws.com/NARAprodstorage/lz/presidential-libraries/bush/gb-nsc/haass/meeting_2554866/41-bpr-nsc-haass_meeting-cf01625-008.pdf
Confirmed record,2.011,Visible note clean,Title/source verification,0,,Verify the catalog-derived title and source chain against the PDF or folder title page.,Pakistan,1989-11-01,Memorandum of Telephone Conversation,Full,3 pages,428080317,[Memorandum of Telephone Conversations (Telcons) - August 1989-December 1989]: November 1989,Records of the National Security Council (George H. W. Bush Administration) | Presidential Telcon Files | [Memorandum of Telephone Conversations (Telcons) - August 1989-December 1989]: November 1989 | 1989-11-01--Bhutto.pdf,Bush Library citation-marker extraction; original classification Confidential.,Citation-marker target applied,starts with Source:; no URL/NAID/catalog/release ledger in visible note; Bush Presidential Records present; OA/ID or selected pages present; classification/no-marking captured,"Source: George H.W. Bush Library, Bush Presidential Records, National Security Council, Presidential Telcon Files, OA/ID CF01731-011, [Memorandum of Telephone Conversations (Telcons) - August 1989-December 1989]: November 1989. Confidential.","Source: George H.W. Bush Presidential Library and Museum, Digital Research Room, ""Memcons and Telcons"" table (https://www.bush41library.gov/digital-research-room/about-textual-collections/memcons-and-telcons), row: Date 11/1/1989; Type Telcon; Participants Bhutto, Benazir; Country Pakistan; Release Status Full; NAID 428080317. National Archives Catalog item: Telephone Conversation with Prime Minister Bhutto of Pakistan, November 1, 1989, NAID 428080317. Collection: Records of the National Security Council (George H. W. Bush Administration), NAID 2163580. Series: Presidential Telcon Files, NAID 321498139. File unit: [Memorandum of Telephone Conversations (Telcons) - August 1989-December 1989]: November 1989, NAID 325592638. Digital object: 1989-11-01--Bhutto.pdf, object ID 428080318, URL https://s3.us-east-1.amazonaws.com/NARAprodstorage/lz/presidential-libraries/bush/gb-nsc/321498139/1989-11-01--Bhutto.pdf. Access restriction: Unrestricted. Page count: 3 (measured from available PDF).",https://catalog.archives.gov/id/428080317,https://s3.us-east-1.amazonaws.com/NARAprodstorage/lz/presidential-libraries/bush/gb-nsc/321498139/1989-11-01--Bhutto.pdf
Confirmed record,1.013,Visible note clean,Ready source-note check,0,,Ready for final editor source-note check.,Afghanistan,1989-11-24,Memorandum of Conversation,Declassified,10 pages,366551665,91107-006,Brent Scowcroft Papers | Presidential Correspondence Files | 91107-006 | source pages 91-100 | 41-bpr-scow-pcor-memcon-91107-006.pdf,FRUS-style archival chain generated from local source metadata; verify against PDF or title page before final selection.,Metadata-derived draft; verify against PDF/title page,starts with Source:; no URL/NAID/catalog/release ledger in visible note; Bush Presidential Records present; OA/ID or selected pages present; classification pending unless not visible,"Source: George H.W. Bush Library, Bush Presidential Records, Brent Scowcroft Collection, Presidential Correspondence Files, Presidential Meetings--Memorandum of Conversations 10/3/89-12/16/89, OA/ID 91107-006, source pages 91-100.","Source: George H.W. Bush Library, Brent Scowcroft Papers, Presidential Correspondence Files, Presidential Meetings--Memorandum of Conversations 10/3/89-12/16/89, 91107-006, NAID 366551665, source pages 91-100.",https://catalog.archives.gov/id/366551665,documents/afghanistan/1989-11-24-bush-margaret-thatcher-memcon-scowcroft.pdf
Confirmed record,1.014,Visible note clean,Access-status decision,0,,Confirm whether this item can be selected or should only be cited as withheld/restricted context.,Afghanistan,1989-11-27,"Presidential Visit of President [of Afghanistan Interim Government Sibgahtullah] Mojaddedi - November 27, 1989",Restricted - Possibly,35 pages,470426381,CF01404-028,Records of the National Security Council (George H. W. Bush Administration) | Richard N. Haass' Presidential Meeting Files | CF01404-028 | 41-bpr-nsc-haass_pres_mtg-cf01404-028.pdf,FRUS-style archival chain generated from local source metadata; verify against PDF or title page before final selection.,Metadata-derived draft; verify against PDF/title page,starts with Source:; no URL/NAID/catalog/release ledger in visible note; Bush Presidential Records present; OA/ID or selected pages present; classification pending unless not visible,"Source: George H.W. Bush Library, Bush Presidential Records, National Security Council, Richard N. Haass' Presidential Meeting Files, Presidential Visit of President [of Afghanistan Interim Government Sibgahtullah] Mojaddedi - November 27, 1989, OA/ID CF01404-028.","Source: National Archives Catalog, Records of the National Security Council (George H. W. Bush Administration), Richard N. Haass' Presidential Meeting Files, CF01404-028, NAID 470426381. FOIA tracking: 2008-0431-F, 2005-0052-F. Access restriction: Restricted - Possibly. Page count: 35 (measured from available PDF).",https://catalog.archives.gov/id/470426381,https://s3.dualstack.us-east-1.amazonaws.com/NARAprodstorage/lz/presidential-libraries/bush/gb-nsc/haass/pres_mtg_2554869/41-bpr-nsc-haass_pres_mtg-cf01404-028.pdf
Confirmed record,2.012,Visible note clean,Access-status decision,0,,Confirm whether this item can be selected or should only be cited as withheld/restricted context.,Pakistan,1990-03-26,"NSC/DC 112 - March 26, 1990 - NSC/DC Meeting on Kashmir, Keywords: Pakistan",Restricted - Possibly,13 pages,470761101,90013-024,Records of the National Security Council (George H. W. Bush Administration) | H-Files - National Security Council (NSC)/Deputies Committee (DC) Meetings Files | 90013-024 | 41-bpr-nsc-hfiles-dc_mtgs-112-90013-024.pdf,FRUS-style archival chain generated from local source metadata; verify against PDF or title page before final selection.,Metadata-derived draft; verify against PDF/title page,starts with Source:; no URL/NAID/catalog/release ledger in visible note; Bush Presidential Records present; OA/ID or selected pages present; classification pending unless not visible,"Source: George H.W. Bush Library, Bush Presidential Records, National Security Council, H-Files, NSC/DC Meetings Files, NSC/DC 112 - March 26, 1990 - NSC/DC Meeting on Kashmir, Keywords: Pakistan, OA/ID 90013-024.","Source: National Archives Catalog, Records of the National Security Council (George H. W. Bush Administration), H-Files - National Security Council (NSC)/Deputies Committee (DC) Meetings Files, 90013-024, NAID 470761101. Catalog URL: https://catalog.archives.gov/id/470761101. Series URL: https://catalog.archives.gov/id/312294079. Digital object: 41-bpr-nsc-hfiles-dc_mtgs-112-90013-024.pdf, object ID 483295804, URL https://s3.amazonaws.com/NARAprodstorage/lz/presidential-libraries/bush/gb-nsc/H-Files/NSC-DC_Mtgs_312294079/41-bpr-nsc-hfiles-dc_mtgs-112-90013-024.pdf. Page count: 13 (measured from available PDF). FOIA tracking: 2008-1289-F, 2005-1002-F. Other finding aid identifier: Pres-Bush, Pres-Bush. Container: 90013. Access restriction: Restricted - Possibly. Deduped local provenance: Records of the National Security Council (George H. W. Bush Administration), Richard N. Haass' Meeting Files, NAID 470426225, CF01625-014.",https://catalog.archives.gov/id/470761101,https://s3.amazonaws.com/NARAprodstorage/lz/presidential-libraries/bush/gb-nsc/H-Files/NSC-DC_Mtgs_312294079/41-bpr-nsc-hfiles-dc_mtgs-112-90013-024.pdf
Confirmed record,3.007,Visible note clean,Access-status decision,0,,Confirm whether this item can be selected or should only be cited as withheld/restricted context.,India,1990-04-04,"NSC/DC 113 - April 04, 1990 - NSC/DC Meeting on Kashmir via SVTS, Keywords: India",Restricted - Possibly,41 pages,470761103,90013-026,Records of the National Security Council (George H. W. Bush Administration) | H-Files - National Security Council (NSC)/Deputies Committee (DC) Meetings Files | 90013-026 | 41-bpr-nsc-hfiles-dc_mtgs-113-90013-026.pdf,FRUS-style archival chain generated from local source metadata; verify against PDF or title page before final selection.,Metadata-derived draft; verify against PDF/title page,starts with Source:; no URL/NAID/catalog/release ledger in visible note; Bush Presidential Records present; OA/ID or selected pages present; classification pending unless not visible,"Source: George H.W. Bush Library, Bush Presidential Records, National Security Council, H-Files, NSC/DC Meetings Files, NSC/DC 113 - April 04, 1990 - NSC/DC Meeting on Kashmir via SVTS, Keywords: India, OA/ID 90013-026.","Source: National Archives Catalog, Records of the National Security Council (George H. W. Bush Administration), H-Files - National Security Council (NSC)/Deputies Committee (DC) Meetings Files, 90013-026, NAID 470761103. Catalog URL: https://catalog.archives.gov/id/470761103. Series URL: https://catalog.archives.gov/id/312294079. Digital object: 41-bpr-nsc-hfiles-dc_mtgs-113-90013-026.pdf, object ID 483295806, URL https://s3.amazonaws.com/NARAprodstorage/lz/presidential-libraries/bush/gb-nsc/H-Files/NSC-DC_Mtgs_312294079/41-bpr-nsc-hfiles-dc_mtgs-113-90013-026.pdf. Page count: 41 (measured from available PDF). FOIA tracking: 2008-1289-F, 2005-1002-F. Other finding aid identifier: Pres-Bush, Pres-Bush. Container: 90013. Access restriction: Restricted - Possibly. Deduped local provenance: Records of the National Security Council (George H. W. Bush Administration), Richard N. Haass' Meeting Files, NAID 470426226, CF01625-015.",https://catalog.archives.gov/id/470761103,https://s3.amazonaws.com/NARAprodstorage/lz/presidential-libraries/bush/gb-nsc/H-Files/NSC-DC_Mtgs_312294079/41-bpr-nsc-hfiles-dc_mtgs-113-90013-026.pdf
Confirmed record,2.013,Visible note clean,Access-status decision,0,,Confirm whether this item can be selected or should only be cited as withheld/restricted context.,Pakistan,1990-05-07,"NSC/DC 124 - May 07, 1990 - NSC/DC Meeting re: Pakistan Stingers, Keywords: Pakistan (File located @ LM)",Restricted - Possibly,42 pages,470761116,90014-013,Records of the National Security Council (George H. W. Bush Administration) | H-Files - National Security Council (NSC)/Deputies Committee (DC) Meetings Files | 90014-013 | 41-bpr-nsc-hfiles-dc_mtgs-124-90014-013.pdf,FRUS-style archival chain generated from local source metadata; verify against PDF or title page before final selection.,Metadata-derived draft; verify against PDF/title page,starts with Source:; no URL/NAID/catalog/release ledger in visible note; Bush Presidential Records present; OA/ID or selected pages present; classification pending unless not visible,"Source: George H.W. Bush Library, Bush Presidential Records, National Security Council, H-Files, NSC/DC Meetings Files, NSC/DC 124 - May 07, 1990 - NSC/DC Meeting re: Pakistan Stingers, Keywords: Pakistan (File located @ LM), OA/ID 90014-013.","Source: National Archives Catalog, Records of the National Security Council (George H. W. Bush Administration), H-Files - National Security Council (NSC)/Deputies Committee (DC) Meetings Files, 90014-013, NAID 470761116. Catalog URL: https://catalog.archives.gov/id/470761116. Series URL: https://catalog.archives.gov/id/312294079. Digital object: 41-bpr-nsc-hfiles-dc_mtgs-124-90014-013.pdf, object ID 483295819, URL https://s3.amazonaws.com/NARAprodstorage/lz/presidential-libraries/bush/gb-nsc/H-Files/NSC-DC_Mtgs_312294079/41-bpr-nsc-hfiles-dc_mtgs-124-90014-013.pdf. Page count: 42 (measured from available PDF). FOIA tracking: 2008-1289-F, 2005-1002-F. Other finding aid identifier: Pres-Bush, Pres-Bush. Container: 90014. Access restriction: Restricted - Possibly.",https://catalog.archives.gov/id/470761116,https://s3.amazonaws.com/NARAprodstorage/lz/presidential-libraries/bush/gb-nsc/H-Files/NSC-DC_Mtgs_312294079/41-bpr-nsc-hfiles-dc_mtgs-124-90014-013.pdf
Confirmed record,2.014,Visible note clean,Access-status decision,0,,Confirm whether this item can be selected or should only be cited as withheld/restricted context.,Pakistan,1990-06-28,"NSC/DC 147 - June 28, 1990 - NSC/DC Meeting on Pakistan's Nuclear Program, Keywords: Pakistan, Nuclear Matters",Restricted - Possibly,24 pages,470761140,90015-005,Records of the National Security Council (George H. W. Bush Administration) | H-Files - National Security Council (NSC)/Deputies Committee (DC) Meetings Files | 90015-005 | 41-bpr-nsc-hfiles-dc_mtgs-147-90015-005.pdf,FRUS-style archival chain generated from local source metadata; verify against PDF or title page before final selection.,Metadata-derived draft; verify against PDF/title page,starts with Source:; no URL/NAID/catalog/release ledger in visible note; Bush Presidential Records present; OA/ID or selected pages present; classification pending unless not visible,"Source: George H.W. Bush Library, Bush Presidential Records, National Security Council, H-Files, NSC/DC Meetings Files, NSC/DC 147 - June 28, 1990 - NSC/DC Meeting on Pakistan's Nuclear Program, Keywords: Pakistan, Nuclear Matters, OA/ID 90015-005.","Source: National Archives Catalog, Records of the National Security Council (George H. W. Bush Administration), H-Files - National Security Council (NSC)/Deputies Committee (DC) Meetings Files, 90015-005, NAID 470761140. Catalog URL: https://catalog.archives.gov/id/470761140. Series URL: https://catalog.archives.gov/id/312294079. Digital object: 41-bpr-nsc-hfiles-dc_mtgs-147-90015-005.pdf, object ID 483295845, URL https://s3.amazonaws.com/NARAprodstorage/lz/presidential-libraries/bush/gb-nsc/H-Files/NSC-DC_Mtgs_312294079/41-bpr-nsc-hfiles-dc_mtgs-147-90015-005.pdf. Page count: 24 (measured from available PDF). FOIA tracking: 2008-1289-F, 2005-1002-F. Other finding aid identifier: Pres-Bush, Pres-Bush. Container: 90015. Access restriction: Restricted - Possibly.",https://catalog.archives.gov/id/470761140,https://s3.amazonaws.com/NARAprodstorage/lz/presidential-libraries/bush/gb-nsc/H-Files/NSC-DC_Mtgs_312294079/41-bpr-nsc-hfiles-dc_mtgs-147-90015-005.pdf
Confirmed record,2.015,Visible note clean,Access-status decision,0,,Confirm whether this item can be selected or should only be cited as withheld/restricted context.,Pakistan,1990-06-30,"NSC/DC [Deputies Committee] Meeting - June 30, 1990 Re: Pakistan",Restricted - Possibly,14 pages,470426229,CF01625-018,Records of the National Security Council (George H. W. Bush Administration) | Richard N. Haass' Meeting Files | CF01625-018 | 41-bpr-nsc-haass_meeting-cf01625-018.pdf,FRUS-style archival chain generated from local source metadata; verify against PDF or title page before final selection.,Metadata-derived draft; verify against PDF/title page,starts with Source:; no URL/NAID/catalog/release ledger in visible note; Bush Presidential Records present; OA/ID or selected pages present; classification pending unless not visible,"Source: George H.W. Bush Library, Bush Presidential Records, National Security Council, Richard N. Haass' Meeting Files, NSC/DC [Deputies Committee] Meeting - June 30, 1990 Re: Pakistan, OA/ID CF01625-018.","Source: National Archives Catalog, Records of the National Security Council (George H. W. Bush Administration), Richard N. Haass' Meeting Files, CF01625-018, NAID 470426229. FOIA tracking: 1998-0387-F. Access restriction: Restricted - Possibly. Page count: 14 (measured from available PDF).",https://catalog.archives.gov/id/470426229,https://s3.dualstack.us-east-1.amazonaws.com/NARAprodstorage/lz/presidential-libraries/bush/gb-nsc/haass/meeting_2554866/41-bpr-nsc-haass_meeting-cf01625-018.pdf
Confirmed record,2.016,Visible note clean,Access-status decision,0,,Confirm whether this item can be selected or should only be cited as withheld/restricted context.,Pakistan,1990-07-09,"NSC/DC 154 - July 09, 1990 - NSC/DC Meeting on Pakistan Nuclear Program, Keywords: Pakistan, Nuclear Matters",Restricted - Possibly,10 pages,470761146,90015-012,Records of the National Security Council (George H. W. Bush Administration) | H-Files - National Security Council (NSC)/Deputies Committee (DC) Meetings Files | 90015-012 | 41-bpr-nsc-hfiles-dc_mtgs-154-90015-012.pdf,FRUS-style archival chain generated from local source metadata; verify against PDF or title page before final selection.,Metadata-derived draft; verify against PDF/title page,starts with Source:; no URL/NAID/catalog/release ledger in visible note; Bush Presidential Records present; OA/ID or selected pages present; classification pending unless not visible,"Source: George H.W. Bush Library, Bush Presidential Records, National Security Council, H-Files, NSC/DC Meetings Files, NSC/DC 154 - July 09, 1990 - NSC/DC Meeting on Pakistan Nuclear Program, Keywords: Pakistan, Nuclear Matters, OA/ID 90015-012.","Source: National Archives Catalog, Records of the National Security Council (George H. W. Bush Administration), H-Files - National Security Council (NSC)/Deputies Committee (DC) Meetings Files, 90015-012, NAID 470761146. Catalog URL: https://catalog.archives.gov/id/470761146. Series URL: https://catalog.archives.gov/id/312294079. Digital object: 41-bpr-nsc-hfiles-dc_mtgs-154-90015-012.pdf, object ID 483295853, URL https://s3.amazonaws.com/NARAprodstorage/lz/presidential-libraries/bush/gb-nsc/H-Files/NSC-DC_Mtgs_312294079/41-bpr-nsc-hfiles-dc_mtgs-154-90015-012.pdf. Page count: 10 (measured from available PDF). FOIA tracking: 2005-1002-F, 2008-1289-F. Other finding aid identifier: Pres-Bush, Pres-Bush. Container: 90015. Access restriction: Restricted - Possibly. Deduped local provenance: Records of the National Security Council (George H. W. Bush Administration), Richard N. Haass' Meeting Files, NAID 470426230, CF01625-019.",https://catalog.archives.gov/id/470761146,https://s3.amazonaws.com/NARAprodstorage/lz/presidential-libraries/bush/gb-nsc/H-Files/NSC-DC_Mtgs_312294079/41-bpr-nsc-hfiles-dc_mtgs-154-90015-012.pdf
Confirmed record,2.017,Visible note clean,Access-status decision,0,,Confirm whether this item can be selected or should only be cited as withheld/restricted context.,Pakistan,1990-07-16,"NSC/DC Meeting - July 16, 1990 Re: Pakistan Nuclear Program",Restricted - Possibly,29 pages,470426231,CF01625-020,Records of the National Security Council (George H. W. Bush Administration) | Richard N. Haass' Meeting Files | CF01625-020 | 41-bpr-nsc-haass_meeting-cf01625-020.pdf,FRUS-style archival chain generated from local source metadata; verify against PDF or title page before final selection.,Metadata-derived draft; verify against PDF/title page,starts with Source:; no URL/NAID/catalog/release ledger in visible note; Bush Presidential Records present; OA/ID or selected pages present; classification pending unless not visible,"Source: George H.W. Bush Library, Bush Presidential Records, National Security Council, Richard N. Haass' Meeting Files, NSC/DC Meeting - July 16, 1990 Re: Pakistan Nuclear Program, OA/ID CF01625-020.","Source: National Archives Catalog, Records of the National Security Council (George H. W. Bush Administration), Richard N. Haass' Meeting Files, CF01625-020, NAID 470426231. FOIA tracking: 1998-0387-F. Access restriction: Restricted - Possibly. Page count: 29 (measured from available PDF).",https://catalog.archives.gov/id/470426231,https://s3.dualstack.us-east-1.amazonaws.com/NARAprodstorage/lz/presidential-libraries/bush/gb-nsc/haass/meeting_2554866/41-bpr-nsc-haass_meeting-cf01625-020.pdf
Confirmed record,2.018,Visible note clean,Access-status decision,0,,Confirm whether this item can be selected or should only be cited as withheld/restricted context.,Pakistan,1990-08-31,"NSC/DC 190 - August 31, 1990 - NSC/DC Meeting on Pakistan Nuclear Program, Keywords: Pakistan, Nuclear Matters",Restricted - Possibly,37 pages,470761184,90016-018,Records of the National Security Council (George H. W. Bush Administration) | H-Files - National Security Council (NSC)/Deputies Committee (DC) Meetings Files | 90016-018 | 41-bpr-nsc-hfiles-dc_mtgs-190-90016-018.pdf,FRUS-style archival chain generated from local source metadata; verify against PDF or title page before final selection.,Metadata-derived draft; verify against PDF/title page,starts with Source:; no URL/NAID/catalog/release ledger in visible note; Bush Presidential Records present; OA/ID or selected pages present; classification pending unless not visible,"Source: George H.W. Bush Library, Bush Presidential Records, National Security Council, H-Files, NSC/DC Meetings Files, NSC/DC 190 - August 31, 1990 - NSC/DC Meeting on Pakistan Nuclear Program, Keywords: Pakistan, Nuclear Matters, OA/ID 90016-018.","Source: National Archives Catalog, Records of the National Security Council (George H. W. Bush Administration), H-Files - National Security Council (NSC)/Deputies Committee (DC) Meetings Files, 90016-018, NAID 470761184. Catalog URL: https://catalog.archives.gov/id/470761184. Series URL: https://catalog.archives.gov/id/312294079. Digital object: 41-bpr-nsc-hfiles-dc_mtgs-190-90016-018.pdf, object ID 483295895, URL https://s3.amazonaws.com/NARAprodstorage/lz/presidential-libraries/bush/gb-nsc/H-Files/NSC-DC_Mtgs_312294079/41-bpr-nsc-hfiles-dc_mtgs-190-90016-018.pdf. Page count: 37 (measured from available PDF). FOIA tracking: 2005-1002-F, 2008-1289-F. Other finding aid identifier: Pres-Bush, Pres-Bush. Container: 90016. Access restriction: Restricted - Possibly.",https://catalog.archives.gov/id/470761184,https://s3.amazonaws.com/NARAprodstorage/lz/presidential-libraries/bush/gb-nsc/H-Files/NSC-DC_Mtgs_312294079/41-bpr-nsc-hfiles-dc_mtgs-190-90016-018.pdf
Confirmed record,2.019,Visible note clean,Access-status decision,0,,Confirm whether this item can be selected or should only be cited as withheld/restricted context.,Pakistan,1990-09-05,"NSC/DC 193A - September 05, 1990 - NSC/DC Meeting on Pakistan, Keywords: Pakistan, Nuclear Matters",Restricted - Possibly,11 pages,470761189,90016-023,Records of the National Security Council (George H. W. Bush Administration) | H-Files - National Security Council (NSC)/Deputies Committee (DC) Meetings Files | 90016-023 | 41-bpr-nsc-hfiles-dc_mtgs-193a-90016-023.pdf,FRUS-style archival chain generated from local source metadata; verify against PDF or title page before final selection.,Metadata-derived draft; verify against PDF/title page,starts with Source:; no URL/NAID/catalog/release ledger in visible note; Bush Presidential Records present; OA/ID or selected pages present; classification pending unless not visible,"Source: George H.W. Bush Library, Bush Presidential Records, National Security Council, H-Files, NSC/DC Meetings Files, NSC/DC 193A - September 05, 1990 - NSC/DC Meeting on Pakistan, Keywords: Pakistan, Nuclear Matters, OA/ID 90016-023.","Source: National Archives Catalog, Records of the National Security Council (George H. W. Bush Administration), H-Files - National Security Council (NSC)/Deputies Committee (DC) Meetings Files, 90016-023, NAID 470761189. Catalog URL: https://catalog.archives.gov/id/470761189. Series URL: https://catalog.archives.gov/id/312294079. Digital object: 41-bpr-nsc-hfiles-dc_mtgs-193a-90016-023.pdf, object ID 483295900, URL https://s3.amazonaws.com/NARAprodstorage/lz/presidential-libraries/bush/gb-nsc/H-Files/NSC-DC_Mtgs_312294079/41-bpr-nsc-hfiles-dc_mtgs-193a-90016-023.pdf. Page count: 11 (measured from available PDF). FOIA tracking: 2008-1289-F, 2005-1002-F. Other finding aid identifier: Pres-Bush, Pres-Bush. Container: 90016. Access restriction: Restricted - Possibly.",https://catalog.archives.gov/id/470761189,https://s3.amazonaws.com/NARAprodstorage/lz/presidential-libraries/bush/gb-nsc/H-Files/NSC-DC_Mtgs_312294079/41-bpr-nsc-hfiles-dc_mtgs-193a-90016-023.pdf
Confirmed record,1.015,Visible note clean,Ready source-note check,0,,Ready for final editor source-note check.,Afghanistan,1990-09-09,Memorandum of Conversation,Declassified,9 pages,366551670,91108-001,Brent Scowcroft Papers | Presidential Correspondence Files | 91108-001 | source pages 130-138 | 41-bpr-scow-pcor-memcon-91108-001.pdf,FRUS-style archival chain generated from local source metadata; verify against PDF or title page before final selection.,Metadata-derived draft; verify against PDF/title page,starts with Source:; no URL/NAID/catalog/release ledger in visible note; Bush Presidential Records present; OA/ID or selected pages present; classification pending unless not visible,"Source: George H.W. Bush Library, Bush Presidential Records, Brent Scowcroft Collection, Presidential Correspondence Files, Presidential Meetings--Memorandum of Conversations 7/5/90-9/24/90, OA/ID 91108-001, source pages 130-138.","Source: George H.W. Bush Library, Brent Scowcroft Papers, Presidential Correspondence Files, Presidential Meetings--Memorandum of Conversations 7/5/90-9/24/90, 91108-001, NAID 366551670, source pages 130-138.",https://catalog.archives.gov/id/366551670,documents/afghanistan/1990-09-09-bush-mikhail-gorbachev-memcon-scowcroft.pdf
Confirmed record,4.005,Visible note clean,Title/source verification,0,,Verify the catalog-derived title and source chain against the PDF or folder title page.,Regional,1990-10-01,Memorandum of Conversation,Full,5 pages,428081099,[Memorandum of Conversations (Memcons)-July 1990-December 1990]: October 1990,Records of the National Security Council (George H. W. Bush Administration) | Presidential Memcon Files | [Memorandum of Conversations (Memcons)-July 1990-December 1990]: October 1990 | 1990-10-01--Ershad.pdf,Bush Library citation-marker extraction; original classification Secret.,Citation-marker target applied,starts with Source:; no URL/NAID/catalog/release ledger in visible note; Bush Presidential Records present; OA/ID or selected pages present; classification/no-marking captured,"Source: George H.W. Bush Library, Bush Presidential Records, National Security Council, Presidential Memcon Files, OA/ID CF01728-004, [Memorandum of Conversations (Memcons) - July 1990-December 1990]: October 1990. Secret.","Source: George H.W. Bush Presidential Library and Museum, Digital Research Room, ""Memcons and Telcons"" table (https://www.bush41library.gov/digital-research-room/about-textual-collections/memcons-and-telcons), row: Date 10/1/1990; Type Memcon; Participants Ershad, Hussain Muhammad; Country Bangladesh; Release Status Full; NAID 428081099. National Archives Catalog item: Meeting with President Hussain Muhammad Ershad of Bangladesh, October 1, 1990, NAID 428081099. Collection: Records of the National Security Council (George H. W. Bush Administration), NAID 2163580. Series: Presidential Memcon Files, NAID 321498039. File unit: [Memorandum of Conversations (Memcons)-July 1990-December 1990]: October 1990, NAID 325541480. Digital object: 1990-10-01--Ershad.pdf, object ID 428081100, URL https://s3.us-east-1.amazonaws.com/NARAprodstorage/lz/presidential-libraries/bush/gb-nsc/321498039/1990-10-01--Ershad.pdf. Access restriction: Unrestricted. Deduped local provenance: Brent Scowcroft Papers, Presidential Correspondence Files, NAID 366551671, 91108-002, source pages 92-96.",https://catalog.archives.gov/id/428081099,https://s3.us-east-1.amazonaws.com/NARAprodstorage/lz/presidential-libraries/bush/gb-nsc/321498039/1990-10-01--Ershad.pdf
Confirmed record,2.020,Visible note clean,Access-status decision,0,,Confirm whether this item can be selected or should only be cited as withheld/restricted context.,Pakistan,1990-10-02,"NSC/DC 205 - October 02, 1990 - NSC/DC Meeting on Pakistan Nuclear Program via SVTS, Keywords: Pakistan, Nuclear Matters",Restricted - Possibly,24 pages,470761204,90016-038,Records of the National Security Council (George H. W. Bush Administration) | H-Files - National Security Council (NSC)/Deputies Committee (DC) Meetings Files | 90016-038 | 41-bpr-nsc-hfiles-dc_mtgs-205-90016-038.pdf,FRUS-style archival chain generated from local source metadata; verify against PDF or title page before final selection.,Metadata-derived draft; verify against PDF/title page,starts with Source:; no URL/NAID/catalog/release ledger in visible note; Bush Presidential Records present; OA/ID or selected pages present; classification pending unless not visible,"Source: George H.W. Bush Library, Bush Presidential Records, National Security Council, H-Files, NSC/DC Meetings Files, NSC/DC 205 - October 02, 1990 - NSC/DC Meeting on Pakistan Nuclear Program via SVTS, Keywords: Pakistan, Nuclear Matters, OA/ID 90016-038.","Source: National Archives Catalog, Records of the National Security Council (George H. W. Bush Administration), H-Files - National Security Council (NSC)/Deputies Committee (DC) Meetings Files, 90016-038, NAID 470761204. Catalog URL: https://catalog.archives.gov/id/470761204. Series URL: https://catalog.archives.gov/id/312294079. Digital object: 41-bpr-nsc-hfiles-dc_mtgs-205-90016-038.pdf, object ID 483295917, URL https://s3.amazonaws.com/NARAprodstorage/lz/presidential-libraries/bush/gb-nsc/H-Files/NSC-DC_Mtgs_312294079/41-bpr-nsc-hfiles-dc_mtgs-205-90016-038.pdf. Page count: 24 (measured from available PDF). FOIA tracking: 2008-1289-F, 2005-1002-F. Other finding aid identifier: Pres-Bush, Pres-Bush. Container: 90016. Access restriction: Restricted - Possibly. Deduped local provenance: Records of the National Security Council (George H. W. Bush Administration), Richard N. Haass' Meeting Files, NAID 470426237, CF01625-026.",https://catalog.archives.gov/id/470761204,https://s3.amazonaws.com/NARAprodstorage/lz/presidential-libraries/bush/gb-nsc/H-Files/NSC-DC_Mtgs_312294079/41-bpr-nsc-hfiles-dc_mtgs-205-90016-038.pdf
Confirmed record,1.016,Visible note clean,Access-status decision,0,,Confirm whether this item can be selected or should only be cited as withheld/restricted context.,Afghanistan,1990-10-04,"DC [Deputies Committee] Meeting - October 4, 1990 re: Afghanistan",Restricted - Possibly,10 pages,470426235,CF01625-024,Records of the National Security Council (George H. W. Bush Administration) | Richard N. Haass' Meeting Files | CF01625-024 | 41-bpr-nsc-haass_meeting-cf01625-024.pdf,FRUS-style archival chain generated from local source metadata; verify against PDF or title page before final selection.,Metadata-derived draft; verify against PDF/title page,starts with Source:; no URL/NAID/catalog/release ledger in visible note; Bush Presidential Records present; OA/ID or selected pages present; classification pending unless not visible,"Source: George H.W. Bush Library, Bush Presidential Records, National Security Council, Richard N. Haass' Meeting Files, DC [Deputies Committee] Meeting - October 4, 1990 re: Afghanistan, OA/ID CF01625-024.","Source: National Archives Catalog, Records of the National Security Council (George H. W. Bush Administration), Richard N. Haass' Meeting Files, CF01625-024, NAID 470426235. FOIA tracking: 2005-0052-F, 2008-0431-F. Access restriction: Restricted - Possibly. Page count: 10 (measured from available PDF).",https://catalog.archives.gov/id/470426235,https://s3.dualstack.us-east-1.amazonaws.com/NARAprodstorage/lz/presidential-libraries/bush/gb-nsc/haass/meeting_2554866/41-bpr-nsc-haass_meeting-cf01625-024.pdf
Confirmed record,2.021,Visible note clean,Access-status decision,0,,Confirm whether this item can be selected or should only be cited as withheld/restricted context.,Pakistan,1990-10-04,"NSC/DC [Deputies Committee] Meeting - October 4, 1990 Re: Pakistan",Restricted - Possibly,8 pages,470426238,CF01625-027,Records of the National Security Council (George H. W. Bush Administration) | Richard N. Haass' Meeting Files | CF01625-027 | 41-bpr-nsc-haass_meeting-cf01625-027.pdf,FRUS-style archival chain generated from local source metadata; verify against PDF or title page before final selection.,Metadata-derived draft; verify against PDF/title page,starts with Source:; no URL/NAID/catalog/release ledger in visible note; Bush Presidential Records present; OA/ID or selected pages present; classification pending unless not visible,"Source: George H.W. Bush Library, Bush Presidential Records, National Security Council, Richard N. Haass' Meeting Files, NSC/DC [Deputies Committee] Meeting - October 4, 1990 Re: Pakistan, OA/ID CF01625-027.","Source: National Archives Catalog, Records of the National Security Council (George H. W. Bush Administration), Richard N. Haass' Meeting Files, CF01625-027, NAID 470426238. FOIA tracking: 1998-0387-F. Access restriction: Restricted - Possibly. Page count: 8 (measured from available PDF).",https://catalog.archives.gov/id/470426238,https://s3.dualstack.us-east-1.amazonaws.com/NARAprodstorage/lz/presidential-libraries/bush/gb-nsc/haass/meeting_2554866/41-bpr-nsc-haass_meeting-cf01625-027.pdf
Confirmed record,1.017,Visible note clean,Access-status decision,0,,Confirm whether this item can be selected or should only be cited as withheld/restricted context.,Afghanistan,1990-10-05,"NSC/DC 207 - October 05, 1990 - NSC/DC Meeting on Afghanistan, Keywords: Afghanistan",Restricted - Possibly,26 pages,470761206,90016-040,Records of the National Security Council (George H. W. Bush Administration) | H-Files - National Security Council (NSC)/Deputies Committee (DC) Meetings Files | 90016-040 | 41-bpr-nsc-hfiles-dc_mtgs-207-90016-040.pdf,FRUS-style archival chain generated from local source metadata; verify against PDF or title page before final selection.,Metadata-derived draft; verify against PDF/title page,starts with Source:; no URL/NAID/catalog/release ledger in visible note; Bush Presidential Records present; OA/ID or selected pages present; classification pending unless not visible,"Source: George H.W. Bush Library, Bush Presidential Records, National Security Council, H-Files, NSC/DC Meetings Files, NSC/DC 207 - October 05, 1990 - NSC/DC Meeting on Afghanistan, Keywords: Afghanistan, OA/ID 90016-040.","Source: National Archives Catalog, Records of the National Security Council (George H. W. Bush Administration), H-Files - National Security Council (NSC)/Deputies Committee (DC) Meetings Files, 90016-040, NAID 470761206. Catalog URL: https://catalog.archives.gov/id/470761206. Series URL: https://catalog.archives.gov/id/312294079. Digital object: 41-bpr-nsc-hfiles-dc_mtgs-207-90016-040.pdf, object ID 483295919, URL https://s3.amazonaws.com/NARAprodstorage/lz/presidential-libraries/bush/gb-nsc/H-Files/NSC-DC_Mtgs_312294079/41-bpr-nsc-hfiles-dc_mtgs-207-90016-040.pdf. Page count: 26 (measured from available PDF). FOIA tracking: 2005-1002-F, 2008-1289-F, 2005-0052-F. Other finding aid identifier: Pres-Bush, Pres-Bush. Container: 90016. Access restriction: Restricted - Possibly. Deduped local provenance: Records of the National Security Council (George H. W. Bush Administration), Richard N. Haass' Meeting Files, NAID 470426239, CF01625-028.",https://catalog.archives.gov/id/470761206,https://s3.amazonaws.com/NARAprodstorage/lz/presidential-libraries/bush/gb-nsc/H-Files/NSC-DC_Mtgs_312294079/41-bpr-nsc-hfiles-dc_mtgs-207-90016-040.pdf
Confirmed record,2.022,Visible note clean,Access-status decision,0,,Confirm whether this item can be selected or should only be cited as withheld/restricted context.,Pakistan,1990-10-05,"NSC/DC 208 - October 05, 1990 - NSC/DC Meeting on Pakistan via SVTS, Keywords: Pakistan",Restricted - Possibly,11 pages,470761207,90017-001,Records of the National Security Council (George H. W. Bush Administration) | H-Files - National Security Council (NSC)/Deputies Committee (DC) Meetings Files | 90017-001 | 41-bpr-nsc-hfiles-dc_mtgs-208-90017-001.pdf,FRUS-style archival chain generated from local source metadata; verify against PDF or title page before final selection.,Metadata-derived draft; verify against PDF/title page,starts with Source:; no URL/NAID/catalog/release ledger in visible note; Bush Presidential Records present; OA/ID or selected pages present; classification pending unless not visible,"Source: George H.W. Bush Library, Bush Presidential Records, National Security Council, H-Files, NSC/DC Meetings Files, NSC/DC 208 - October 05, 1990 - NSC/DC Meeting on Pakistan via SVTS, Keywords: Pakistan, OA/ID 90017-001.","Source: National Archives Catalog, Records of the National Security Council (George H. W. Bush Administration), H-Files - National Security Council (NSC)/Deputies Committee (DC) Meetings Files, 90017-001, NAID 470761207. Catalog URL: https://catalog.archives.gov/id/470761207. Series URL: https://catalog.archives.gov/id/312294079. Digital object: 41-bpr-nsc-hfiles-dc_mtgs-208-90017-001.pdf, object ID 483295920, URL https://s3.amazonaws.com/NARAprodstorage/lz/presidential-libraries/bush/gb-nsc/H-Files/NSC-DC_Mtgs_312294079/41-bpr-nsc-hfiles-dc_mtgs-208-90017-001.pdf. Page count: 11 (measured from available PDF). FOIA tracking: 2005-1002-F, 2008-1289-F. Other finding aid identifier: Pres-Bush, Pres-Bush. Container: 90017. Access restriction: Restricted - Possibly.",https://catalog.archives.gov/id/470761207,https://s3.amazonaws.com/NARAprodstorage/lz/presidential-libraries/bush/gb-nsc/H-Files/NSC-DC_Mtgs_312294079/41-bpr-nsc-hfiles-dc_mtgs-208-90017-001.pdf
Confirmed record,2.023,Visible note clean,Access-status decision,0,,Confirm whether this item can be selected or should only be cited as withheld/restricted context.,Pakistan,1990-10-09,"NSC/DC Meeting - October 9, 1990 Re: Pakistan",Restricted - Possibly,81 pages,470426240,CF01625-029,Records of the National Security Council (George H. W. Bush Administration) | Richard N. Haass' Meeting Files | CF01625-029 | 41-bpr-nsc-haass_meeting-cf01625-029.pdf,FRUS-style archival chain generated from local source metadata; verify against PDF or title page before final selection.,Metadata-derived draft; verify against PDF/title page,starts with Source:; no URL/NAID/catalog/release ledger in visible note; Bush Presidential Records present; OA/ID or selected pages present; classification pending unless not visible,"Source: George H.W. Bush Library, Bush Presidential Records, National Security Council, Richard N. Haass' Meeting Files, NSC/DC Meeting - October 9, 1990 Re: Pakistan, OA/ID CF01625-029.","Source: National Archives Catalog, Records of the National Security Council (George H. W. Bush Administration), Richard N. Haass' Meeting Files, CF01625-029, NAID 470426240. FOIA tracking: 1998-0387-F. Access restriction: Restricted - Possibly. Page count: 81 (measured from available PDF).",https://catalog.archives.gov/id/470426240,https://s3.dualstack.us-east-1.amazonaws.com/NARAprodstorage/lz/presidential-libraries/bush/gb-nsc/haass/meeting_2554866/41-bpr-nsc-haass_meeting-cf01625-029.pdf
Confirmed record,2.024,Visible note clean,Access-status decision,0,,Confirm whether this item can be selected or should only be cited as withheld/restricted context.,Pakistan,1990-10-09,"NSC0056 - October 09, 1990 - Nuclear Matters, Middle East and Gulf, Proliferation [1]",Restricted - Possibly,42 pages,470760963,90002-025,Records of the National Security Council (George H. W. Bush Administration) | H-Files - National Security Council (NSC) Meeting Files | 90002-025 | 41-bpr-nsc-hfiles-nsc_mtgs-56_1-90002-025.pdf,FRUS-style archival chain generated from local source metadata; verify against PDF or title page before final selection.,Metadata-derived draft; verify against PDF/title page,starts with Source:; no URL/NAID/catalog/release ledger in visible note; Bush Presidential Records present; OA/ID or selected pages present; classification pending unless not visible,"Source: George H.W. Bush Library, Bush Presidential Records, National Security Council, H-Files, NSC Meetings Files, NSC0056 - October 09, 1990 - Nuclear Matters, Middle East and Gulf, Proliferation [1], OA/ID 90002-025.","Source: National Archives Catalog, Records of the National Security Council (George H. W. Bush Administration), H-Files - National Security Council (NSC) Meeting Files, 90002-025, NAID 470760963. Catalog URL: https://catalog.archives.gov/id/470760963. Series URL: https://catalog.archives.gov/id/312293887. Digital object: 41-bpr-nsc-hfiles-nsc_mtgs-56_1-90002-025.pdf, object ID 483296450, URL https://s3.amazonaws.com/NARAprodstorage/lz/presidential-libraries/bush/gb-nsc/H-Files/NSC_Mtgs_312293887/41-bpr-nsc-hfiles-nsc_mtgs-56_1-90002-025.pdf. Page count: 42 (measured from available PDF). FOIA tracking: 2009-0857-F, 2005-1003-F, 2003-0261-F. Other finding aid identifier: Pres-Bush, Pres-Bush. Container: 90002. Access restriction: Restricted - Possibly.",https://catalog.archives.gov/id/470760963,https://s3.amazonaws.com/NARAprodstorage/lz/presidential-libraries/bush/gb-nsc/H-Files/NSC_Mtgs_312293887/41-bpr-nsc-hfiles-nsc_mtgs-56_1-90002-025.pdf
Confirmed record,2.025,Visible note clean,Access-status decision,0,,Confirm whether this item can be selected or should only be cited as withheld/restricted context.,Pakistan,1990-10-09,"NSC0056 - October 09, 1990 - Nuclear Matters, Middle East and Gulf, Proliferation [2]",Restricted - Possibly,42 pages,470760964,90002-026,Records of the National Security Council (George H. W. Bush Administration) | H-Files - National Security Council (NSC) Meeting Files | 90002-026 | 41-bpr-nsc-hfiles-nsc_mtgs-56_2-90002-026.pdf,FRUS-style archival chain generated from local source metadata; verify against PDF or title page before final selection.,Metadata-derived draft; verify against PDF/title page,starts with Source:; no URL/NAID/catalog/release ledger in visible note; Bush Presidential Records present; OA/ID or selected pages present; classification pending unless not visible,"Source: George H.W. Bush Library, Bush Presidential Records, National Security Council, H-Files, NSC Meetings Files, NSC0056 - October 09, 1990 - Nuclear Matters, Middle East and Gulf, Proliferation [2], OA/ID 90002-026.","Source: National Archives Catalog, Records of the National Security Council (George H. W. Bush Administration), H-Files - National Security Council (NSC) Meeting Files, 90002-026, NAID 470760964. Catalog URL: https://catalog.archives.gov/id/470760964. Series URL: https://catalog.archives.gov/id/312293887. Digital object: 41-bpr-nsc-hfiles-nsc_mtgs-56_2-90002-026.pdf, object ID 483296451, URL https://s3.amazonaws.com/NARAprodstorage/lz/presidential-libraries/bush/gb-nsc/H-Files/NSC_Mtgs_312293887/41-bpr-nsc-hfiles-nsc_mtgs-56_2-90002-026.pdf. Page count: 42 (measured from available PDF). FOIA tracking: 2005-1003-F, 2009-0857-F, 2003-0261-F. Other finding aid identifier: Pres-Bush, Pres-Bush. Container: 90002. Access restriction: Restricted - Possibly.",https://catalog.archives.gov/id/470760964,https://s3.amazonaws.com/NARAprodstorage/lz/presidential-libraries/bush/gb-nsc/H-Files/NSC_Mtgs_312293887/41-bpr-nsc-hfiles-nsc_mtgs-56_2-90002-026.pdf
Confirmed record,2.026,Visible note clean,Ready source-note check,0,,Ready for final editor source-note check.,Pakistan,1991-01-21,Memorandum of Conversation,Declassified,9 pages,366551673,91108-004,Brent Scowcroft Papers | Presidential Correspondence Files | 91108-004 | source pages 7-15 | 41-bpr-scow-pcor-memcon-91108-004.pdf,FRUS-style archival chain generated from local source metadata; verify against PDF or title page before final selection.,Metadata-derived draft; verify against PDF/title page,starts with Source:; no URL/NAID/catalog/release ledger in visible note; Bush Presidential Records present; OA/ID or selected pages present; classification pending unless not visible,"Source: George H.W. Bush Library, Bush Presidential Records, Brent Scowcroft Collection, Presidential Correspondence Files, Presidential Meetings--Memorandum of Conversations 1/14/91-3/8/91, OA/ID 91108-004, source pages 7-15.","Source: George H.W. Bush Library, Brent Scowcroft Papers, Presidential Correspondence Files, Presidential Meetings--Memorandum of Conversations 1/14/91-3/8/91, 91108-004, NAID 366551673, source pages 7-15.",https://catalog.archives.gov/id/366551673,documents/pakistan/1991-01-21-bush-lee-kuan-yew-memcon-scowcroft.pdf
Confirmed record,2.027,Visible note clean,Ready source-note check,0,,Ready for final editor source-note check.,Pakistan,1991-02-02,Memorandum of a Telephone Conversation,Declassified,4 pages,366551697,91112-005,Brent Scowcroft Papers | Presidential Correspondence Files | 91112-005 | source pages 12-15 | 41-bpr-scow-pcor-telcon-91112-005.pdf,FRUS-style archival chain generated from local source metadata; verify against PDF or title page before final selection.,Metadata-derived draft; verify against PDF/title page,starts with Source:; no URL/NAID/catalog/release ledger in visible note; Bush Presidential Records present; OA/ID or selected pages present; classification pending unless not visible,"Source: George H.W. Bush Library, Bush Presidential Records, Brent Scowcroft Collection, Presidential Correspondence Files, Presidential Telephone Calls--Memorandum of Conversations 1/30/91-2/22/91, OA/ID 91112-005, source pages 12-15.","Source: George H.W. Bush Library, Brent Scowcroft Papers, Presidential Correspondence Files, Presidential Telephone Calls--Memorandum of Conversations 1/30/91-2/22/91, 91112-005, NAID 366551697, source pages 12-15.",https://catalog.archives.gov/id/366551697,documents/pakistan/1991-02-02-bush-nawaz-sharif-telcon-scowcroft.pdf
Confirmed record,3.008,Visible note clean,Title/source verification,0,,Verify the catalog-derived title and source chain against the PDF or folder title page.,India,1991-02-08,Memorandum of Telephone Conversation,Full,4 pages,428081443,[Memorandum of Telephone Conversations (Telcons) - January 1991-April 1991]:  February 1991 [1],Records of the National Security Council (George H. W. Bush Administration) | Presidential Telcon Files | [Memorandum of Telephone Conversations (Telcons) - January 1991-April 1991]:  February 1991 [1] | 1991-02-08--Shankar.pdf,Bush Library citation-marker extraction; original classification Confidential.,Citation-marker target applied,starts with Source:; no URL/NAID/catalog/release ledger in visible note; Bush Presidential Records present; OA/ID or selected pages present; classification/no-marking captured,"Source: George H.W. Bush Library, Bush Presidential Records, National Security Council, Presidential Telcon Files, OA/ID CF01730-002, [Memorandum of Telephone Conversations (Telcons) - January 1991-April 1991]: February 1991 [1]. Confidential.","Source: George H.W. Bush Presidential Library and Museum, Digital Research Room, ""Memcons and Telcons"" table (https://www.bush41library.gov/digital-research-room/about-textual-collections/memcons-and-telcons), row: Date 2/8/1991; Type Telcon; Participants Shankar Ray, Siddhartha; Country India; Release Status Full; NAID 428081443. National Archives Catalog item: Telcon with Prime Minister Shankar of India on February 8, 1991, NAID 428081443. Collection: Records of the National Security Council (George H. W. Bush Administration), NAID 2163580. Series: Presidential Telcon Files, NAID 321498139. File unit: [Memorandum of Telephone Conversations (Telcons) - January 1991-April 1991]:  February 1991 [1], NAID 325592654. Digital object: 1991-02-08--Shankar.pdf, object ID 428081444, URL https://s3.us-east-1.amazonaws.com/NARAprodstorage/lz/presidential-libraries/bush/gb-nsc/321498139/1991-02-08--Shankar.pdf. Access restriction: Unrestricted. Page count: 4 (measured from available PDF).",https://catalog.archives.gov/id/428081443,https://s3.us-east-1.amazonaws.com/NARAprodstorage/lz/presidential-libraries/bush/gb-nsc/321498139/1991-02-08--Shankar.pdf
Confirmed record,1.018,Visible note clean,Access-status decision,0,,Confirm whether this item can be selected or should only be cited as withheld/restricted context.,Afghanistan,1991-03-05,"NSC/DC 260 - March 05, 1991 - NSC/DC Meeting on Afghanistan, Keywords: Afghanistan (File located @ LM)",Restricted - Possibly,9 pages,470761272,90019-003,Records of the National Security Council (George H. W. Bush Administration) | H-Files - National Security Council (NSC)/Deputies Committee (DC) Meetings Files | 90019-003 | 41-bpr-nsc-hfiles-dc_mtgs-260-90019-003.pdf,FRUS-style archival chain generated from local source metadata; verify against PDF or title page before final selection.,Metadata-derived draft; verify against PDF/title page,starts with Source:; no URL/NAID/catalog/release ledger in visible note; Bush Presidential Records present; OA/ID or selected pages present; classification pending unless not visible,"Source: George H.W. Bush Library, Bush Presidential Records, National Security Council, H-Files, NSC/DC Meetings Files, NSC/DC 260 - March 05, 1991 - NSC/DC Meeting on Afghanistan, Keywords: Afghanistan (File located @ LM), OA/ID 90019-003.","Source: National Archives Catalog, Records of the National Security Council (George H. W. Bush Administration), H-Files - National Security Council (NSC)/Deputies Committee (DC) Meetings Files, 90019-003, NAID 470761272. Catalog URL: https://catalog.archives.gov/id/470761272. Series URL: https://catalog.archives.gov/id/312294079. Digital object: 41-bpr-nsc-hfiles-dc_mtgs-260-90019-003.pdf, object ID 483295989, URL https://s3.amazonaws.com/NARAprodstorage/lz/presidential-libraries/bush/gb-nsc/H-Files/NSC-DC_Mtgs_312294079/41-bpr-nsc-hfiles-dc_mtgs-260-90019-003.pdf. Page count: 9 (measured from available PDF). FOIA tracking: 2008-1289-F, 2005-0052-F, 2005-1002-F. Other finding aid identifier: Pres-Bush, Pres-Bush. Container: 90019. Access restriction: Restricted - Possibly.",https://catalog.archives.gov/id/470761272,https://s3.amazonaws.com/NARAprodstorage/lz/presidential-libraries/bush/gb-nsc/H-Files/NSC-DC_Mtgs_312294079/41-bpr-nsc-hfiles-dc_mtgs-260-90019-003.pdf
Confirmed record,1.019,Visible note clean,Access-status decision,0,,Confirm whether this item can be selected or should only be cited as withheld/restricted context.,Afghanistan,1991-04-12,"NSC/DC 271 - April 12, 1991 - NSC/DC Meeting on Afghanistan, Keywords: Afghanistan (File located @ LM)",Restricted - Possibly,7 pages,470761289,90019-020,Records of the National Security Council (George H. W. Bush Administration) | H-Files - National Security Council (NSC)/Deputies Committee (DC) Meetings Files | 90019-020 | 41-bpr-nsc-hfiles-dc_mtgs-271-90019-020.pdf,FRUS-style archival chain generated from local source metadata; verify against PDF or title page before final selection.,Metadata-derived draft; verify against PDF/title page,starts with Source:; no URL/NAID/catalog/release ledger in visible note; Bush Presidential Records present; OA/ID or selected pages present; classification pending unless not visible,"Source: George H.W. Bush Library, Bush Presidential Records, National Security Council, H-Files, NSC/DC Meetings Files, NSC/DC 271 - April 12, 1991 - NSC/DC Meeting on Afghanistan, Keywords: Afghanistan (File located @ LM), OA/ID 90019-020.","Source: National Archives Catalog, Records of the National Security Council (George H. W. Bush Administration), H-Files - National Security Council (NSC)/Deputies Committee (DC) Meetings Files, 90019-020, NAID 470761289. Catalog URL: https://catalog.archives.gov/id/470761289. Series URL: https://catalog.archives.gov/id/312294079. Digital object: 41-bpr-nsc-hfiles-dc_mtgs-271-90019-020.pdf, object ID 483296007, URL https://s3.amazonaws.com/NARAprodstorage/lz/presidential-libraries/bush/gb-nsc/H-Files/NSC-DC_Mtgs_312294079/41-bpr-nsc-hfiles-dc_mtgs-271-90019-020.pdf. Page count: 7 (measured from available PDF). FOIA tracking: 2005-0052-F, 2005-1002-F, 2008-1289-F. Other finding aid identifier: Pres-Bush, Pres-Bush. Container: 90019. Access restriction: Restricted - Possibly.",https://catalog.archives.gov/id/470761289,https://s3.amazonaws.com/NARAprodstorage/lz/presidential-libraries/bush/gb-nsc/H-Files/NSC-DC_Mtgs_312294079/41-bpr-nsc-hfiles-dc_mtgs-271-90019-020.pdf
Confirmed record,1.020,Visible note clean,Access-status decision,0,,Confirm whether this item can be selected or should only be cited as withheld/restricted context.,Afghanistan,1991-05-17,"NSC/DC 282 - May 17, 1991 - NSC/DC Meeting on Angola and Afghanistan, Keywords: Angola, Afghanistan (File located @ NLMS)",Restricted - Possibly,1 page,470761301,90020-001,Records of the National Security Council (George H. W. Bush Administration) | H-Files - National Security Council (NSC)/Deputies Committee (DC) Meetings Files | 90020-001 | 41-bpr-nsc-hfiles-dc_mtgs-282-90020-001.pdf,FRUS-style archival chain generated from local source metadata; verify against PDF or title page before final selection.,Metadata-derived draft; verify against PDF/title page,starts with Source:; no URL/NAID/catalog/release ledger in visible note; Bush Presidential Records present; OA/ID or selected pages present; classification pending unless not visible,"Source: George H.W. Bush Library, Bush Presidential Records, National Security Council, H-Files, NSC/DC Meetings Files, NSC/DC 282 - May 17, 1991 - NSC/DC Meeting on Angola and Afghanistan, Keywords: Angola, Afghanistan (File located @ NLMS), OA/ID 90020-001.","Source: National Archives Catalog, Records of the National Security Council (George H. W. Bush Administration), H-Files - National Security Council (NSC)/Deputies Committee (DC) Meetings Files, 90020-001, NAID 470761301. Catalog URL: https://catalog.archives.gov/id/470761301. Series URL: https://catalog.archives.gov/id/312294079. Digital object: 41-bpr-nsc-hfiles-dc_mtgs-282-90020-001.pdf, object ID 483296021, URL https://s3.amazonaws.com/NARAprodstorage/lz/presidential-libraries/bush/gb-nsc/H-Files/NSC-DC_Mtgs_312294079/41-bpr-nsc-hfiles-dc_mtgs-282-90020-001.pdf. Page count: 1 (measured from available PDF). FOIA tracking: 2008-1289-F, 2005-0052-F, 2005-1002-F. Other finding aid identifier: Pres-Bush, Pres-Bush. Container: 90020. Access restriction: Restricted - Possibly.",https://catalog.archives.gov/id/470761301,https://s3.amazonaws.com/NARAprodstorage/lz/presidential-libraries/bush/gb-nsc/H-Files/NSC-DC_Mtgs_312294079/41-bpr-nsc-hfiles-dc_mtgs-282-90020-001.pdf
Confirmed record,3.009,Visible note clean,Title/source verification,0,,Verify the catalog-derived title and source chain against the PDF or folder title page.,India,1991-12-15,Memorandum of Telephone Conversation,Full,1 page,428082103,[Memorandum of Telephone Conversations (Telcons) - May 1991-December 1991]:  December 1991,Records of the National Security Council (George H. W. Bush Administration) | Presidential Telcon Files | [Memorandum of Telephone Conversations (Telcons) - May 1991-December 1991]:  December 1991 | 1991-12-15--Rao.pdf,Bush Library citation-marker extraction; original classification Confidential.,Citation-marker target applied,starts with Source:; no URL/NAID/catalog/release ledger in visible note; Bush Presidential Records present; OA/ID or selected pages present; classification/no-marking captured,"Source: George H.W. Bush Library, Bush Presidential Records, National Security Council, Presidential Telcon Files, OA/ID CF01730-013, [Memorandum of Telephone Conversations (Telcons) - May 1991-December 1991]: December 1991. Confidential.","Source: George H.W. Bush Presidential Library and Museum, Digital Research Room, ""Memcons and Telcons"" table (https://www.bush41library.gov/digital-research-room/about-textual-collections/memcons-and-telcons), row: Date 12/15/1991; Type Telcon; Participants Rao, Narashima; Country India; Release Status Full; NAID 428082103. National Archives Catalog item: Telcon with Prime Minister Rao of India on December 15, 1991, NAID 428082103. Collection: Records of the National Security Council (George H. W. Bush Administration), NAID 2163580. Series: Presidential Telcon Files, NAID 321498139. File unit: [Memorandum of Telephone Conversations (Telcons) - May 1991-December 1991]:  December 1991, NAID 325592665. Digital object: 1991-12-15--Rao.pdf, object ID 428082104, URL https://s3.us-east-1.amazonaws.com/NARAprodstorage/lz/presidential-libraries/bush/gb-nsc/321498139/1991-12-15--Rao.pdf. Access restriction: Unrestricted. Deduped local provenance: Brent Scowcroft Papers, Presidential Correspondence Files, NAID 366551702, 91113-002, source pages 125-125.",https://catalog.archives.gov/id/428082103,https://s3.us-east-1.amazonaws.com/NARAprodstorage/lz/presidential-libraries/bush/gb-nsc/321498139/1991-12-15--Rao.pdf
Confirmed record,1.021,Visible note clean,Access-status decision,0,,Confirm whether this item can be selected or should only be cited as withheld/restricted context.,Afghanistan,1992-01-03,"NSC/DC 331 - January 03, 1992 - NSC/DC Meeting re: Afghanistan, Keywords: Afghanistan",Restricted - Possibly,58 pages,470761354,90021-019,Records of the National Security Council (George H. W. Bush Administration) | H-Files - National Security Council (NSC)/Deputies Committee (DC) Meetings Files | 90021-019 | 41-bpr-nsc-hfiles-dc_mtgs-331-90021-019.pdf,FRUS-style archival chain generated from local source metadata; verify against PDF or title page before final selection.,Metadata-derived draft; verify against PDF/title page,starts with Source:; no URL/NAID/catalog/release ledger in visible note; Bush Presidential Records present; OA/ID or selected pages present; classification pending unless not visible,"Source: George H.W. Bush Library, Bush Presidential Records, National Security Council, H-Files, NSC/DC Meetings Files, NSC/DC 331 - January 03, 1992 - NSC/DC Meeting re: Afghanistan, Keywords: Afghanistan, OA/ID 90021-019.","Source: National Archives Catalog, Records of the National Security Council (George H. W. Bush Administration), H-Files - National Security Council (NSC)/Deputies Committee (DC) Meetings Files, 90021-019, NAID 470761354. Catalog URL: https://catalog.archives.gov/id/470761354. Series URL: https://catalog.archives.gov/id/312294079. Digital object: 41-bpr-nsc-hfiles-dc_mtgs-331-90021-019.pdf, object ID 483296079, URL https://s3.amazonaws.com/NARAprodstorage/lz/presidential-libraries/bush/gb-nsc/H-Files/NSC-DC_Mtgs_312294079/41-bpr-nsc-hfiles-dc_mtgs-331-90021-019.pdf. Page count: 58 (measured from available PDF). FOIA tracking: 2005-0052-F, 2008-1289-F, 2005-1002-F. Other finding aid identifier: Pres-Bush, Pres-Bush. Container: 90021. Access restriction: Restricted - Possibly. Deduped local provenance: Records of the National Security Council (George H. W. Bush Administration), Richard N. Haass' Meeting Files, NAID 470426179, CF01618-005.",https://catalog.archives.gov/id/470761354,https://s3.amazonaws.com/NARAprodstorage/lz/presidential-libraries/bush/gb-nsc/H-Files/NSC-DC_Mtgs_312294079/41-bpr-nsc-hfiles-dc_mtgs-331-90021-019.pdf
Confirmed record,3.010,Visible note clean,Excisions check,0,,Check excisions before final document selection and source-note wording.,India,1992-01-31,Memorandum of Conversation,Partial,3 pages,428082131,[Memorandum of Conversations (Memcons)-January 1992-June 1992]: January 1992,Records of the National Security Council (George H. W. Bush Administration) | Presidential Memcon Files | [Memorandum of Conversations (Memcons)-January 1992-June 1992]: January 1992 | 1992-01-31--Rao.pdf,Bush Library first-page classification extraction; original classification Confidential; source location generated from local metadata because citation marker was not found.,Metadata source chain with extracted classification,starts with Source:; no URL/NAID/catalog/release ledger in visible note; Bush Presidential Records present; locator/page range pending; classification/no-marking captured,"Source: George H.W. Bush Library, Bush Presidential Records, National Security Council, Presidential Memcon Files, [Memorandum of Conversations (Memcons)-January 1992-June 1992]: January 1992. Confidential.","Source: George H.W. Bush Presidential Library and Museum, Digital Research Room, ""Memcons and Telcons"" table (https://www.bush41library.gov/digital-research-room/about-textual-collections/memcons-and-telcons), row: Date 1/31/1992; Type Memcon; Participants Rao, Narashima; Country India; Release Status Partial; NAID 428082131. National Archives Catalog item: Meeting with Prime Minister Rao of India, January 31, 1992, NAID 428082131. Collection: Records of the National Security Council (George H. W. Bush Administration), NAID 2163580. Series: Presidential Memcon Files, NAID 321498039. File unit: [Memorandum of Conversations (Memcons)-January 1992-June 1992]: January 1992, NAID 325568085. Digital object: 1992-01-31--Rao.pdf, object ID 428082132, URL https://s3.us-east-1.amazonaws.com/NARAprodstorage/lz/presidential-libraries/bush/gb-nsc/321498039/1992-01-31--Rao.pdf. Access restriction: Restricted - Partly. Deduped local provenance: Brent Scowcroft Papers, Presidential Correspondence Files, NAID 366551680, 91109-005, source pages 50-52.",https://catalog.archives.gov/id/428082131,https://s3.us-east-1.amazonaws.com/NARAprodstorage/lz/presidential-libraries/bush/gb-nsc/321498039/1992-01-31--Rao.pdf
Confirmed record,4.006,Visible note clean,Title/source verification,0,,Verify the catalog-derived title and source chain against the PDF or folder title page.,Regional,1992-03-19,Memorandum of Conversation,Full,6 pages,428082145,[Memorandum of Conversations (Memcons)-January 1992-June 1992]: March 1992,Records of the National Security Council (George H. W. Bush Administration) | Presidential Memcon Files | [Memorandum of Conversations (Memcons)-January 1992-June 1992]: March 1992 | 1992-03-19--Zia.pdf,Bush Library citation-marker extraction; original classification Confidential.,Citation-marker target applied,starts with Source:; no URL/NAID/catalog/release ledger in visible note; OA/ID or selected pages present; classification/no-marking captured,"Source: George H.W. Bush Library, Bush Presidential Records, Scowcroft, Brent, Collection, Presidential Correspondence Files, Presidential Memcons Files, OA/ID 91109-007, Presidential Meetings - Memorandum of Conversations 3/3/92 - 4/28/92. Confidential.","Source: George H.W. Bush Presidential Library and Museum, Digital Research Room, ""Memcons and Telcons"" table (https://www.bush41library.gov/digital-research-room/about-textual-collections/memcons-and-telcons), row: Date 3/19/1992; Type Memcon; Participants Zia, Khaleda Begum; Country Bangladesh; Release Status Full; NAID 428082145. National Archives Catalog item: Meeting with Prime Minister Khaleda Begum Zia of Bangladesh, March 19, 1992, NAID 428082145. Collection: Records of the National Security Council (George H. W. Bush Administration), NAID 2163580. Series: Presidential Memcon Files, NAID 321498039. File unit: [Memorandum of Conversations (Memcons)-January 1992-June 1992]: March 1992, NAID 325568102. Digital object: 1992-03-19--Zia.pdf, object ID 428082146, URL https://s3.us-east-1.amazonaws.com/NARAprodstorage/lz/presidential-libraries/bush/gb-nsc/321498039/1992-03-19--Zia.pdf. Access restriction: Unrestricted. Deduped local provenance: Records of the National Security Council (George H. W. Bush Administration), Richard N. Haass' Meeting Files, NAID 470426266, CF01447-024. Page count: 6 (measured from available PDF).",https://catalog.archives.gov/id/428082145,https://s3.us-east-1.amazonaws.com/NARAprodstorage/lz/presidential-libraries/bush/gb-nsc/321498039/1992-03-19--Zia.pdf
Confirmed record,2.028,Visible note clean,Access-status decision,0,,Confirm whether this item can be selected or should only be cited as withheld/restricted context.,Pakistan,1992-07-10,"NSD-70 - July 10, 1992 - U.S. Nonproliferation Policy",Restricted - Possibly,101 pages,446396904,90005-020,Records of the National Security Council (George H. W. Bush Administration) | H-Files - National Security Directive (NSD) Files | 90005-020 | 41-bpr-nsc-hfiles-nsd-70-90005-020.pdf,FRUS-style archival chain generated from local source metadata; verify against PDF or title page before final selection.,Metadata-derived draft; verify against PDF/title page,starts with Source:; no URL/NAID/catalog/release ledger in visible note; Bush Presidential Records present; OA/ID or selected pages present; classification pending unless not visible,"Source: George H.W. Bush Library, Bush Presidential Records, National Security Council, H-Files, NSD Files, NSD-70 - July 10, 1992 - U.S. Nonproliferation Policy, OA/ID 90005-020.","Source: National Archives Catalog, Records of the National Security Council (George H. W. Bush Administration), H-Files - National Security Directive (NSD) Files, 90005-020, NAID 446396904. Catalog URL: https://catalog.archives.gov/id/446396904. Series URL: https://catalog.archives.gov/id/313189290. Digital object: 41-bpr-nsc-hfiles-nsd-70-90005-020.pdf, object ID 483296555, URL https://s3.amazonaws.com/NARAprodstorage/lz/presidential-libraries/bush/gb-nsc/H-Files/NSDs_313189290/41-bpr-nsc-hfiles-nsd-70-90005-020.pdf. Page count: 101 (measured from available PDF). Other finding aid identifier: Pres-Bush. Container: 90005. Access restriction: Restricted - Possibly.",https://catalog.archives.gov/id/446396904,https://s3.amazonaws.com/NARAprodstorage/lz/presidential-libraries/bush/gb-nsc/H-Files/NSDs_313189290/41-bpr-nsc-hfiles-nsd-70-90005-020.pdf
Confirmed record,2.029,Visible note clean,Excisions check,0,,Check excisions before final document selection and source-note wording.,Pakistan,1992-12-03,Memorandum of Telephone Conversation,Partial,2 pages,428082401,[Memorandum of Telephone Conversations (Telcons) - July 1992-January 1993]:  December 1992,Records of the National Security Council (George H. W. Bush Administration) | Presidential Telcon Files | [Memorandum of Telephone Conversations (Telcons) - July 1992-January 1993]:  December 1992 | 1992-12-03--Sharif.pdf,Bush Library first-page classification extraction; original classification Confidential; source location generated from local metadata because citation marker was not found.,Metadata source chain with extracted classification,starts with Source:; no URL/NAID/catalog/release ledger in visible note; Bush Presidential Records present; locator/page range pending; classification/no-marking captured,"Source: George H.W. Bush Library, Bush Presidential Records, National Security Council, Presidential Telcon Files, [Memorandum of Telephone Conversations (Telcons) - July 1992-January 1993]: December 1992. Confidential.","Source: George H.W. Bush Presidential Library and Museum, Digital Research Room, ""Memcons and Telcons"" table (https://www.bush41library.gov/digital-research-room/about-textual-collections/memcons-and-telcons), row: Date 12/3/1992; Type Telcon; Participants Sharif, Nawaz; Country Pakistan; Release Status Partial; NAID 428082401. National Archives Catalog item: Telcon with Prime Minister Nawaz Sharif of Pakistan on December 3, 1992, NAID 428082401. Collection: Records of the National Security Council (George H. W. Bush Administration), NAID 2163580. Series: Presidential Telcon Files, NAID 321498139. File unit: [Memorandum of Telephone Conversations (Telcons) - July 1992-January 1993]:  December 1992, NAID 325592783. Digital object: 1992-12-03--Sharif.pdf, object ID 428082402, URL https://s3.us-east-1.amazonaws.com/NARAprodstorage/lz/presidential-libraries/bush/gb-nsc/321498139/1992-12-03--Sharif.pdf. Access restriction: Restricted - Partly. Deduped local provenance: Brent Scowcroft Papers, Presidential Correspondence Files, NAID 366551706, 91113-006, source pages 49-50.",https://catalog.archives.gov/id/428082401,https://s3.us-east-1.amazonaws.com/NARAprodstorage/lz/presidential-libraries/bush/gb-nsc/321498139/1992-12-03--Sharif.pdf
Potential lead,,Visible note clean,Page-boundary check,0,,Confirm item-level page boundaries before final numbering.,Regional,1992-03-19,"President's Meeting with Prime Minister Zia of Bangladesh - March 19, 1992",Online object available,,470426266,,Records of the National Security Council (George H. W. Bush Administration) | Richard N. Haass' Meeting Files | Richard N. Haass' Meeting Files | NAID 470426266 | 41-bpr-nsc-haass_meeting-cf01447-024.pdf,FRUS-style archival chain generated from potential-lead metadata; verify against PDF or title page before promotion.,Metadata-derived draft; verify before promotion,starts with Source:; no URL/NAID/catalog/release ledger in visible note; Bush Presidential Records present; classification pending unless not visible,"Source: George H.W. Bush Library, Bush Presidential Records, National Security Council, Richard N. Haass' Meeting Files, President's Meeting with Prime Minister Zia of Bangladesh - March 19, 1992.","Potential document lead from the National Archives Catalog. Records of the National Security Council (George H. W. Bush Administration), Richard N. Haass' Meeting Files, Richard N. Haass' Meeting Files. NAID 470426266. Restricted - Possibly. Digital object: 41-bpr-nsc-haass_meeting-cf01447-024.pdf. Catalog: https://catalog.archives.gov/id/470426266.",https://catalog.archives.gov/id/470426266,https://s3.dualstack.us-east-1.amazonaws.com/NARAprodstorage/lz/presidential-libraries/bush/gb-nsc/haass/meeting_2554866/41-bpr-nsc-haass_meeting-cf01447-024.pdf
Potential lead,,Visible note clean,Page-boundary check,0,,Confirm item-level page boundaries before final numbering.,Regional,1989-01-20,Letters on Kashmir,Online object available,,470426145,,Records of the National Security Council (George H. W. Bush Administration) | Richard N. Haass' Correspondence Files | Richard N. Haass' Correspondence Files | NAID 470426145 | 41-bpr-nsc-haass_correspondence-cf01479-008.pdf,FRUS-style archival chain generated from potential-lead metadata; verify against PDF or title page before promotion.,Metadata-derived draft; verify before promotion,starts with Source:; no URL/NAID/catalog/release ledger in visible note; Bush Presidential Records present; classification pending unless not visible,"Source: George H.W. Bush Library, Bush Presidential Records, National Security Council, Richard N. Haass' Correspondence Files, Letters on Kashmir.","Potential document lead from the National Archives Catalog. Records of the National Security Council (George H. W. Bush Administration), Richard N. Haass' Correspondence Files, Richard N. Haass' Correspondence Files. NAID 470426145. Restricted - Possibly. Digital object: 41-bpr-nsc-haass_correspondence-cf01479-008.pdf. Catalog: https://catalog.archives.gov/id/470426145.",https://catalog.archives.gov/id/470426145,https://s3.dualstack.us-east-1.amazonaws.com/NARAprodstorage/lz/presidential-libraries/bush/gb-nsc/haass/correspondence_2554865/41-bpr-nsc-haass_correspondence-cf01479-008.pdf
Potential lead,,Visible note clean,Page-boundary check,0,,Confirm item-level page boundaries before final numbering.,Regional,1990-03-26,"NSC/DC [Deputies Committee] Teleconference - March 26, 1990 Re: Kashmir",Online object available,,470426225,,Records of the National Security Council (George H. W. Bush Administration) | Richard N. Haass' Meeting Files | Richard N. Haass' Meeting Files | NAID 470426225 | 41-bpr-nsc-haass_meeting-cf01625-014.pdf,FRUS-style archival chain generated from potential-lead metadata; verify against PDF or title page before promotion.,Metadata-derived draft; verify before promotion,starts with Source:; no URL/NAID/catalog/release ledger in visible note; Bush Presidential Records present; classification pending unless not visible,"Source: George H.W. Bush Library, Bush Presidential Records, National Security Council, Richard N. Haass' Meeting Files, NSC/DC [Deputies Committee] Teleconference - March 26, 1990 Re: Kashmir.","Potential document lead from the National Archives Catalog. Records of the National Security Council (George H. W. Bush Administration), Richard N. Haass' Meeting Files, Richard N. Haass' Meeting Files. NAID 470426225. Restricted - Possibly. Digital object: 41-bpr-nsc-haass_meeting-cf01625-014.pdf. Catalog: https://catalog.archives.gov/id/470426225.",https://catalog.archives.gov/id/470426225,https://s3.dualstack.us-east-1.amazonaws.com/NARAprodstorage/lz/presidential-libraries/bush/gb-nsc/haass/meeting_2554866/41-bpr-nsc-haass_meeting-cf01625-014.pdf
Potential lead,,Visible note clean,Page-boundary check,0,,Confirm item-level page boundaries before final numbering.,Regional,1989-01-20,Bangladesh,Online object available,,645608041,,Richard Cheney Collection | Country Files | Country Files | NAID 645608041 | 41-bpr-dhm-cheney-country-31842-009.pdf,FRUS-style archival chain generated from potential-lead metadata; verify against PDF or title page before promotion.,Metadata-derived draft; verify before promotion,starts with Source:; no URL/NAID/catalog/release ledger in visible note; classification pending unless not visible,"Source: George H.W. Bush Library, Richard Cheney Collection, Country Files, Bangladesh.","Potential document lead from the National Archives Catalog. Richard Cheney Collection, Country Files, Country Files. NAID 645608041. Restricted - Partly. Digital object: 41-bpr-dhm-cheney-country-31842-009.pdf. Catalog: https://catalog.archives.gov/id/645608041.",https://catalog.archives.gov/id/645608041,https://s3.amazonaws.com/NARAprodstorage/lz/presidential-libraries/bush/gb-rbc/country_470572294/41-bpr-dhm-cheney-country-31842-009.pdf
Potential lead,,Visible note clean,Page-boundary check,0,,Confirm item-level page boundaries before final numbering.,Afghanistan,1989-01-01,Working Files - Afghanistan 1989-1992 [2],Online object available,,470426597,,Records of the National Security Council (George H. W. Bush Administration) | Richard N. Haass' Working Files | Richard N. Haass' Working Files | NAID 470426597 | 41-bpr-nsc-haass_working-cf01304-011.pdf,FRUS-style archival chain generated from potential-lead metadata; verify against PDF or title page before promotion.,Metadata-derived draft; verify before promotion,starts with Source:; no URL/NAID/catalog/release ledger in visible note; Bush Presidential Records present; classification pending unless not visible,"Source: George H.W. Bush Library, Bush Presidential Records, National Security Council, Richard N. Haass' Working Files, Working Files - Afghanistan 1989-1992 [2].","Potential document lead from the National Archives Catalog. Records of the National Security Council (George H. W. Bush Administration), Richard N. Haass' Working Files, Richard N. Haass' Working Files. NAID 470426597. Restricted - Possibly. Digital object: 41-bpr-nsc-haass_working-cf01304-011.pdf. Catalog: https://catalog.archives.gov/id/470426597.",https://catalog.archives.gov/id/470426597,https://s3.dualstack.us-east-1.amazonaws.com/NARAprodstorage/lz/presidential-libraries/bush/gb-nsc/haass/working_2554877/41-bpr-nsc-haass_working-cf01304-011.pdf
Potential lead,,Visible note clean,Page-boundary check,0,,Confirm item-level page boundaries before final numbering.,Afghanistan,1989-01-20,Afghanistan,Online object available,,645607685,,Richard Cheney Collection | Country Files | Country Files | NAID 645607685 | 41-bpr-dhm-cheney-country-31827-001.pdf,FRUS-style archival chain generated from potential-lead metadata; verify against PDF or title page before promotion.,Metadata-derived draft; verify before promotion,starts with Source:; no URL/NAID/catalog/release ledger in visible note; classification pending unless not visible,"Source: George H.W. Bush Library, Richard Cheney Collection, Country Files, Afghanistan.","Potential document lead from the National Archives Catalog. Richard Cheney Collection, Country Files, Country Files. NAID 645607685. Unrestricted. Digital object: 41-bpr-dhm-cheney-country-31827-001.pdf. Catalog: https://catalog.archives.gov/id/645607685.",https://catalog.archives.gov/id/645607685,https://s3.amazonaws.com/NARAprodstorage/lz/presidential-libraries/bush/gb-rbc/country_470572294/41-bpr-dhm-cheney-country-31827-001.pdf
Potential lead,,Visible note clean,Page-boundary check,0,,Confirm item-level page boundaries before final numbering.,Afghanistan,1989-01-20,Afghanistan - Charles,Online object available,,470426255,,Records of the National Security Council (George H. W. Bush Administration) | Richard N. Haass' Meeting Files | Richard N. Haass' Meeting Files | NAID 470426255 | 41-bpr-nsc-haass_meeting-cf01447-013.pdf,FRUS-style archival chain generated from potential-lead metadata; verify against PDF or title page before promotion.,Metadata-derived draft; verify before promotion,starts with Source:; no URL/NAID/catalog/release ledger in visible note; Bush Presidential Records present; classification pending unless not visible,"Source: George H.W. Bush Library, Bush Presidential Records, National Security Council, Richard N. Haass' Meeting Files, Afghanistan - Charles.","Potential document lead from the National Archives Catalog. Records of the National Security Council (George H. W. Bush Administration), Richard N. Haass' Meeting Files, Richard N. Haass' Meeting Files. NAID 470426255. Restricted - Possibly. Digital object: 41-bpr-nsc-haass_meeting-cf01447-013.pdf. Catalog: https://catalog.archives.gov/id/470426255.",https://catalog.archives.gov/id/470426255,https://s3.dualstack.us-east-1.amazonaws.com/NARAprodstorage/lz/presidential-libraries/bush/gb-nsc/haass/meeting_2554866/41-bpr-nsc-haass_meeting-cf01447-013.pdf
Potential lead,,Visible note clean,Page-boundary check,0,,Confirm item-level page boundaries before final numbering.,Afghanistan,1989-01-20,Afghanistan [1],Online object available,,645607321,,Richard Cheney Collection | Country Files | Country Files | NAID 645607321 | 41-bpr-dhm-cheney-country-31812-001.pdf,FRUS-style archival chain generated from potential-lead metadata; verify against PDF or title page before promotion.,Metadata-derived draft; verify before promotion,starts with Source:; no URL/NAID/catalog/release ledger in visible note; classification pending unless not visible,"Source: George H.W. Bush Library, Richard Cheney Collection, Country Files, Afghanistan [1].","Potential document lead from the National Archives Catalog. Richard Cheney Collection, Country Files, Country Files. NAID 645607321. Restricted - Partly. Digital object: 41-bpr-dhm-cheney-country-31812-001.pdf. Catalog: https://catalog.archives.gov/id/645607321.",https://catalog.archives.gov/id/645607321,https://s3.amazonaws.com/NARAprodstorage/lz/presidential-libraries/bush/gb-rbc/country_470572294/41-bpr-dhm-cheney-country-31812-001.pdf
Potential lead,,Visible note clean,Page-boundary check,0,,Confirm item-level page boundaries before final numbering.,Afghanistan,1989-01-20,Afghanistan [2],Online object available,,645607323,,Richard Cheney Collection | Country Files | Country Files | NAID 645607323 | 41-bpr-dhm-cheney-country-31812-002.pdf,FRUS-style archival chain generated from potential-lead metadata; verify against PDF or title page before promotion.,Metadata-derived draft; verify before promotion,starts with Source:; no URL/NAID/catalog/release ledger in visible note; classification pending unless not visible,"Source: George H.W. Bush Library, Richard Cheney Collection, Country Files, Afghanistan [2].","Potential document lead from the National Archives Catalog. Richard Cheney Collection, Country Files, Country Files. NAID 645607323. Restricted - Partly. Digital object: 41-bpr-dhm-cheney-country-31812-002.pdf. Catalog: https://catalog.archives.gov/id/645607323.",https://catalog.archives.gov/id/645607323,https://s3.amazonaws.com/NARAprodstorage/lz/presidential-libraries/bush/gb-rbc/country_470572294/41-bpr-dhm-cheney-country-31812-002.pdf
Potential lead,,Visible note clean,Page-boundary check,0,,Confirm item-level page boundaries before final numbering.,Pakistan,1989-01-20,Pakistan-India,Online object available,,470437053,,Records of the National Security Council (George H. W. Bush Administration) | Robert M. Gates' Subject Files | Robert M. Gates' Subject Files | NAID 470437053 | 41-bpr-nsc-gates-subj-cf00946-012.pdf,FRUS-style archival chain generated from potential-lead metadata; verify against PDF or title page before promotion.,Metadata-derived draft; verify before promotion,starts with Source:; no URL/NAID/catalog/release ledger in visible note; Bush Presidential Records present; classification pending unless not visible,"Source: George H.W. Bush Library, Bush Presidential Records, National Security Council, Robert M. Gates' Subject Files, Pakistan-India.","Potential document lead from the National Archives Catalog. Records of the National Security Council (George H. W. Bush Administration), Robert M. Gates' Subject Files, Robert M. Gates' Subject Files. NAID 470437053. Restricted - Possibly. Digital object: 41-bpr-nsc-gates-subj-cf00946-012.pdf. Catalog: https://catalog.archives.gov/id/470437053.",https://catalog.archives.gov/id/470437053,https://s3.dualstack.us-east-1.amazonaws.com/NARAprodstorage/lz/presidential-libraries/bush/gb-nsc/gates/subject_2554843/41-bpr-nsc-gates-subj-cf00946-012.pdf
Potential lead,,Visible note clean,Page-boundary check,0,,Confirm item-level page boundaries before final numbering.,India,1989-01-20,India,Online object available,,645607415,,Richard Cheney Collection | Country Files | Country Files | NAID 645607415 | 41-bpr-dhm-cheney-country-31815-004.pdf,FRUS-style archival chain generated from potential-lead metadata; verify against PDF or title page before promotion.,Metadata-derived draft; verify before promotion,starts with Source:; no URL/NAID/catalog/release ledger in visible note; classification pending unless not visible,"Source: George H.W. Bush Library, Richard Cheney Collection, Country Files, India.","Potential document lead from the National Archives Catalog. Richard Cheney Collection, Country Files, Country Files. NAID 645607415. Restricted - Partly. Digital object: 41-bpr-dhm-cheney-country-31815-004.pdf. Catalog: https://catalog.archives.gov/id/645607415.",https://catalog.archives.gov/id/645607415,https://s3.amazonaws.com/NARAprodstorage/lz/presidential-libraries/bush/gb-rbc/country_470572294/41-bpr-dhm-cheney-country-31815-004.pdf
Potential lead,,Visible note clean,Page-boundary check,0,,Confirm item-level page boundaries before final numbering.,India,1989-01-20,India [1],Online object available,,645608141,,Richard Cheney Collection | Country Files | Country Files | NAID 645608141 | 41-bpr-dhm-cheney-country-31847-001.pdf,FRUS-style archival chain generated from potential-lead metadata; verify against PDF or title page before promotion.,Metadata-derived draft; verify before promotion,starts with Source:; no URL/NAID/catalog/release ledger in visible note; classification pending unless not visible,"Source: George H.W. Bush Library, Richard Cheney Collection, Country Files, India [1].","Potential document lead from the National Archives Catalog. Richard Cheney Collection, Country Files, Country Files. NAID 645608141. Restricted - Partly. Digital object: 41-bpr-dhm-cheney-country-31847-001.pdf. Catalog: https://catalog.archives.gov/id/645608141.",https://catalog.archives.gov/id/645608141,https://s3.amazonaws.com/NARAprodstorage/lz/presidential-libraries/bush/gb-rbc/country_470572294/41-bpr-dhm-cheney-country-31847-001.pdf
Potential lead,,Visible note clean,Page-boundary check,0,,Confirm item-level page boundaries before final numbering.,India,1989-01-20,India [1],Online object available,,645607135,,Richard Cheney Collection | Country Files | Country Files | NAID 645607135 | 41-bpr-dhm-cheney-country-31802-007.pdf,FRUS-style archival chain generated from potential-lead metadata; verify against PDF or title page before promotion.,Metadata-derived draft; verify before promotion,starts with Source:; no URL/NAID/catalog/release ledger in visible note; classification pending unless not visible,"Source: George H.W. Bush Library, Richard Cheney Collection, Country Files, India [1].","Potential document lead from the National Archives Catalog. Richard Cheney Collection, Country Files, Country Files. NAID 645607135. Restricted - Partly. Digital object: 41-bpr-dhm-cheney-country-31802-007.pdf. Catalog: https://catalog.archives.gov/id/645607135.",https://catalog.archives.gov/id/645607135,https://s3.amazonaws.com/NARAprodstorage/lz/presidential-libraries/bush/gb-rbc/country_470572294/41-bpr-dhm-cheney-country-31802-007.pdf
Potential lead,,Visible note clean,Page-boundary check,0,,Confirm item-level page boundaries before final numbering.,India,1989-01-20,India [2],Online object available,,645608143,,Richard Cheney Collection | Country Files | Country Files | NAID 645608143 | 41-bpr-dhm-cheney-country-31847-002.pdf,FRUS-style archival chain generated from potential-lead metadata; verify against PDF or title page before promotion.,Metadata-derived draft; verify before promotion,starts with Source:; no URL/NAID/catalog/release ledger in visible note; classification pending unless not visible,"Source: George H.W. Bush Library, Richard Cheney Collection, Country Files, India [2].","Potential document lead from the National Archives Catalog. Richard Cheney Collection, Country Files, Country Files. NAID 645608143. Restricted - Partly. Digital object: 41-bpr-dhm-cheney-country-31847-002.pdf. Catalog: https://catalog.archives.gov/id/645608143.",https://catalog.archives.gov/id/645608143,https://s3.amazonaws.com/NARAprodstorage/lz/presidential-libraries/bush/gb-rbc/country_470572294/41-bpr-dhm-cheney-country-31847-002.pdf
Potential lead,,Visible note clean,Page-boundary check,0,,Confirm item-level page boundaries before final numbering.,India,1989-01-20,India [2],Online object available,,645607137,,Richard Cheney Collection | Country Files | Country Files | NAID 645607137 | 41-bpr-dhm-cheney-country-31802-008.pdf,FRUS-style archival chain generated from potential-lead metadata; verify against PDF or title page before promotion.,Metadata-derived draft; verify before promotion,starts with Source:; no URL/NAID/catalog/release ledger in visible note; classification pending unless not visible,"Source: George H.W. Bush Library, Richard Cheney Collection, Country Files, India [2].","Potential document lead from the National Archives Catalog. Richard Cheney Collection, Country Files, Country Files. NAID 645607137. Restricted - Partly. Digital object: 41-bpr-dhm-cheney-country-31802-008.pdf. Catalog: https://catalog.archives.gov/id/645607137.",https://catalog.archives.gov/id/645607137,https://s3.amazonaws.com/NARAprodstorage/lz/presidential-libraries/bush/gb-rbc/country_470572294/41-bpr-dhm-cheney-country-31802-008.pdf
Potential lead,,Visible note clean,Page-boundary check,0,,Confirm item-level page boundaries before final numbering.,India,1989-01-20,India [A],Online object available,,645607805,,Richard Cheney Collection | Country Files | Country Files | NAID 645607805 | 41-bpr-dhm-cheney-country-31832-001.pdf,FRUS-style archival chain generated from potential-lead metadata; verify against PDF or title page before promotion.,Metadata-derived draft; verify before promotion,starts with Source:; no URL/NAID/catalog/release ledger in visible note; classification pending unless not visible,"Source: George H.W. Bush Library, Richard Cheney Collection, Country Files, India [A].","Potential document lead from the National Archives Catalog. Richard Cheney Collection, Country Files, Country Files. NAID 645607805. Restricted - Partly. Digital object: 41-bpr-dhm-cheney-country-31832-001.pdf. Catalog: https://catalog.archives.gov/id/645607805.",https://catalog.archives.gov/id/645607805,https://s3.amazonaws.com/NARAprodstorage/lz/presidential-libraries/bush/gb-rbc/country_470572294/41-bpr-dhm-cheney-country-31832-001.pdf
Potential lead,,Visible note clean,Page-boundary check,0,,Confirm item-level page boundaries before final numbering.,India,1989-01-20,India [B],Online object available,,645607807,,Richard Cheney Collection | Country Files | Country Files | NAID 645607807 | 41-bpr-dhm-cheney-country-31832-002.pdf,FRUS-style archival chain generated from potential-lead metadata; verify against PDF or title page before promotion.,Metadata-derived draft; verify before promotion,starts with Source:; no URL/NAID/catalog/release ledger in visible note; classification pending unless not visible,"Source: George H.W. Bush Library, Richard Cheney Collection, Country Files, India [B].","Potential document lead from the National Archives Catalog. Richard Cheney Collection, Country Files, Country Files. NAID 645607807. Restricted - Partly. Digital object: 41-bpr-dhm-cheney-country-31832-002.pdf. Catalog: https://catalog.archives.gov/id/645607807.",https://catalog.archives.gov/id/645607807,https://s3.amazonaws.com/NARAprodstorage/lz/presidential-libraries/bush/gb-rbc/country_470572294/41-bpr-dhm-cheney-country-31832-002.pdf
Potential lead,,Visible note clean,Page-boundary check,0,,Confirm item-level page boundaries before final numbering.,Pakistan,1989-01-20,Pakistan,Online object available,,645608235,,Richard Cheney Collection | Country Files | Country Files | NAID 645608235 | 41-bpr-dhm-cheney-country-31850-010.pdf,FRUS-style archival chain generated from potential-lead metadata; verify against PDF or title page before promotion.,Metadata-derived draft; verify before promotion,starts with Source:; no URL/NAID/catalog/release ledger in visible note; classification pending unless not visible,"Source: George H.W. Bush Library, Richard Cheney Collection, Country Files, Pakistan.","Potential document lead from the National Archives Catalog. Richard Cheney Collection, Country Files, Country Files. NAID 645608235. Restricted - Partly. Digital object: 41-bpr-dhm-cheney-country-31850-010.pdf. Catalog: https://catalog.archives.gov/id/645608235.",https://catalog.archives.gov/id/645608235,https://s3.amazonaws.com/NARAprodstorage/lz/presidential-libraries/bush/gb-rbc/country_470572294/41-bpr-dhm-cheney-country-31850-010.pdf
Potential lead,,Visible note clean,Page-boundary check,0,,Confirm item-level page boundaries before final numbering.,Pakistan,1989-01-20,Pakistan [A],Online object available,,645607905,,Richard Cheney Collection | Country Files | Country Files | NAID 645607905 | 41-bpr-dhm-cheney-country-31836-005.pdf,FRUS-style archival chain generated from potential-lead metadata; verify against PDF or title page before promotion.,Metadata-derived draft; verify before promotion,starts with Source:; no URL/NAID/catalog/release ledger in visible note; classification pending unless not visible,"Source: George H.W. Bush Library, Richard Cheney Collection, Country Files, Pakistan [A].","Potential document lead from the National Archives Catalog. Richard Cheney Collection, Country Files, Country Files. NAID 645607905. Restricted - Partly. Digital object: 41-bpr-dhm-cheney-country-31836-005.pdf. Catalog: https://catalog.archives.gov/id/645607905.",https://catalog.archives.gov/id/645607905,https://s3.amazonaws.com/NARAprodstorage/lz/presidential-libraries/bush/gb-rbc/country_470572294/41-bpr-dhm-cheney-country-31836-005.pdf
Potential lead,,Visible note clean,Page-boundary check,0,,Confirm item-level page boundaries before final numbering.,Pakistan,1989-01-20,Pakistan [A],Online object available,,645607531,,Richard Cheney Collection | Country Files | Country Files | NAID 645607531 | 41-bpr-dhm-cheney-country-31820-001.pdf,FRUS-style archival chain generated from potential-lead metadata; verify against PDF or title page before promotion.,Metadata-derived draft; verify before promotion,starts with Source:; no URL/NAID/catalog/release ledger in visible note; classification pending unless not visible,"Source: George H.W. Bush Library, Richard Cheney Collection, Country Files, Pakistan [A].","Potential document lead from the National Archives Catalog. Richard Cheney Collection, Country Files, Country Files. NAID 645607531. Restricted - Partly. Digital object: 41-bpr-dhm-cheney-country-31820-001.pdf. Catalog: https://catalog.archives.gov/id/645607531.",https://catalog.archives.gov/id/645607531,https://s3.amazonaws.com/NARAprodstorage/lz/presidential-libraries/bush/gb-rbc/country_470572294/41-bpr-dhm-cheney-country-31820-001.pdf
Potential lead,,Visible note clean,Page-boundary check,0,,Confirm item-level page boundaries before final numbering.,Pakistan,1989-01-20,Pakistan [B],Online object available,,645607533,,Richard Cheney Collection | Country Files | Country Files | NAID 645607533 | 41-bpr-dhm-cheney-country-31820-002.pdf,FRUS-style archival chain generated from potential-lead metadata; verify against PDF or title page before promotion.,Metadata-derived draft; verify before promotion,starts with Source:; no URL/NAID/catalog/release ledger in visible note; classification pending unless not visible,"Source: George H.W. Bush Library, Richard Cheney Collection, Country Files, Pakistan [B].","Potential document lead from the National Archives Catalog. Richard Cheney Collection, Country Files, Country Files. NAID 645607533. Restricted - Partly. Digital object: 41-bpr-dhm-cheney-country-31820-002.pdf. Catalog: https://catalog.archives.gov/id/645607533.",https://catalog.archives.gov/id/645607533,https://s3.amazonaws.com/NARAprodstorage/lz/presidential-libraries/bush/gb-rbc/country_470572294/41-bpr-dhm-cheney-country-31820-002.pdf
Potential lead,,Visible note clean,Page-boundary check,0,,Confirm item-level page boundaries before final numbering.,Pakistan,1989-01-20,Pakistan [B],Online object available,,645607907,,Richard Cheney Collection | Country Files | Country Files | NAID 645607907 | 41-bpr-dhm-cheney-country-31836-006.pdf,FRUS-style archival chain generated from potential-lead metadata; verify against PDF or title page before promotion.,Metadata-derived draft; verify before promotion,starts with Source:; no URL/NAID/catalog/release ledger in visible note; classification pending unless not visible,"Source: George H.W. Bush Library, Richard Cheney Collection, Country Files, Pakistan [B].","Potential document lead from the National Archives Catalog. Richard Cheney Collection, Country Files, Country Files. NAID 645607907. Restricted - Partly. Digital object: 41-bpr-dhm-cheney-country-31836-006.pdf. Catalog: https://catalog.archives.gov/id/645607907.",https://catalog.archives.gov/id/645607907,https://s3.amazonaws.com/NARAprodstorage/lz/presidential-libraries/bush/gb-rbc/country_470572294/41-bpr-dhm-cheney-country-31836-006.pdf
Potential lead,,Visible note clean,Promotion source-note draft,0,,Use as a draft only if the lead is promoted into the confirmed chronology.,Afghanistan,1992-10-07,Presidential Determination No. 93-3--Memorandum on Trade With Afghanistan,Public presidential statement,,,,Public Papers of the Presidents of the United States: George H. W. Bush | PPP-1992-book2,FRUS-style archival chain generated from potential-lead metadata; verify against PDF or title page before promotion.,Published/public source citation,starts with Source:; no URL/NAID/catalog/release ledger in visible note; classification pending unless not visible,"Source: Public Papers of the Presidents of the United States: George H.W. Bush, October 7, 1992, ""Presidential Determination No. 93-3--Memorandum on Trade With Afghanistan"", GovInfo package PPP-1992-book2, granule PPP-1992-book2-doc-pg1772.","Potential public-paper reference. Public Papers of the Presidents of the United States: George H. W. Bush, October 7, 1992, ""Presidential Determination No. 93-3--Memorandum on Trade With Afghanistan"". GovInfo package PPP-1992-book2, granule PPP-1992-book2-doc-pg1772.",,https://www.govinfo.gov/content/pkg/PPP-1992-book2/pdf/PPP-1992-book2-doc-pg1772.pdf
Potential lead,,Visible note clean,Promotion source-note draft,0,,Use as a draft only if the lead is promoted into the confirmed chronology.,Afghanistan,1992-02-28,Presidential Determination No. 92-18--Memorandum on Certification for Major Narcotics Producing and Transit Countries,Public presidential statement,,,,Public Papers of the Presidents of the United States: George H. W. Bush | PPP-1992-book1,FRUS-style archival chain generated from potential-lead metadata; verify against PDF or title page before promotion.,Published/public source citation,starts with Source:; no URL/NAID/catalog/release ledger in visible note; classification pending unless not visible,"Source: Public Papers of the Presidents of the United States: George H.W. Bush, February 28, 1992, ""Presidential Determination No. 92-18--Memorandum on Certification for Major Narcotics Producing and Transit Countries"", GovInfo package PPP-1992-book1, granule PPP-1992-book1-doc-pg351.","Potential public-paper reference. Public Papers of the Presidents of the United States: George H. W. Bush, February 28, 1992, ""Presidential Determination No. 92-18--Memorandum on Certification for Major Narcotics Producing and Transit Countries"". GovInfo package PPP-1992-book1, granule PPP-1992-book1-doc-pg351.",,https://www.govinfo.gov/content/pkg/PPP-1992-book1/pdf/PPP-1992-book1-doc-pg351.pdf
Potential lead,,Visible note clean,Promotion source-note draft,0,,Use as a draft only if the lead is promoted into the confirmed chronology.,Pakistan,1993-01-19,Letter to Congressional Leaders Reporting on Nuclear Nonproliferation,Public presidential statement,,,,Public Papers of the Presidents of the United States: George H. W. Bush | PPP-1992-book2,FRUS-style archival chain generated from potential-lead metadata; verify against PDF or title page before promotion.,Published/public source citation,starts with Source:; no URL/NAID/catalog/release ledger in visible note; classification pending unless not visible,"Source: Public Papers of the Presidents of the United States: George H.W. Bush, January 19, 1993, ""Letter to Congressional Leaders Reporting on Nuclear Nonproliferation"", GovInfo package PPP-1992-book2, granule PPP-1992-book2-doc-pg2264.","Potential public-paper reference. Public Papers of the Presidents of the United States: George H. W. Bush, January 19, 1993, ""Letter to Congressional Leaders Reporting on Nuclear Nonproliferation"". GovInfo package PPP-1992-book2, granule PPP-1992-book2-doc-pg2264.",,https://www.govinfo.gov/content/pkg/PPP-1992-book2/pdf/PPP-1992-book2-doc-pg2264.pdf
Potential lead,,Visible note clean,Promotion source-note draft,0,,Use as a draft only if the lead is promoted into the confirmed chronology.,Regional,1992-10-02,Presidential Determination No. 93-1--Memorandum on Refugee Admissions,Public presidential statement,,,,Public Papers of the Presidents of the United States: George H. W. Bush | PPP-1992-book2,FRUS-style archival chain generated from potential-lead metadata; verify against PDF or title page before promotion.,Published/public source citation,starts with Source:; no URL/NAID/catalog/release ledger in visible note; classification pending unless not visible,"Source: Public Papers of the Presidents of the United States: George H.W. Bush, October 2, 1992, ""Presidential Determination No. 93-1--Memorandum on Refugee Admissions"", GovInfo package PPP-1992-book2, granule PPP-1992-book2-doc-pg1740.","Potential public-paper reference. Public Papers of the Presidents of the United States: George H. W. Bush, October 2, 1992, ""Presidential Determination No. 93-1--Memorandum on Refugee Admissions"". GovInfo package PPP-1992-book2, granule PPP-1992-book2-doc-pg1740.",,https://www.govinfo.gov/content/pkg/PPP-1992-book2/pdf/PPP-1992-book2-doc-pg1740.pdf
Potential lead,,Visible note clean,Promotion source-note draft,0,,Use as a draft only if the lead is promoted into the confirmed chronology.,Regional,1992-03-19,Statement by Press Secretary Fitzwater on the President's Meeting With Prime Minister Begum Khaleda Zia of Bangladesh,Public presidential statement,,,,Public Papers of the Presidents of the United States: George H. W. Bush | PPP-1992-book1,FRUS-style archival chain generated from potential-lead metadata; verify against PDF or title page before promotion.,Published/public source citation,starts with Source:; no URL/NAID/catalog/release ledger in visible note; classification/no-marking captured,"Source: Public Papers of the Presidents of the United States: George H.W. Bush, March 19, 1992, ""Statement by Press Secretary Fitzwater on the President's Meeting With Prime Minister Begum Khaleda Zia of Bangladesh"", GovInfo package PPP-1992-book1, granule PPP-1992-book1-doc-pg473.","Potential public-paper reference. Public Papers of the Presidents of the United States: George H. W. Bush, March 19, 1992, ""Statement by Press Secretary Fitzwater on the President's Meeting With Prime Minister Begum Khaleda Zia of Bangladesh"". GovInfo package PPP-1992-book1, granule PPP-1992-book1-doc-pg473.",,https://www.govinfo.gov/content/pkg/PPP-1992-book1/pdf/PPP-1992-book1-doc-pg473.pdf
Potential lead,,Visible note clean,Promotion source-note draft,0,,Use as a draft only if the lead is promoted into the confirmed chronology.,Pakistan,1992-09-30,Presidential Determination No. 92-49--Memorandum on Disaster Assistance for Pakistan,Public presidential statement,,,,Public Papers of the Presidents of the United States: George H. W. Bush | PPP-1992-book2,FRUS-style archival chain generated from potential-lead metadata; verify against PDF or title page before promotion.,Published/public source citation,starts with Source:; no URL/NAID/catalog/release ledger in visible note; classification pending unless not visible,"Source: Public Papers of the Presidents of the United States: George H.W. Bush, September 30, 1992, ""Presidential Determination No. 92-49--Memorandum on Disaster Assistance for Pakistan"", GovInfo package PPP-1992-book2, granule PPP-1992-book2-doc-pg1729.","Potential public-paper reference. Public Papers of the Presidents of the United States: George H. W. Bush, September 30, 1992, ""Presidential Determination No. 92-49--Memorandum on Disaster Assistance for Pakistan"". GovInfo package PPP-1992-book2, granule PPP-1992-book2-doc-pg1729.",,https://www.govinfo.gov/content/pkg/PPP-1992-book2/pdf/PPP-1992-book2-doc-pg1729.pdf
Potential lead,,Visible note clean,Page-boundary check,0,,Confirm item-level page boundaries before final numbering.,Regional,1989-01-20,"Milam, William - AMB to Bangladesh",Online object available,,286185941,,Records of the White House Office of Presidential Personnel (George H. W. Bush Administration) | Katja Bullock Appointment Files | Katja Bullock Appointment Files | NAID 286185941 | 41-bpr-pers-bullock-appt-07091-008.pdf,FRUS-style archival chain generated from potential-lead metadata; verify against PDF or title page before promotion.,Metadata-derived draft; verify before promotion,starts with Source:; no URL/NAID/catalog/release ledger in visible note; classification pending unless not visible,"Source: George H.W. Bush Library, White House Office of Presidential Personnel, Katja Bullock Appointment Files, Milam, William - AMB to Bangladesh.","Potential document lead from the National Archives Catalog. Records of the White House Office of Presidential Personnel (George H. W. Bush Administration), Katja Bullock Appointment Files, Katja Bullock Appointment Files. NAID 286185941. Restricted - Possibly. Digital object: 41-bpr-pers-bullock-appt-07091-008.pdf. Catalog: https://catalog.archives.gov/id/286185941.",https://catalog.archives.gov/id/286185941,https://s3.amazonaws.com/NARAprodstorage/lz/presidential-libraries/bush/foia/2000/Batch0001/41-bpr-pers-bullock-appt-07091-008.pdf
Potential lead,,Visible note clean,Promotion source-note draft,0,,Use as a draft only if the lead is promoted into the confirmed chronology.,Afghanistan,1992-04-10,The President's News Conference,Public presidential statement,,,,Public Papers of the Presidents of the United States: George H. W. Bush | PPP-1992-book1,FRUS-style archival chain generated from potential-lead metadata; verify against PDF or title page before promotion.,Published/public source citation,starts with Source:; no URL/NAID/catalog/release ledger in visible note; classification pending unless not visible,"Source: Public Papers of the Presidents of the United States: George H.W. Bush, April 10, 1992, ""The President's News Conference"", GovInfo package PPP-1992-book1, granule PPP-1992-book1-doc-pg579.","Potential public-paper reference. Public Papers of the Presidents of the United States: George H. W. Bush, April 10, 1992, ""The President's News Conference"". GovInfo package PPP-1992-book1, granule PPP-1992-book1-doc-pg579.",,https://www.govinfo.gov/content/pkg/PPP-1992-book1/pdf/PPP-1992-book1-doc-pg579.pdf
Potential lead,,Visible note clean,Promotion source-note draft,0,,Use as a draft only if the lead is promoted into the confirmed chronology.,Afghanistan,1992-05-27,"Remarks at the United States Naval Academy Commencement Ceremony in Annapolis, Maryland",Public presidential statement,,,,Public Papers of the Presidents of the United States: George H. W. Bush | PPP-1992-book1,FRUS-style archival chain generated from potential-lead metadata; verify against PDF or title page before promotion.,Published/public source citation,starts with Source:; no URL/NAID/catalog/release ledger in visible note; classification pending unless not visible,"Source: Public Papers of the Presidents of the United States: George H.W. Bush, May 27, 1992, ""Remarks at the United States Naval Academy Commencement Ceremony in Annapolis, Maryland"", GovInfo package PPP-1992-book1, granule PPP-1992-book1-doc-pg820-2.","Potential public-paper reference. Public Papers of the Presidents of the United States: George H. W. Bush, May 27, 1992, ""Remarks at the United States Naval Academy Commencement Ceremony in Annapolis, Maryland"". GovInfo package PPP-1992-book1, granule PPP-1992-book1-doc-pg820-2.",,https://www.govinfo.gov/content/pkg/PPP-1992-book1/pdf/PPP-1992-book1-doc-pg820-2.pdf
Potential lead,,Visible note clean,Promotion source-note draft,0,,Use as a draft only if the lead is promoted into the confirmed chronology.,Afghanistan,1992-06-17,The President's News Conference With President Boris Yeltsin of Russia,Public presidential statement,,,,Public Papers of the Presidents of the United States: George H. W. Bush | PPP-1992-book1,FRUS-style archival chain generated from potential-lead metadata; verify against PDF or title page before promotion.,Published/public source citation,starts with Source:; no URL/NAID/catalog/release ledger in visible note; classification pending unless not visible,"Source: Public Papers of the Presidents of the United States: George H.W. Bush, June 17, 1992, ""The President's News Conference With President Boris Yeltsin of Russia"", GovInfo package PPP-1992-book1, granule PPP-1992-book1-doc-pg953.","Potential public-paper reference. Public Papers of the Presidents of the United States: George H. W. Bush, June 17, 1992, ""The President's News Conference With President Boris Yeltsin of Russia"". GovInfo package PPP-1992-book1, granule PPP-1992-book1-doc-pg953.",,https://www.govinfo.gov/content/pkg/PPP-1992-book1/pdf/PPP-1992-book1-doc-pg953.pdf
Potential lead,,Visible note clean,Promotion source-note draft,0,,Use as a draft only if the lead is promoted into the confirmed chronology.,Regional,1992-05-07,Nomination of Teresita Currie Schaffer To Be United States Ambassador to Sri Lanka and Maldives,Public presidential statement,,,,Public Papers of the Presidents of the United States: George H. W. Bush | PPP-1992-book1,FRUS-style archival chain generated from potential-lead metadata; verify against PDF or title page before promotion.,Published/public source citation,starts with Source:; no URL/NAID/catalog/release ledger in visible note; classification pending unless not visible,"Source: Public Papers of the Presidents of the United States: George H.W. Bush, May 7, 1992, ""Nomination of Teresita Currie Schaffer To Be United States Ambassador to Sri Lanka and Maldives"", GovInfo package PPP-1992-book1, granule PPP-1992-book1-doc-pg725-2.","Potential public-paper reference. Public Papers of the Presidents of the United States: George H. W. Bush, May 7, 1992, ""Nomination of Teresita Currie Schaffer To Be United States Ambassador to Sri Lanka and Maldives"". GovInfo package PPP-1992-book1, granule PPP-1992-book1-doc-pg725-2.",,https://www.govinfo.gov/content/pkg/PPP-1992-book1/pdf/PPP-1992-book1-doc-pg725-2.pdf
Potential lead,,Visible note clean,Promotion source-note draft,0,,Use as a draft only if the lead is promoted into the confirmed chronology.,India,1992-02-24,Nomination of Thomas R. Pickering To Be United States Ambassador to India,Public presidential statement,,,,Public Papers of the Presidents of the United States: George H. W. Bush | PPP-1992-book1,FRUS-style archival chain generated from potential-lead metadata; verify against PDF or title page before promotion.,Published/public source citation,starts with Source:; no URL/NAID/catalog/release ledger in visible note; classification pending unless not visible,"Source: Public Papers of the Presidents of the United States: George H.W. Bush, February 24, 1992, ""Nomination of Thomas R. Pickering To Be United States Ambassador to India"", GovInfo package PPP-1992-book1, granule PPP-1992-book1-doc-pg302.","Potential public-paper reference. Public Papers of the Presidents of the United States: George H. W. Bush, February 24, 1992, ""Nomination of Thomas R. Pickering To Be United States Ambassador to India"". GovInfo package PPP-1992-book1, granule PPP-1992-book1-doc-pg302.",,https://www.govinfo.gov/content/pkg/PPP-1992-book1/pdf/PPP-1992-book1-doc-pg302.pdf
Potential lead,,Visible note clean,Promotion source-note draft,0,,Use as a draft only if the lead is promoted into the confirmed chronology.,Pakistan,1992-07-14,Nomination of John Cameron Monjo To Be United States Ambassador to Pakistan,Public presidential statement,,,,Public Papers of the Presidents of the United States: George H. W. Bush | PPP-1992-book1,FRUS-style archival chain generated from potential-lead metadata; verify against PDF or title page before promotion.,Published/public source citation,starts with Source:; no URL/NAID/catalog/release ledger in visible note; classification pending unless not visible,"Source: Public Papers of the Presidents of the United States: George H.W. Bush, July 14, 1992, ""Nomination of John Cameron Monjo To Be United States Ambassador to Pakistan"", GovInfo package PPP-1992-book1, granule PPP-1992-book1-doc-pg1118.","Potential public-paper reference. Public Papers of the Presidents of the United States: George H. W. Bush, July 14, 1992, ""Nomination of John Cameron Monjo To Be United States Ambassador to Pakistan"". GovInfo package PPP-1992-book1, granule PPP-1992-book1-doc-pg1118.",,https://www.govinfo.gov/content/pkg/PPP-1992-book1/pdf/PPP-1992-book1-doc-pg1118.pdf
Potential lead,,Visible note clean,Page-boundary check,0,,Confirm item-level page boundaries before final numbering.,Pakistan,1989-01-20,Bhutto Departure 6/6/89,Online object available,,323150513,,Records of the White House Office of Speechwriting (George H. W. Bush Administration) | Speech Draft Files | Speech Draft Files | NAID 323150513 | 41-bpr-speech-draft-chron-13490-003_323150513.pdf,FRUS-style archival chain generated from potential-lead metadata; verify against PDF or title page before promotion.,Metadata-derived draft; verify before promotion,starts with Source:; no URL/NAID/catalog/release ledger in visible note; classification pending unless not visible,"Source: George H.W. Bush Library, White House Office of Speechwriting, Speech Draft Files, Bhutto Departure 6/6/89.","Potential document lead from the National Archives Catalog. Records of the White House Office of Speechwriting (George H. W. Bush Administration), Speech Draft Files, Speech Draft Files. NAID 323150513. Restricted - Possibly. Digital object: 41-bpr-speech-draft-chron-13490-003_323150513.pdf. Catalog: https://catalog.archives.gov/id/323150513.",https://catalog.archives.gov/id/323150513,https://s3.amazonaws.com/NARAprodstorage/lz/presidential-libraries/bush/gb-spe/speechwriting_draft_chron_578973/41-bpr-speech-draft-chron-13490-003_323150513.pdf
Potential lead,,Visible note clean,Page-boundary check,0,,Confirm item-level page boundaries before final numbering.,Pakistan,1989-01-20,Departure Statement for Prime Minister Bhutto 6/6/89 [OA 6264],Online object available,,323152491,,Records of the White House Office of Speechwriting (George H. W. Bush Administration) | Speech Backup Chronological Files | Speech Backup Chronological Files | NAID 323152491 | 41-bpr-speech-backup-chron-13671-005_323152491.pdf,FRUS-style archival chain generated from potential-lead metadata; verify against PDF or title page before promotion.,Metadata-derived draft; verify before promotion,starts with Source:; no URL/NAID/catalog/release ledger in visible note; classification pending unless not visible,"Source: George H.W. Bush Library, White House Office of Speechwriting, Speech Backup Chronological Files, Departure Statement for Prime Minister Bhutto 6/6/89 [OA 6264].","Potential document lead from the National Archives Catalog. Records of the White House Office of Speechwriting (George H. W. Bush Administration), Speech Backup Chronological Files, Speech Backup Chronological Files. NAID 323152491. Restricted - Possibly. Digital object: 41-bpr-speech-backup-chron-13671-005_323152491.pdf. Catalog: https://catalog.archives.gov/id/323152491.",https://catalog.archives.gov/id/323152491,https://s3.amazonaws.com/NARAprodstorage/lz/presidential-libraries/bush/gb-spe/speechwriting_backup_chron_579003/41-bpr-speech-backup-chron-13671-005_323152491.pdf
Potential lead,,Visible note clean,Page-boundary check,0,,Confirm item-level page boundaries before final numbering.,Regional,1992-11-02,WHPO-P37850,Online object available,,543965098,,Records of the White House Photograph Office | George H. W. Bush Presidential Photographs | NAID 543965098 | 41-AV-P37850-11021992.jpg,FRUS-style archival chain generated from potential-lead metadata; verify against PDF or title page before promotion.,Metadata-derived draft; verify before promotion,starts with Source:; no URL/NAID/catalog/release ledger in visible note; classification pending unless not visible,"Source: George H.W. Bush Library, White House Photograph Office, George H. W. Bush Presidential Photographs, WHPO-P37850.","Potential document lead from the National Archives Catalog. Records of the White House Photograph Office, George H. W. Bush Presidential Photographs. NAID 543965098. Unrestricted. Digital object: 41-AV-P37850-11021992.jpg. Catalog: https://catalog.archives.gov/id/543965098.",https://catalog.archives.gov/id/543965098,https://s3.amazonaws.com/NARAprodstorage/lz/presidential-libraries/bush/gb-whpo/186364/P37850/41-AV-P37850-11021992.jpg
Potential lead,,Visible note clean,Promotion source-note draft,0,,Use as a draft only if the lead is promoted into the confirmed chronology.,Afghanistan,1992-06-16,Remarks With President Boris Yeltsin of Russia Announcing Strategic Arms Reductions and an Exchange With Reporters,Public presidential statement,,,,Public Papers of the Presidents of the United States: George H. W. Bush | PPP-1992-book1,FRUS-style archival chain generated from potential-lead metadata; verify against PDF or title page before promotion.,Published/public source citation,starts with Source:; no URL/NAID/catalog/release ledger in visible note; classification pending unless not visible,"Source: Public Papers of the Presidents of the United States: George H.W. Bush, June 16, 1992, ""Remarks With President Boris Yeltsin of Russia Announcing Strategic Arms Reductions and an Exchange With Reporters"", GovInfo package PPP-1992-book1, granule PPP-1992-book1-doc-pg944.","Potential public-paper reference. Public Papers of the Presidents of the United States: George H. W. Bush, June 16, 1992, ""Remarks With President Boris Yeltsin of Russia Announcing Strategic Arms Reductions and an Exchange With Reporters"". GovInfo package PPP-1992-book1, granule PPP-1992-book1-doc-pg944.",,https://www.govinfo.gov/content/pkg/PPP-1992-book1/pdf/PPP-1992-book1-doc-pg944.pdf
Potential lead,,Visible note clean,Promotion source-note draft,0,,Use as a draft only if the lead is promoted into the confirmed chronology.,Afghanistan,1992-07-21,"Remarks to Religious and Ethnic Groups in Garfield, New Jersey",Public presidential statement,,,,Public Papers of the Presidents of the United States: George H. W. Bush | PPP-1992-book1,FRUS-style archival chain generated from potential-lead metadata; verify against PDF or title page before promotion.,Published/public source citation,starts with Source:; no URL/NAID/catalog/release ledger in visible note; classification pending unless not visible,"Source: Public Papers of the Presidents of the United States: George H.W. Bush, July 21, 1992, ""Remarks to Religious and Ethnic Groups in Garfield, New Jersey"", GovInfo package PPP-1992-book1, granule PPP-1992-book1-doc-pg1150.","Potential public-paper reference. Public Papers of the Presidents of the United States: George H. W. Bush, July 21, 1992, ""Remarks to Religious and Ethnic Groups in Garfield, New Jersey"". GovInfo package PPP-1992-book1, granule PPP-1992-book1-doc-pg1150.",,https://www.govinfo.gov/content/pkg/PPP-1992-book1/pdf/PPP-1992-book1-doc-pg1150.pdf
