Gap ID,Priority,Status,Gap lane,Gap title,Section order,Section,Item type,Item ID,Compiler #,Chapter or lane,Date,Title,NAID or targets,Source pool,Pages,Access or status,Issue,Closure question,Next action,Catalog URL,PDF URL
gap-haass-page-level-extraction,Critical,Partly remediated,Source Extraction,Recover page-level boundaries in Haass and meeting-file PDFs,0,Gap brief,Gap brief,gap-haass-page-level-extraction,,Source Extraction,,Recover page-level boundaries in Haass and meeting-file PDFs,470426597; 470426255; 470426381; 428082145; 470426231; 470426238; 470426240,Richard N. Haass' Working Files; Richard N. Haass' Meeting Files; Bush Library Memcons and Telcons; H-Files NSC/DC Meetings,,Partly remediated,Item-level page ranges and titles still need review for folder-level Haass PDFs; page-count zeros have been removed where online PDFs are available.,"Have exact item boundaries, title, pages, access posture, and source-note wording been fixed for every selected document?","Prioritize Haass Working Files 470426597, Haass Meeting File 470426255, Mojaddedi 470426381, Bangladesh Zia 428082145, and Pakistan nuclear meeting files 470426231, 470426238, and 470426240.",,
gap-haass-page-level-extraction,Critical,Partly remediated,Source Extraction,Recover page-level boundaries in Haass and meeting-file PDFs,1,Chapter lane,Chapter lane,"Afghanistan:Afghanistan policy, civil war, and aid",,Afghanistan,,"Afghanistan policy, civil war, and aid",470426597; 470426255; 470426381; 428082145; 470426231; 470426238; 470426240,Richard N. Haass' Working Files; Richard N. Haass' Meeting Files; Bush Library Memcons and Telcons; H-Files NSC/DC Meetings,425 pages,Access-heavy,Confirmed 21; leads 12; related gaps 2.,"Have exact item boundaries, title, pages, access posture, and source-note wording been fixed for every selected document?","Finish page-boundary screening in Haass and Cheney files, then decide which restricted NSC/H-Files records become selected documents or cite-only context. Gap cue: Prioritize Haass Working Files 470426597, Haass Meeting File 470426255, Mojaddedi 470426381, Bangladesh Zia 428082145, and Pakistan nuclear meeting files 470426231, 470426238, and 470426240.",,
gap-haass-page-level-extraction,Critical,Partly remediated,Source Extraction,Recover page-level boundaries in Haass and meeting-file PDFs,1,Chapter lane,Chapter lane,Regional:Bangladesh and smaller South Asia states,,Regional,,Bangladesh and smaller South Asia states,470426597; 470426255; 470426381; 428082145; 470426231; 470426238; 470426240,Richard N. Haass' Working Files; Richard N. Haass' Meeting Files; Bush Library Memcons and Telcons; H-Files NSC/DC Meetings,6 pages,Thin; promote or exclude leads,Confirmed 1; leads 2; related gaps 4.,"Have exact item boundaries, title, pages, access posture, and source-note wording been fixed for every selected document?","Resolve the Bangladesh Zia internal/public pair and keep Sri Lanka/Maldives public items contextual until internal files are located. Gap cue: Prioritize Haass Working Files 470426597, Haass Meeting File 470426255, Mojaddedi 470426381, Bangladesh Zia 428082145, and Pakistan nuclear meeting files 470426231, 470426238, and 470426240.",,
gap-haass-page-level-extraction,Critical,Partly remediated,Source Extraction,Recover page-level boundaries in Haass and meeting-file PDFs,1,Chapter lane,Chapter lane,"India:India Kashmir, nuclear, and regional security",,India,,"India Kashmir, nuclear, and regional security",470426597; 470426255; 470426381; 428082145; 470426231; 470426238; 470426240,Richard N. Haass' Working Files; Richard N. Haass' Meeting Files; Bush Library Memcons and Telcons; H-Files NSC/DC Meetings,,Missing lane,Confirmed 0; leads 0; related gaps 5.,"Have exact item boundaries, title, pages, access posture, and source-note wording been fixed for every selected document?","Screen Kashmir, Gates, and Haass leads so the India chapter is not limited to leader calls and Cheney country folders. Gap cue: Prioritize Haass Working Files 470426597, Haass Meeting File 470426255, Mojaddedi 470426381, Bangladesh Zia 428082145, and Pakistan nuclear meeting files 470426231, 470426238, and 470426240.",,
gap-haass-page-level-extraction,Critical,Partly remediated,Source Extraction,Recover page-level boundaries in Haass and meeting-file PDFs,1,Chapter lane,Chapter lane,"Pakistan:Pakistan leadership, aid, and bilateral management",,Pakistan,,"Pakistan leadership, aid, and bilateral management",470426597; 470426255; 470426381; 428082145; 470426231; 470426238; 470426240,Richard N. Haass' Working Files; Richard N. Haass' Meeting Files; Bush Library Memcons and Telcons; H-Files NSC/DC Meetings,348 pages,Gap-linked review,Confirmed 26; leads 10; related gaps 6.,"Have exact item boundaries, title, pages, access posture, and source-note wording been fixed for every selected document?","Separate policy-bearing presidential conversations from public/context locators and verify source notes against the PDF or citation sheet. Gap cue: Prioritize Haass Working Files 470426597, Haass Meeting File 470426255, Mojaddedi 470426381, Bangladesh Zia 428082145, and Pakistan nuclear meeting files 470426231, 470426238, and 470426240.",,
gap-haass-page-level-extraction,Critical,Partly remediated,Source Extraction,Recover page-level boundaries in Haass and meeting-file PDFs,1,Chapter lane,Chapter lane,"Pakistan:Pakistan nuclear, sanctions, and security",,Pakistan,,"Pakistan nuclear, sanctions, and security",470426597; 470426255; 470426381; 428082145; 470426231; 470426238; 470426240,Richard N. Haass' Working Files; Richard N. Haass' Meeting Files; Bush Library Memcons and Telcons; H-Files NSC/DC Meetings,185 pages,Access-heavy,Confirmed 3; leads 1; related gaps 4.,"Have exact item boundaries, title, pages, access posture, and source-note wording been fixed for every selected document?","Pair the restricted H-Files nuclear sequence with Gates, Cheney, and Haass companion files before treating the 1990 policy arc as complete. Gap cue: Prioritize Haass Working Files 470426597, Haass Meeting File 470426255, Mojaddedi 470426381, Bangladesh Zia 428082145, and Pakistan nuclear meeting files 470426231, 470426238, and 470426240.",,
gap-haass-page-level-extraction,Critical,Partly remediated,Source Extraction,Recover page-level boundaries in Haass and meeting-file PDFs,1,Chapter lane,Chapter lane,Regional:Regional South Asia strategy,,Regional,,Regional South Asia strategy,470426597; 470426255; 470426381; 428082145; 470426231; 470426238; 470426240,Richard N. Haass' Working Files; Richard N. Haass' Meeting Files; Bush Library Memcons and Telcons; H-Files NSC/DC Meetings,252 pages,Gap-linked review,Confirmed 5; leads 5; related gaps 2.,"Have exact item boundaries, title, pages, access posture, and source-note wording been fixed for every selected document?",Keep true regionwide strategy files distinct from Kashmir and Bangladesh so selection rationale stays clear. Gap cue: Promote Kashmir leads 470426145 and 470426225 into a focused review queue.,,
gap-haass-page-level-extraction,Critical,Partly remediated,Source Extraction,Recover page-level boundaries in Haass and meeting-file PDFs,2,Confirmed chronology anchor,Confirmed record,470426381-presidential-visit-of-president-of-afghanistan-interim-government-sibgahtullah-mojaddedi-november-27-1989,1.014,Afghanistan,1989-11-27,"Presidential Visit of President [of Afghanistan Interim Government Sibgahtullah] Mojaddedi - November 27, 1989",470426381; CF01404-028,Records of the National Security Council (George H. W. Bush Administration) | Richard N. Haass' Presidential Meeting Files | CF01404-028,35 pages,Restricted - Possibly,catalog-derived-source-note; declassification-review,"Have exact item boundaries, title, pages, access posture, and source-note wording been fixed for every selected document?","Review access status and confirm whether the item can be selected or only cited as withheld/restricted context. Resolve compiler risk: catalog-derived-source-note; declassification-review. Use Daily Diary/Backup only for chronology, time, location, attendees, and call status.",https://catalog.archives.gov/id/470426381,https://s3.dualstack.us-east-1.amazonaws.com/NARAprodstorage/lz/presidential-libraries/bush/gb-nsc/haass/pres_mtg_2554869/41-bpr-nsc-haass_pres_mtg-cf01404-028.pdf
gap-haass-page-level-extraction,Critical,Partly remediated,Source Extraction,Recover page-level boundaries in Haass and meeting-file PDFs,2,Confirmed chronology anchor,Confirmed record,470426231-nsc-dc-meeting-july-16-1990-re-pakistan-nuclear-program,2.017,Pakistan,1990-07-16,"NSC/DC Meeting - July 16, 1990 Re: Pakistan Nuclear Program",470426231; CF01625-020,Records of the National Security Council (George H. W. Bush Administration) | Richard N. Haass' Meeting Files | CF01625-020,29 pages,Restricted - Possibly,catalog-derived-source-note; declassification-review,"Have exact item boundaries, title, pages, access posture, and source-note wording been fixed for every selected document?",Review access status and confirm whether the item can be selected or only cited as withheld/restricted context. Resolve compiler risk: catalog-derived-source-note; declassification-review.,https://catalog.archives.gov/id/470426231,https://s3.dualstack.us-east-1.amazonaws.com/NARAprodstorage/lz/presidential-libraries/bush/gb-nsc/haass/meeting_2554866/41-bpr-nsc-haass_meeting-cf01625-020.pdf
gap-haass-page-level-extraction,Critical,Partly remediated,Source Extraction,Recover page-level boundaries in Haass and meeting-file PDFs,2,Confirmed chronology anchor,Confirmed record,470426238-nsc-dc-deputies-committee-meeting-october-4-1990-re-pakistan,2.021,Pakistan,1990-10-04,"NSC/DC [Deputies Committee] Meeting - October 4, 1990 Re: Pakistan",470426238; CF01625-027,Records of the National Security Council (George H. W. Bush Administration) | Richard N. Haass' Meeting Files | CF01625-027,8 pages,Restricted - Possibly,catalog-derived-source-note; declassification-review,"Have exact item boundaries, title, pages, access posture, and source-note wording been fixed for every selected document?",Review access status and confirm whether the item can be selected or only cited as withheld/restricted context. Resolve compiler risk: catalog-derived-source-note; declassification-review.,https://catalog.archives.gov/id/470426238,https://s3.dualstack.us-east-1.amazonaws.com/NARAprodstorage/lz/presidential-libraries/bush/gb-nsc/haass/meeting_2554866/41-bpr-nsc-haass_meeting-cf01625-027.pdf
gap-haass-page-level-extraction,Critical,Partly remediated,Source Extraction,Recover page-level boundaries in Haass and meeting-file PDFs,2,Confirmed chronology anchor,Confirmed record,470426240-nsc-dc-meeting-october-9-1990-re-pakistan,2.023,Pakistan,1990-10-09,"NSC/DC Meeting - October 9, 1990 Re: Pakistan",470426240; CF01625-029,Records of the National Security Council (George H. W. Bush Administration) | Richard N. Haass' Meeting Files | CF01625-029,81 pages,Restricted - Possibly,catalog-derived-source-note; declassification-review,"Have exact item boundaries, title, pages, access posture, and source-note wording been fixed for every selected document?",Review access status and confirm whether the item can be selected or only cited as withheld/restricted context. Resolve compiler risk: catalog-derived-source-note; declassification-review.,https://catalog.archives.gov/id/470426240,https://s3.dualstack.us-east-1.amazonaws.com/NARAprodstorage/lz/presidential-libraries/bush/gb-nsc/haass/meeting_2554866/41-bpr-nsc-haass_meeting-cf01625-029.pdf
gap-haass-page-level-extraction,Critical,Partly remediated,Source Extraction,Recover page-level boundaries in Haass and meeting-file PDFs,2,Confirmed chronology anchor,Confirmed record,bush-library-428082145,4.006,Regional,1992-03-19,Memorandum of Conversation,428082145; [Memorandum of Conversations (Memcons)-January 1992-June 1992]: March 1992,Records of the National Security Council (George H. W. Bush Administration) | Presidential Memcon Files | [Memorandum of Conversations (Memcons)-January 1992-June 1992]: March 1992,6 pages,Full,catalog-derived-source-note,"Have exact item boundaries, title, pages, access posture, and source-note wording been fixed for every selected document?","Resolve compiler risk: catalog-derived-source-note. Use Daily Diary/Backup only for chronology, time, location, attendees, and call status.",https://catalog.archives.gov/id/428082145,https://s3.us-east-1.amazonaws.com/NARAprodstorage/lz/presidential-libraries/bush/gb-nsc/321498039/1992-03-19--Zia.pdf
gap-haass-page-level-extraction,Critical,Partly remediated,Source Extraction,Recover page-level boundaries in Haass and meeting-file PDFs,3,Potential lead to screen,Potential lead,catalog-lead-470426597,,Afghanistan,1989-01-01,Working Files - Afghanistan 1989-1992 [2],470426597,NSC files | Records of the National Security Council (George H. W. Bush Administration) | Richard N. Haass' Working Files | Richard N. Haass' Working Files | NAID 470426597,,High; High-priority source review lead; Online object available,High-priority source review lead,"Have exact item boundaries, title, pages, access posture, and source-note wording been fixed for every selected document?","Screen PDF text and promote policy-bearing pages with page boundaries, source note, and exclusion rationale for nonselected pages.",https://catalog.archives.gov/id/470426597,https://s3.dualstack.us-east-1.amazonaws.com/NARAprodstorage/lz/presidential-libraries/bush/gb-nsc/haass/working_2554877/41-bpr-nsc-haass_working-cf01304-011.pdf
gap-haass-page-level-extraction,Critical,Partly remediated,Source Extraction,Recover page-level boundaries in Haass and meeting-file PDFs,3,Potential lead to screen,Potential lead,catalog-lead-470426255,,Afghanistan,1989-01-20,Afghanistan - Charles,470426255,NSC files | Records of the National Security Council (George H. W. Bush Administration) | Richard N. Haass' Meeting Files | Richard N. Haass' Meeting Files | NAID 470426255,,High; High-priority source review lead; Online object available,High-priority source review lead,"Have exact item boundaries, title, pages, access posture, and source-note wording been fixed for every selected document?","Screen PDF text and promote policy-bearing pages with page boundaries, source note, and exclusion rationale for nonselected pages.",https://catalog.archives.gov/id/470426255,https://s3.dualstack.us-east-1.amazonaws.com/NARAprodstorage/lz/presidential-libraries/bush/gb-nsc/haass/meeting_2554866/41-bpr-nsc-haass_meeting-cf01447-013.pdf
gap-haass-page-level-extraction,Critical,Partly remediated,Source Extraction,Recover page-level boundaries in Haass and meeting-file PDFs,4,Page-boundary pull,Potential lead,470426597,,Afghanistan,1989-01-01,Working Files - Afghanistan 1989-1992 [2],470426597,NSC files | Records of the National Security Council (George H. W. Bush Administration) | Richard N. Haass' Working Files | Richard N. Haass' Working Files | NAID 470426597 | 41-bpr-nsc-haass_working-cf01304-011.pdf,,Restricted - Possibly; Online object available,critical gap target; high-priority gap target; promotion requires PDF screening; folder or staff-file source pool; catalog-derived title/source note; page count unresolved,"Have exact item boundaries, title, pages, access posture, and source-note wording been fixed for every selected document?","Open the PDF, identify policy-bearing pages, assign page boundaries, and record promote/exclude/cite-only rationale. Gap cue: Prioritize Haass Working Files 470426597, Haass Meeting File 470426255, Mojaddedi 470426381, Bangladesh Zia 428082145, and Pakistan nuclear meeting files 470426231, 470426238, and 470426240.",https://catalog.archives.gov/id/470426597,https://s3.dualstack.us-east-1.amazonaws.com/NARAprodstorage/lz/presidential-libraries/bush/gb-nsc/haass/working_2554877/41-bpr-nsc-haass_working-cf01304-011.pdf
gap-haass-page-level-extraction,Critical,Partly remediated,Source Extraction,Recover page-level boundaries in Haass and meeting-file PDFs,4,Page-boundary pull,Potential lead,645607685,,Afghanistan,1989-01-20,Afghanistan,645607685,Cheney collection | Richard Cheney Collection | Country Files | Country Files | NAID 645607685 | 41-bpr-dhm-cheney-country-31827-001.pdf,,Unrestricted; Online object available,high-priority gap target; promotion requires PDF screening; folder or staff-file source pool; catalog-derived title/source note; page count unresolved,"Have exact item boundaries, title, pages, access posture, and source-note wording been fixed for every selected document?","Open the PDF, identify policy-bearing pages, assign page boundaries, and record promote/exclude/cite-only rationale. Gap cue: Review Afghanistan files 645607685, 645607321, and 645607323.",https://catalog.archives.gov/id/645607685,https://s3.amazonaws.com/NARAprodstorage/lz/presidential-libraries/bush/gb-rbc/country_470572294/41-bpr-dhm-cheney-country-31827-001.pdf
gap-haass-page-level-extraction,Critical,Partly remediated,Source Extraction,Recover page-level boundaries in Haass and meeting-file PDFs,4,Page-boundary pull,Potential lead,470426255,,Afghanistan,1989-01-20,Afghanistan - Charles,470426255,NSC files | Records of the National Security Council (George H. W. Bush Administration) | Richard N. Haass' Meeting Files | Richard N. Haass' Meeting Files | NAID 470426255 | 41-bpr-nsc-haass_meeting-cf01447-013.pdf,,Restricted - Possibly; Online object available,critical gap target; high-priority gap target; promotion requires PDF screening; folder or staff-file source pool; catalog-derived title/source note; page count unresolved,"Have exact item boundaries, title, pages, access posture, and source-note wording been fixed for every selected document?","Open the PDF, identify policy-bearing pages, assign page boundaries, and record promote/exclude/cite-only rationale. Gap cue: Prioritize Haass Working Files 470426597, Haass Meeting File 470426255, Mojaddedi 470426381, Bangladesh Zia 428082145, and Pakistan nuclear meeting files 470426231, 470426238, and 470426240.",https://catalog.archives.gov/id/470426255,https://s3.dualstack.us-east-1.amazonaws.com/NARAprodstorage/lz/presidential-libraries/bush/gb-nsc/haass/meeting_2554866/41-bpr-nsc-haass_meeting-cf01447-013.pdf
gap-haass-page-level-extraction,Critical,Partly remediated,Source Extraction,Recover page-level boundaries in Haass and meeting-file PDFs,4,Page-boundary pull,Potential lead,645607321,,Afghanistan,1989-01-20,Afghanistan [1],645607321,Cheney collection | Richard Cheney Collection | Country Files | Country Files | NAID 645607321 | 41-bpr-dhm-cheney-country-31812-001.pdf,,Restricted - Partly; Online object available,high-priority gap target; promotion requires PDF screening; folder or staff-file source pool; catalog-derived title/source note; page count unresolved,"Have exact item boundaries, title, pages, access posture, and source-note wording been fixed for every selected document?","Open the PDF, identify policy-bearing pages, assign page boundaries, and record promote/exclude/cite-only rationale. Gap cue: Review Afghanistan files 645607685, 645607321, and 645607323.",https://catalog.archives.gov/id/645607321,https://s3.amazonaws.com/NARAprodstorage/lz/presidential-libraries/bush/gb-rbc/country_470572294/41-bpr-dhm-cheney-country-31812-001.pdf
gap-haass-page-level-extraction,Critical,Partly remediated,Source Extraction,Recover page-level boundaries in Haass and meeting-file PDFs,4,Page-boundary pull,Potential lead,645607323,,Afghanistan,1989-01-20,Afghanistan [2],645607323,Cheney collection | Richard Cheney Collection | Country Files | Country Files | NAID 645607323 | 41-bpr-dhm-cheney-country-31812-002.pdf,,Restricted - Partly; Online object available,high-priority gap target; promotion requires PDF screening; folder or staff-file source pool; catalog-derived title/source note; page count unresolved,"Have exact item boundaries, title, pages, access posture, and source-note wording been fixed for every selected document?","Open the PDF, identify policy-bearing pages, assign page boundaries, and record promote/exclude/cite-only rationale. Gap cue: Review Afghanistan files 645607685, 645607321, and 645607323.",https://catalog.archives.gov/id/645607323,https://s3.amazonaws.com/NARAprodstorage/lz/presidential-libraries/bush/gb-rbc/country_470572294/41-bpr-dhm-cheney-country-31812-002.pdf
gap-haass-page-level-extraction,Critical,Partly remediated,Source Extraction,Recover page-level boundaries in Haass and meeting-file PDFs,4,Page-boundary pull,Potential lead,645608041,,Regional,1989-01-20,Bangladesh,645608041,Cheney collection | Richard Cheney Collection | Country Files | Country Files | NAID 645608041 | 41-bpr-dhm-cheney-country-31842-009.pdf,,Restricted - Partly; Online object available,high-priority gap target; promotion requires PDF screening; folder or staff-file source pool; catalog-derived title/source note; page count unresolved,"Have exact item boundaries, title, pages, access posture, and source-note wording been fixed for every selected document?","Open the PDF, identify policy-bearing pages, assign page boundaries, and record promote/exclude/cite-only rationale. Gap cue: Review Afghanistan files 645607685, 645607321, and 645607323.",https://catalog.archives.gov/id/645608041,https://s3.amazonaws.com/NARAprodstorage/lz/presidential-libraries/bush/gb-rbc/country_470572294/41-bpr-dhm-cheney-country-31842-009.pdf
gap-haass-page-level-extraction,Critical,Partly remediated,Source Extraction,Recover page-level boundaries in Haass and meeting-file PDFs,4,Page-boundary pull,Potential lead,470426145,,Regional,1989-01-20,Letters on Kashmir,470426145,NSC files | Records of the National Security Council (George H. W. Bush Administration) | Richard N. Haass' Correspondence Files | Richard N. Haass' Correspondence Files | NAID 470426145 | 41-bpr-nsc-haass_correspondence-cf01479-008.pdf,,Restricted - Possibly; Online object available,high-priority gap target; promotion requires PDF screening; folder or staff-file source pool; catalog-derived title/source note; page count unresolved,"Have exact item boundaries, title, pages, access posture, and source-note wording been fixed for every selected document?","Open the PDF, identify policy-bearing pages, assign page boundaries, and record promote/exclude/cite-only rationale. Gap cue: Search India with Rao, Venkataraman, Gandhi, Shankar, Kashmir, nuclear, nonproliferation, economic reform, trade, and defense terms.",https://catalog.archives.gov/id/470426145,https://s3.dualstack.us-east-1.amazonaws.com/NARAprodstorage/lz/presidential-libraries/bush/gb-nsc/haass/correspondence_2554865/41-bpr-nsc-haass_correspondence-cf01479-008.pdf
gap-haass-page-level-extraction,Critical,Partly remediated,Source Extraction,Recover page-level boundaries in Haass and meeting-file PDFs,4,Page-boundary pull,Potential lead,286185941,,Regional,1989-01-20,"Milam, William - AMB to Bangladesh",286185941,Catalog lead | Records of the White House Office of Presidential Personnel (George H. W. Bush Administration) | Katja Bullock Appointment Files | Katja Bullock Appointment Files | NAID 286185941 | 41-bpr-pers-bullock-appt-07091-008.pdf,,Restricted - Possibly; Online object available,high-priority gap target; catalog-derived title/source note; page count unresolved,"Have exact item boundaries, title, pages, access posture, and source-note wording been fixed for every selected document?","Open the PDF, identify policy-bearing pages, assign page boundaries, and record promote/exclude/cite-only rationale. Gap cue: Review Afghanistan files 645607685, 645607321, and 645607323.",https://catalog.archives.gov/id/286185941,https://s3.amazonaws.com/NARAprodstorage/lz/presidential-libraries/bush/foia/2000/Batch0001/41-bpr-pers-bullock-appt-07091-008.pdf
gap-haass-page-level-extraction,Critical,Partly remediated,Source Extraction,Recover page-level boundaries in Haass and meeting-file PDFs,4,Page-boundary pull,Confirmed record,446394923,1.001,Afghanistan,1989-02-07,"NSR-1 - February 07, 1989 - Afghanistan",446394923; 90006-001,H-Files - National Security Review (NSR) Files | Records of the National Security Council (George H. W. Bush Administration) | H-Files - National Security Review (NSR) Files | 90006-001 | 41-bpr-nsc-hfiles-nsr-1-90006-001.pdf,30 pages,Restricted - Possibly,high-priority gap target; folder or staff-file source pool; access review affects selection; large PDF extent; source page range not fixed; catalog-derived title/source note,"Have exact item boundaries, title, pages, access posture, and source-note wording been fixed for every selected document?","Open the PDF, verify item-level page boundaries and title, then update source note or decision log if the folder contains multiple documents. Gap cue: Review Afghanistan files 645607685, 645607321, and 645607323.",https://catalog.archives.gov/id/446394923,https://s3.amazonaws.com/NARAprodstorage/lz/presidential-libraries/bush/gb-nsc/H-Files/NSRs_313189297/41-bpr-nsc-hfiles-nsr-1-90006-001.pdf
gap-haass-page-level-extraction,Critical,Partly remediated,Source Extraction,Recover page-level boundaries in Haass and meeting-file PDFs,4,Page-boundary pull,Confirmed record,470760975,1.002,Afghanistan,1989-02-08,"NSC/DC 001 - February 08, 1989 - NSC/DC Meeting on Afghanistan, Keywords: Afghanistan",470760975; 90009-001,H-Files - National Security Council (NSC)/Deputies Committee (DC) Meetings Files | Records of the National Security Council (George H. W. Bush Administration) | H-Files - National Security Council (NSC)/Deputies Committee (DC) Meetings Files | 90009-001 | 41-bpr-nsc-hfiles-dc_mtgs-1-90009-001.pdf,52 pages,Restricted - Possibly,high-priority gap target; folder or staff-file source pool; access review affects selection; large PDF extent; source page range not fixed; catalog-derived title/source note,"Have exact item boundaries, title, pages, access posture, and source-note wording been fixed for every selected document?","Open the PDF, verify item-level page boundaries and title, then update source note or decision log if the folder contains multiple documents. Gap cue: Review Afghanistan files 645607685, 645607321, and 645607323.",https://catalog.archives.gov/id/470760975,https://s3.amazonaws.com/NARAprodstorage/lz/presidential-libraries/bush/gb-nsc/H-Files/NSC-DC_Mtgs_312294079/41-bpr-nsc-hfiles-dc_mtgs-1-90009-001.pdf
gap-haass-page-level-extraction,Critical,Partly remediated,Source Extraction,Recover page-level boundaries in Haass and meeting-file PDFs,4,Page-boundary pull,Confirmed record,470760885,1.003,Afghanistan,1989-02-10,"NSC0001 - February 10, 1989 - Afghanistan",470760885; 90000-001,H-Files - National Security Council (NSC) Meeting Files | Records of the National Security Council (George H. W. Bush Administration) | H-Files - National Security Council (NSC) Meeting Files | 90000-001 | 41-bpr-nsc-hfiles-nsc_mtgs-1-90000-001.pdf,20 pages,Restricted - Possibly,high-priority gap target; folder or staff-file source pool; access review affects selection; large PDF extent; source page range not fixed; catalog-derived title/source note,"Have exact item boundaries, title, pages, access posture, and source-note wording been fixed for every selected document?","Open the PDF, verify item-level page boundaries and title, then update source note or decision log if the folder contains multiple documents. Gap cue: Review Afghanistan files 645607685, 645607321, and 645607323.",https://catalog.archives.gov/id/470760885,https://s3.amazonaws.com/NARAprodstorage/lz/presidential-libraries/bush/gb-nsc/H-Files/NSC_Mtgs_312293887/41-bpr-nsc-hfiles-nsc_mtgs-1-90000-001.pdf
gap-haass-page-level-extraction,Critical,Partly remediated,Source Extraction,Recover page-level boundaries in Haass and meeting-file PDFs,4,Page-boundary pull,Confirmed record,446396813,1.004,Afghanistan,1989-02-13,"NSD-3 - February 13, 1989 - U.S. Policy toward Afghanistan (File located @ LM)",446396813; 90003-004,H-Files - National Security Directive (NSD) Files | Records of the National Security Council (George H. W. Bush Administration) | H-Files - National Security Directive (NSD) Files | 90003-004 | 41-bpr-nsc-hfiles-nsd-3-90003-004.pdf,52 pages,Restricted - Possibly,high-priority gap target; folder or staff-file source pool; access review affects selection; large PDF extent; source page range not fixed; catalog-derived title/source note,"Have exact item boundaries, title, pages, access posture, and source-note wording been fixed for every selected document?","Open the PDF, verify item-level page boundaries and title, then update source note or decision log if the folder contains multiple documents. Gap cue: Review Afghanistan files 645607685, 645607321, and 645607323.",https://catalog.archives.gov/id/446396813,https://s3.amazonaws.com/NARAprodstorage/lz/presidential-libraries/bush/gb-nsc/H-Files/NSDs_313189290/41-bpr-nsc-hfiles-nsd-3-90003-004.pdf
gap-haass-page-level-extraction,Critical,Partly remediated,Source Extraction,Recover page-level boundaries in Haass and meeting-file PDFs,4,Page-boundary pull,Confirmed record,470760979,1.006,Afghanistan,1989-03-08,"NSC/DC 005 - March 08, 1989 - NSC/DC Meeting on Non-Lethal Finding and Transfer of Funds re: Afghanistan, Keywords: Afghanistan",470760979; 90009-005,H-Files - National Security Council (NSC)/Deputies Committee (DC) Meetings Files | Records of the National Security Council (George H. W. Bush Administration) | H-Files - National Security Council (NSC)/Deputies Committee (DC) Meetings Files | 90009-005 | 41-bpr-nsc-hfiles-dc_mtgs-5-90009-005.pdf,6 pages,Restricted - Possibly,high-priority gap target; folder or staff-file source pool; access review affects selection; source page range not fixed; catalog-derived title/source note,"Have exact item boundaries, title, pages, access posture, and source-note wording been fixed for every selected document?","Open the PDF, verify item-level page boundaries and title, then update source note or decision log if the folder contains multiple documents. Gap cue: Review Afghanistan files 645607685, 645607321, and 645607323.",https://catalog.archives.gov/id/470760979,https://s3.amazonaws.com/NARAprodstorage/lz/presidential-libraries/bush/gb-nsc/H-Files/NSC-DC_Mtgs_312294079/41-bpr-nsc-hfiles-dc_mtgs-5-90009-005.pdf
gap-haass-page-level-extraction,Critical,Partly remediated,Source Extraction,Recover page-level boundaries in Haass and meeting-file PDFs,4,Page-boundary pull,Confirmed record,470760888,1.007,Afghanistan,1989-03-14,"NSC0004 - March 14, 1989 - Panama, Nicaragua, Afghanistan (File located @ LM)",470760888; 90000-004,H-Files - National Security Council (NSC) Meeting Files | Records of the National Security Council (George H. W. Bush Administration) | H-Files - National Security Council (NSC) Meeting Files | 90000-004 | 41-bpr-nsc-hfiles-nsc_mtgs-4-90000-004.pdf,1 page,Restricted - Possibly,high-priority gap target; folder or staff-file source pool; access review affects selection; source page range not fixed; catalog-derived title/source note,"Have exact item boundaries, title, pages, access posture, and source-note wording been fixed for every selected document?","Open the PDF, verify item-level page boundaries and title, then update source note or decision log if the folder contains multiple documents. Gap cue: Review Afghanistan files 645607685, 645607321, and 645607323.",https://catalog.archives.gov/id/470760888,https://s3.amazonaws.com/NARAprodstorage/lz/presidential-libraries/bush/gb-nsc/H-Files/NSC_Mtgs_312293887/41-bpr-nsc-hfiles-nsc_mtgs-4-90000-004.pdf
gap-haass-page-level-extraction,Critical,Partly remediated,Source Extraction,Recover page-level boundaries in Haass and meeting-file PDFs,4,Page-boundary pull,Confirmed record,446396815,1.008,Afghanistan,1989-03-18,"NSD-5 - March 18, 1989 - Legislation to Authorize the Transfer of Funds to the Agency for International Development (AID) for Humanitarian Assistance to Afghanistan (File located @ LM)",446396815; 90003-006,H-Files - National Security Directive (NSD) Files | Records of the National Security Council (George H. W. Bush Administration) | H-Files - National Security Directive (NSD) Files | 90003-006 | 41-bpr-nsc-hfiles-nsd-5-90003-006.pdf,43 pages,Restricted - Possibly,high-priority gap target; folder or staff-file source pool; access review affects selection; large PDF extent; source page range not fixed; catalog-derived title/source note,"Have exact item boundaries, title, pages, access posture, and source-note wording been fixed for every selected document?","Open the PDF, verify item-level page boundaries and title, then update source note or decision log if the folder contains multiple documents. Gap cue: Review Afghanistan files 645607685, 645607321, and 645607323.",https://catalog.archives.gov/id/446396815,https://s3.amazonaws.com/NARAprodstorage/lz/presidential-libraries/bush/gb-nsc/H-Files/NSDs_313189290/41-bpr-nsc-hfiles-nsd-5-90003-006.pdf
gap-haass-page-level-extraction,Critical,Partly remediated,Source Extraction,Recover page-level boundaries in Haass and meeting-file PDFs,4,Page-boundary pull,Confirmed record,470426218,1.010,Afghanistan,1989-10-16,"NSC/DC [Deputies Committee] Meeting - October 16, 1989 re: Afghanistan",470426218; CF01625-007,Richard N. Haass' Meeting Files | Records of the National Security Council (George H. W. Bush Administration) | Richard N. Haass' Meeting Files | CF01625-007 | 41-bpr-nsc-haass_meeting-cf01625-007.pdf,18 pages,Restricted - Possibly,high-priority gap target; folder or staff-file source pool; access review affects selection; source page range not fixed; catalog-derived title/source note,"Have exact item boundaries, title, pages, access posture, and source-note wording been fixed for every selected document?","Open the PDF, verify item-level page boundaries and title, then update source note or decision log if the folder contains multiple documents. Gap cue: Review Afghanistan files 645607685, 645607321, and 645607323.",https://catalog.archives.gov/id/470426218,https://s3.dualstack.us-east-1.amazonaws.com/NARAprodstorage/lz/presidential-libraries/bush/gb-nsc/haass/meeting_2554866/41-bpr-nsc-haass_meeting-cf01625-007.pdf
gap-haass-page-level-extraction,Critical,Partly remediated,Source Extraction,Recover page-level boundaries in Haass and meeting-file PDFs,4,Page-boundary pull,Confirmed record,470761041,1.011,Afghanistan,1989-10-18,"NSC/DC 065A - October 18, 1989 - NSC/DC Meeting on Afghanistan, Keywords: Afghanistan (File located @ LM)",470761041; 90011-020,H-Files - National Security Council (NSC)/Deputies Committee (DC) Meetings Files | Records of the National Security Council (George H. W. Bush Administration) | H-Files - National Security Council (NSC)/Deputies Committee (DC) Meetings Files | 90011-020 | 41-bpr-nsc-hfiles-dc_mtgs-65a-90011-020.pdf,8 pages,Restricted - Possibly,high-priority gap target; folder or staff-file source pool; access review affects selection; source page range not fixed; catalog-derived title/source note,"Have exact item boundaries, title, pages, access posture, and source-note wording been fixed for every selected document?","Open the PDF, verify item-level page boundaries and title, then update source note or decision log if the folder contains multiple documents. Gap cue: Review Afghanistan files 645607685, 645607321, and 645607323.",https://catalog.archives.gov/id/470761041,https://s3.amazonaws.com/NARAprodstorage/lz/presidential-libraries/bush/gb-nsc/H-Files/NSC-DC_Mtgs_312294079/41-bpr-nsc-hfiles-dc_mtgs-65a-90011-020.pdf
gap-haass-page-level-extraction,Critical,Partly remediated,Source Extraction,Recover page-level boundaries in Haass and meeting-file PDFs,4,Page-boundary pull,Confirmed record,470426219,1.012,Afghanistan,1989-10-23,"NSC Meeting - October 23, 1989 re: Afghanistan",470426219; CF01625-008,Richard N. Haass' Meeting Files | Records of the National Security Council (George H. W. Bush Administration) | Richard N. Haass' Meeting Files | CF01625-008 | 41-bpr-nsc-haass_meeting-cf01625-008.pdf,24 pages,Restricted - Possibly,high-priority gap target; folder or staff-file source pool; access review affects selection; large PDF extent; source page range not fixed; catalog-derived title/source note,"Have exact item boundaries, title, pages, access posture, and source-note wording been fixed for every selected document?","Open the PDF, verify item-level page boundaries and title, then update source note or decision log if the folder contains multiple documents. Gap cue: Review Afghanistan files 645607685, 645607321, and 645607323.",https://catalog.archives.gov/id/470426219,https://s3.dualstack.us-east-1.amazonaws.com/NARAprodstorage/lz/presidential-libraries/bush/gb-nsc/haass/meeting_2554866/41-bpr-nsc-haass_meeting-cf01625-008.pdf
gap-haass-page-level-extraction,Critical,Partly remediated,Source Extraction,Recover page-level boundaries in Haass and meeting-file PDFs,4,Page-boundary pull,Confirmed record,470426381,1.014,Afghanistan,1989-11-27,"Presidential Visit of President [of Afghanistan Interim Government Sibgahtullah] Mojaddedi - November 27, 1989",470426381; CF01404-028,Richard N. Haass' Presidential Meeting Files | Records of the National Security Council (George H. W. Bush Administration) | Richard N. Haass' Presidential Meeting Files | CF01404-028 | 41-bpr-nsc-haass_pres_mtg-cf01404-028.pdf,35 pages,Restricted - Possibly,critical gap target; high-priority gap target; folder or staff-file source pool; access review affects selection; large PDF extent; source page range not fixed; catalog-derived title/source note,"Have exact item boundaries, title, pages, access posture, and source-note wording been fixed for every selected document?","Open the PDF, verify item-level page boundaries and title, then update source note or decision log if the folder contains multiple documents. Gap cue: Prioritize Haass Working Files 470426597, Haass Meeting File 470426255, Mojaddedi 470426381, Bangladesh Zia 428082145, and Pakistan nuclear meeting files 470426231, 470426238, and 470426240.",https://catalog.archives.gov/id/470426381,https://s3.dualstack.us-east-1.amazonaws.com/NARAprodstorage/lz/presidential-libraries/bush/gb-nsc/haass/pres_mtg_2554869/41-bpr-nsc-haass_pres_mtg-cf01404-028.pdf
gap-haass-page-level-extraction,Critical,Partly remediated,Source Extraction,Recover page-level boundaries in Haass and meeting-file PDFs,4,Page-boundary pull,Potential lead,470426225,,Regional,1990-03-26,"NSC/DC [Deputies Committee] Teleconference - March 26, 1990 Re: Kashmir",470426225,NSC files | Records of the National Security Council (George H. W. Bush Administration) | Richard N. Haass' Meeting Files | Richard N. Haass' Meeting Files | NAID 470426225 | 41-bpr-nsc-haass_meeting-cf01625-014.pdf,,Restricted - Possibly; Online object available,high-priority gap target; promotion requires PDF screening; folder or staff-file source pool; catalog-derived title/source note; page count unresolved,"Have exact item boundaries, title, pages, access posture, and source-note wording been fixed for every selected document?","Open the PDF, identify policy-bearing pages, assign page boundaries, and record promote/exclude/cite-only rationale. Gap cue: Search India with Rao, Venkataraman, Gandhi, Shankar, Kashmir, nuclear, nonproliferation, economic reform, trade, and defense terms.",https://catalog.archives.gov/id/470426225,https://s3.dualstack.us-east-1.amazonaws.com/NARAprodstorage/lz/presidential-libraries/bush/gb-nsc/haass/meeting_2554866/41-bpr-nsc-haass_meeting-cf01625-014.pdf
gap-haass-page-level-extraction,Critical,Partly remediated,Source Extraction,Recover page-level boundaries in Haass and meeting-file PDFs,4,Page-boundary pull,Confirmed record,470426229,2.015,Pakistan,1990-06-30,"NSC/DC [Deputies Committee] Meeting - June 30, 1990 Re: Pakistan",470426229; CF01625-018,Richard N. Haass' Meeting Files | Records of the National Security Council (George H. W. Bush Administration) | Richard N. Haass' Meeting Files | CF01625-018 | 41-bpr-nsc-haass_meeting-cf01625-018.pdf,14 pages,Restricted - Possibly,high-priority gap target; folder or staff-file source pool; access review affects selection; source page range not fixed; catalog-derived title/source note,"Have exact item boundaries, title, pages, access posture, and source-note wording been fixed for every selected document?","Open the PDF, verify item-level page boundaries and title, then update source note or decision log if the folder contains multiple documents. Gap cue: Prioritize Gates Subject File 470437053 and Pakistan H-Files 470426231, 470426238, and 470426240.",https://catalog.archives.gov/id/470426229,https://s3.dualstack.us-east-1.amazonaws.com/NARAprodstorage/lz/presidential-libraries/bush/gb-nsc/haass/meeting_2554866/41-bpr-nsc-haass_meeting-cf01625-018.pdf
gap-haass-page-level-extraction,Critical,Partly remediated,Source Extraction,Recover page-level boundaries in Haass and meeting-file PDFs,4,Page-boundary pull,Confirmed record,470761146,2.016,Pakistan,1990-07-09,"NSC/DC 154 - July 09, 1990 - NSC/DC Meeting on Pakistan Nuclear Program, Keywords: Pakistan, Nuclear Matters",470761146; 90015-012,H-Files - National Security Council (NSC)/Deputies Committee (DC) Meetings Files | Records of the National Security Council (George H. W. Bush Administration) | H-Files - National Security Council (NSC)/Deputies Committee (DC) Meetings Files | 90015-012 | 41-bpr-nsc-hfiles-dc_mtgs-154-90015-012.pdf,10 pages,Restricted - Possibly,high-priority gap target; folder or staff-file source pool; access review affects selection; source page range not fixed; catalog-derived title/source note,"Have exact item boundaries, title, pages, access posture, and source-note wording been fixed for every selected document?","Open the PDF, verify item-level page boundaries and title, then update source note or decision log if the folder contains multiple documents. Gap cue: Search India with Rao, Venkataraman, Gandhi, Shankar, Kashmir, nuclear, nonproliferation, economic reform, trade, and defense terms.",https://catalog.archives.gov/id/470761146,https://s3.amazonaws.com/NARAprodstorage/lz/presidential-libraries/bush/gb-nsc/H-Files/NSC-DC_Mtgs_312294079/41-bpr-nsc-hfiles-dc_mtgs-154-90015-012.pdf
gap-haass-page-level-extraction,Critical,Partly remediated,Source Extraction,Recover page-level boundaries in Haass and meeting-file PDFs,4,Page-boundary pull,Confirmed record,470426231,2.017,Pakistan,1990-07-16,"NSC/DC Meeting - July 16, 1990 Re: Pakistan Nuclear Program",470426231; CF01625-020,Richard N. Haass' Meeting Files | Records of the National Security Council (George H. W. Bush Administration) | Richard N. Haass' Meeting Files | CF01625-020 | 41-bpr-nsc-haass_meeting-cf01625-020.pdf,29 pages,Restricted - Possibly,critical gap target; high-priority gap target; folder or staff-file source pool; access review affects selection; large PDF extent; source page range not fixed; catalog-derived title/source note,"Have exact item boundaries, title, pages, access posture, and source-note wording been fixed for every selected document?","Open the PDF, verify item-level page boundaries and title, then update source note or decision log if the folder contains multiple documents. Gap cue: Prioritize Haass Working Files 470426597, Haass Meeting File 470426255, Mojaddedi 470426381, Bangladesh Zia 428082145, and Pakistan nuclear meeting files 470426231, 470426238, and 470426240.",https://catalog.archives.gov/id/470426231,https://s3.dualstack.us-east-1.amazonaws.com/NARAprodstorage/lz/presidential-libraries/bush/gb-nsc/haass/meeting_2554866/41-bpr-nsc-haass_meeting-cf01625-020.pdf
gap-haass-page-level-extraction,Critical,Partly remediated,Source Extraction,Recover page-level boundaries in Haass and meeting-file PDFs,4,Page-boundary pull,Confirmed record,470761184,2.018,Pakistan,1990-08-31,"NSC/DC 190 - August 31, 1990 - NSC/DC Meeting on Pakistan Nuclear Program, Keywords: Pakistan, Nuclear Matters",470761184; 90016-018,H-Files - National Security Council (NSC)/Deputies Committee (DC) Meetings Files | Records of the National Security Council (George H. W. Bush Administration) | H-Files - National Security Council (NSC)/Deputies Committee (DC) Meetings Files | 90016-018 | 41-bpr-nsc-hfiles-dc_mtgs-190-90016-018.pdf,37 pages,Restricted - Possibly,high-priority gap target; folder or staff-file source pool; access review affects selection; large PDF extent; source page range not fixed; catalog-derived title/source note,"Have exact item boundaries, title, pages, access posture, and source-note wording been fixed for every selected document?","Open the PDF, verify item-level page boundaries and title, then update source note or decision log if the folder contains multiple documents. Gap cue: Search India with Rao, Venkataraman, Gandhi, Shankar, Kashmir, nuclear, nonproliferation, economic reform, trade, and defense terms.",https://catalog.archives.gov/id/470761184,https://s3.amazonaws.com/NARAprodstorage/lz/presidential-libraries/bush/gb-nsc/H-Files/NSC-DC_Mtgs_312294079/41-bpr-nsc-hfiles-dc_mtgs-190-90016-018.pdf
gap-haass-page-level-extraction,Critical,Partly remediated,Source Extraction,Recover page-level boundaries in Haass and meeting-file PDFs,4,Page-boundary pull,Confirmed record,470761204,2.020,Pakistan,1990-10-02,"NSC/DC 205 - October 02, 1990 - NSC/DC Meeting on Pakistan Nuclear Program via SVTS, Keywords: Pakistan, Nuclear Matters",470761204; 90016-038,H-Files - National Security Council (NSC)/Deputies Committee (DC) Meetings Files | Records of the National Security Council (George H. W. Bush Administration) | H-Files - National Security Council (NSC)/Deputies Committee (DC) Meetings Files | 90016-038 | 41-bpr-nsc-hfiles-dc_mtgs-205-90016-038.pdf,24 pages,Restricted - Possibly,high-priority gap target; folder or staff-file source pool; access review affects selection; large PDF extent; source page range not fixed; catalog-derived title/source note,"Have exact item boundaries, title, pages, access posture, and source-note wording been fixed for every selected document?","Open the PDF, verify item-level page boundaries and title, then update source note or decision log if the folder contains multiple documents. Gap cue: Search India with Rao, Venkataraman, Gandhi, Shankar, Kashmir, nuclear, nonproliferation, economic reform, trade, and defense terms.",https://catalog.archives.gov/id/470761204,https://s3.amazonaws.com/NARAprodstorage/lz/presidential-libraries/bush/gb-nsc/H-Files/NSC-DC_Mtgs_312294079/41-bpr-nsc-hfiles-dc_mtgs-205-90016-038.pdf
gap-haass-page-level-extraction,Critical,Partly remediated,Source Extraction,Recover page-level boundaries in Haass and meeting-file PDFs,4,Page-boundary pull,Confirmed record,470426235,1.016,Afghanistan,1990-10-04,"DC [Deputies Committee] Meeting - October 4, 1990 re: Afghanistan",470426235; CF01625-024,Richard N. Haass' Meeting Files | Records of the National Security Council (George H. W. Bush Administration) | Richard N. Haass' Meeting Files | CF01625-024 | 41-bpr-nsc-haass_meeting-cf01625-024.pdf,10 pages,Restricted - Possibly,high-priority gap target; folder or staff-file source pool; access review affects selection; source page range not fixed; catalog-derived title/source note,"Have exact item boundaries, title, pages, access posture, and source-note wording been fixed for every selected document?","Open the PDF, verify item-level page boundaries and title, then update source note or decision log if the folder contains multiple documents. Gap cue: Review Afghanistan files 645607685, 645607321, and 645607323.",https://catalog.archives.gov/id/470426235,https://s3.dualstack.us-east-1.amazonaws.com/NARAprodstorage/lz/presidential-libraries/bush/gb-nsc/haass/meeting_2554866/41-bpr-nsc-haass_meeting-cf01625-024.pdf
gap-haass-page-level-extraction,Critical,Partly remediated,Source Extraction,Recover page-level boundaries in Haass and meeting-file PDFs,4,Page-boundary pull,Confirmed record,470426238,2.021,Pakistan,1990-10-04,"NSC/DC [Deputies Committee] Meeting - October 4, 1990 Re: Pakistan",470426238; CF01625-027,Richard N. Haass' Meeting Files | Records of the National Security Council (George H. W. Bush Administration) | Richard N. Haass' Meeting Files | CF01625-027 | 41-bpr-nsc-haass_meeting-cf01625-027.pdf,8 pages,Restricted - Possibly,critical gap target; high-priority gap target; folder or staff-file source pool; access review affects selection; source page range not fixed; catalog-derived title/source note,"Have exact item boundaries, title, pages, access posture, and source-note wording been fixed for every selected document?","Open the PDF, verify item-level page boundaries and title, then update source note or decision log if the folder contains multiple documents. Gap cue: Prioritize Haass Working Files 470426597, Haass Meeting File 470426255, Mojaddedi 470426381, Bangladesh Zia 428082145, and Pakistan nuclear meeting files 470426231, 470426238, and 470426240.",https://catalog.archives.gov/id/470426238,https://s3.dualstack.us-east-1.amazonaws.com/NARAprodstorage/lz/presidential-libraries/bush/gb-nsc/haass/meeting_2554866/41-bpr-nsc-haass_meeting-cf01625-027.pdf
gap-haass-page-level-extraction,Critical,Partly remediated,Source Extraction,Recover page-level boundaries in Haass and meeting-file PDFs,4,Page-boundary pull,Confirmed record,470761206,1.017,Afghanistan,1990-10-05,"NSC/DC 207 - October 05, 1990 - NSC/DC Meeting on Afghanistan, Keywords: Afghanistan",470761206; 90016-040,H-Files - National Security Council (NSC)/Deputies Committee (DC) Meetings Files | Records of the National Security Council (George H. W. Bush Administration) | H-Files - National Security Council (NSC)/Deputies Committee (DC) Meetings Files | 90016-040 | 41-bpr-nsc-hfiles-dc_mtgs-207-90016-040.pdf,26 pages,Restricted - Possibly,high-priority gap target; folder or staff-file source pool; access review affects selection; large PDF extent; source page range not fixed; catalog-derived title/source note,"Have exact item boundaries, title, pages, access posture, and source-note wording been fixed for every selected document?","Open the PDF, verify item-level page boundaries and title, then update source note or decision log if the folder contains multiple documents. Gap cue: Review Afghanistan files 645607685, 645607321, and 645607323.",https://catalog.archives.gov/id/470761206,https://s3.amazonaws.com/NARAprodstorage/lz/presidential-libraries/bush/gb-nsc/H-Files/NSC-DC_Mtgs_312294079/41-bpr-nsc-hfiles-dc_mtgs-207-90016-040.pdf
gap-haass-page-level-extraction,Critical,Partly remediated,Source Extraction,Recover page-level boundaries in Haass and meeting-file PDFs,4,Page-boundary pull,Confirmed record,470426240,2.023,Pakistan,1990-10-09,"NSC/DC Meeting - October 9, 1990 Re: Pakistan",470426240; CF01625-029,Richard N. Haass' Meeting Files | Records of the National Security Council (George H. W. Bush Administration) | Richard N. Haass' Meeting Files | CF01625-029 | 41-bpr-nsc-haass_meeting-cf01625-029.pdf,81 pages,Restricted - Possibly,critical gap target; high-priority gap target; folder or staff-file source pool; access review affects selection; large PDF extent; source page range not fixed; catalog-derived title/source note,"Have exact item boundaries, title, pages, access posture, and source-note wording been fixed for every selected document?","Open the PDF, verify item-level page boundaries and title, then update source note or decision log if the folder contains multiple documents. Gap cue: Prioritize Haass Working Files 470426597, Haass Meeting File 470426255, Mojaddedi 470426381, Bangladesh Zia 428082145, and Pakistan nuclear meeting files 470426231, 470426238, and 470426240.",https://catalog.archives.gov/id/470426240,https://s3.dualstack.us-east-1.amazonaws.com/NARAprodstorage/lz/presidential-libraries/bush/gb-nsc/haass/meeting_2554866/41-bpr-nsc-haass_meeting-cf01625-029.pdf
gap-haass-page-level-extraction,Critical,Partly remediated,Source Extraction,Recover page-level boundaries in Haass and meeting-file PDFs,4,Page-boundary pull,Confirmed record,470761272,1.018,Afghanistan,1991-03-05,"NSC/DC 260 - March 05, 1991 - NSC/DC Meeting on Afghanistan, Keywords: Afghanistan (File located @ LM)",470761272; 90019-003,H-Files - National Security Council (NSC)/Deputies Committee (DC) Meetings Files | Records of the National Security Council (George H. W. Bush Administration) | H-Files - National Security Council (NSC)/Deputies Committee (DC) Meetings Files | 90019-003 | 41-bpr-nsc-hfiles-dc_mtgs-260-90019-003.pdf,9 pages,Restricted - Possibly,high-priority gap target; folder or staff-file source pool; access review affects selection; source page range not fixed; catalog-derived title/source note,"Have exact item boundaries, title, pages, access posture, and source-note wording been fixed for every selected document?","Open the PDF, verify item-level page boundaries and title, then update source note or decision log if the folder contains multiple documents. Gap cue: Review Afghanistan files 645607685, 645607321, and 645607323.",https://catalog.archives.gov/id/470761272,https://s3.amazonaws.com/NARAprodstorage/lz/presidential-libraries/bush/gb-nsc/H-Files/NSC-DC_Mtgs_312294079/41-bpr-nsc-hfiles-dc_mtgs-260-90019-003.pdf
gap-haass-page-level-extraction,Critical,Partly remediated,Source Extraction,Recover page-level boundaries in Haass and meeting-file PDFs,4,Page-boundary pull,Confirmed record,470761289,1.019,Afghanistan,1991-04-12,"NSC/DC 271 - April 12, 1991 - NSC/DC Meeting on Afghanistan, Keywords: Afghanistan (File located @ LM)",470761289; 90019-020,H-Files - National Security Council (NSC)/Deputies Committee (DC) Meetings Files | Records of the National Security Council (George H. W. Bush Administration) | H-Files - National Security Council (NSC)/Deputies Committee (DC) Meetings Files | 90019-020 | 41-bpr-nsc-hfiles-dc_mtgs-271-90019-020.pdf,7 pages,Restricted - Possibly,high-priority gap target; folder or staff-file source pool; access review affects selection; source page range not fixed; catalog-derived title/source note,"Have exact item boundaries, title, pages, access posture, and source-note wording been fixed for every selected document?","Open the PDF, verify item-level page boundaries and title, then update source note or decision log if the folder contains multiple documents. Gap cue: Review Afghanistan files 645607685, 645607321, and 645607323.",https://catalog.archives.gov/id/470761289,https://s3.amazonaws.com/NARAprodstorage/lz/presidential-libraries/bush/gb-nsc/H-Files/NSC-DC_Mtgs_312294079/41-bpr-nsc-hfiles-dc_mtgs-271-90019-020.pdf
gap-haass-page-level-extraction,Critical,Partly remediated,Source Extraction,Recover page-level boundaries in Haass and meeting-file PDFs,4,Page-boundary pull,Confirmed record,470761301,1.020,Afghanistan,1991-05-17,"NSC/DC 282 - May 17, 1991 - NSC/DC Meeting on Angola and Afghanistan, Keywords: Angola, Afghanistan (File located @ NLMS)",470761301; 90020-001,H-Files - National Security Council (NSC)/Deputies Committee (DC) Meetings Files | Records of the National Security Council (George H. W. Bush Administration) | H-Files - National Security Council (NSC)/Deputies Committee (DC) Meetings Files | 90020-001 | 41-bpr-nsc-hfiles-dc_mtgs-282-90020-001.pdf,1 page,Restricted - Possibly,high-priority gap target; folder or staff-file source pool; access review affects selection; source page range not fixed; catalog-derived title/source note,"Have exact item boundaries, title, pages, access posture, and source-note wording been fixed for every selected document?","Open the PDF, verify item-level page boundaries and title, then update source note or decision log if the folder contains multiple documents. Gap cue: Review Afghanistan files 645607685, 645607321, and 645607323.",https://catalog.archives.gov/id/470761301,https://s3.amazonaws.com/NARAprodstorage/lz/presidential-libraries/bush/gb-nsc/H-Files/NSC-DC_Mtgs_312294079/41-bpr-nsc-hfiles-dc_mtgs-282-90020-001.pdf
gap-haass-page-level-extraction,Critical,Partly remediated,Source Extraction,Recover page-level boundaries in Haass and meeting-file PDFs,4,Page-boundary pull,Confirmed record,470761354,1.021,Afghanistan,1992-01-03,"NSC/DC 331 - January 03, 1992 - NSC/DC Meeting re: Afghanistan, Keywords: Afghanistan",470761354; 90021-019,H-Files - National Security Council (NSC)/Deputies Committee (DC) Meetings Files | Records of the National Security Council (George H. W. Bush Administration) | H-Files - National Security Council (NSC)/Deputies Committee (DC) Meetings Files | 90021-019 | 41-bpr-nsc-hfiles-dc_mtgs-331-90021-019.pdf,58 pages,Restricted - Possibly,high-priority gap target; folder or staff-file source pool; access review affects selection; large PDF extent; source page range not fixed; catalog-derived title/source note,"Have exact item boundaries, title, pages, access posture, and source-note wording been fixed for every selected document?","Open the PDF, verify item-level page boundaries and title, then update source note or decision log if the folder contains multiple documents. Gap cue: Review Afghanistan files 645607685, 645607321, and 645607323.",https://catalog.archives.gov/id/470761354,https://s3.amazonaws.com/NARAprodstorage/lz/presidential-libraries/bush/gb-nsc/H-Files/NSC-DC_Mtgs_312294079/41-bpr-nsc-hfiles-dc_mtgs-331-90021-019.pdf
gap-haass-page-level-extraction,Critical,Partly remediated,Source Extraction,Recover page-level boundaries in Haass and meeting-file PDFs,4,Page-boundary pull,Confirmed record,428082145,4.006,Regional,1992-03-19,Memorandum of Conversation,428082145; [Memorandum of Conversations (Memcons)-January 1992-June 1992]: March 1992,Presidential Memcon Files | Records of the National Security Council (George H. W. Bush Administration) | Presidential Memcon Files | [Memorandum of Conversations (Memcons)-January 1992-June 1992]: March 1992 | 1992-03-19--Zia.pdf,6 pages,Full,critical gap target; high-priority gap target; folder or staff-file source pool; source page range not fixed; catalog-derived title/source note,"Have exact item boundaries, title, pages, access posture, and source-note wording been fixed for every selected document?","Open the PDF, verify item-level page boundaries and title, then update source note or decision log if the folder contains multiple documents. Gap cue: Prioritize Haass Working Files 470426597, Haass Meeting File 470426255, Mojaddedi 470426381, Bangladesh Zia 428082145, and Pakistan nuclear meeting files 470426231, 470426238, and 470426240.",https://catalog.archives.gov/id/428082145,https://s3.us-east-1.amazonaws.com/NARAprodstorage/lz/presidential-libraries/bush/gb-nsc/321498039/1992-03-19--Zia.pdf
gap-haass-page-level-extraction,Critical,Partly remediated,Source Extraction,Recover page-level boundaries in Haass and meeting-file PDFs,4,Page-boundary pull,Potential lead,470426266,,Regional,1992-03-19,"President's Meeting with Prime Minister Zia of Bangladesh - March 19, 1992",470426266,NSC files | Records of the National Security Council (George H. W. Bush Administration) | Richard N. Haass' Meeting Files | Richard N. Haass' Meeting Files | NAID 470426266 | 41-bpr-nsc-haass_meeting-cf01447-024.pdf,,Restricted - Possibly; Online object available,high-priority gap target; promotion requires PDF screening; folder or staff-file source pool; catalog-derived title/source note; page count unresolved,"Have exact item boundaries, title, pages, access posture, and source-note wording been fixed for every selected document?","Open the PDF, identify policy-bearing pages, assign page boundaries, and record promote/exclude/cite-only rationale. Gap cue: Review Afghanistan files 645607685, 645607321, and 645607323.",https://catalog.archives.gov/id/470426266,https://s3.dualstack.us-east-1.amazonaws.com/NARAprodstorage/lz/presidential-libraries/bush/gb-nsc/haass/meeting_2554866/41-bpr-nsc-haass_meeting-cf01447-024.pdf
gap-india-policy-lane,High,Open,India,Build an India policy lane beyond leader conversations,0,Gap brief,Gap brief,gap-india-policy-lane,,India,,Build an India policy lane beyond leader conversations,645607415; 645608141; 645607135; 645608143; 645607137; 645607805; 645607807; 470437053,Richard Cheney Collection Country Files; Robert M. Gates Subject Files; Richard N. Haass files; WHORM; State Department central files,,Open,"Run focused Haass, Gates, WHORM, State, and catalog searches for India policy themes instead of relying on leader calls and Cheney country folders.","Has the India chapter been consciously tested beyond leader calls: Kashmir/security, nuclear/nonproliferation, defense, economic reform, trade, embassy, Haass, Gates, WHORM, and State files?","Search India with Rao, Venkataraman, Gandhi, Shankar, Kashmir, nuclear, nonproliferation, economic reform, trade, and defense terms.",,
gap-india-policy-lane,High,Open,India,Build an India policy lane beyond leader conversations,1,Chapter lane,Chapter lane,"India:India economic reform, trade, and embassy files",,India,,"India economic reform, trade, and embassy files",645607415; 645608141; 645607135; 645608143; 645607137; 645607805; 645607807; 470437053,Richard Cheney Collection Country Files; Robert M. Gates Subject Files; Richard N. Haass files; WHORM; State Department central files,,Missing lane,Confirmed 0; leads 0; related gaps 2.,"Has the India chapter been consciously tested beyond leader calls: Kashmir/security, nuclear/nonproliferation, defense, economic reform, trade, embassy, Haass, Gates, WHORM, and State files?","Use this as a search lane for WHORM, State, and embassy files; do not close the India chapter until this lane has been consciously ruled in or out. Gap cue: Search India with Rao, Venkataraman, Gandhi, Shankar, Kashmir, nuclear, nonproliferation, economic reform, trade, and defense terms.",,
gap-india-policy-lane,High,Open,India,Build an India policy lane beyond leader conversations,1,Chapter lane,Chapter lane,"India:India Kashmir, nuclear, and regional security",,India,,"India Kashmir, nuclear, and regional security",645607415; 645608141; 645607135; 645608143; 645607137; 645607805; 645607807; 470437053,Richard Cheney Collection Country Files; Robert M. Gates Subject Files; Richard N. Haass files; WHORM; State Department central files,,Missing lane,Confirmed 0; leads 0; related gaps 5.,"Has the India chapter been consciously tested beyond leader calls: Kashmir/security, nuclear/nonproliferation, defense, economic reform, trade, embassy, Haass, Gates, WHORM, and State files?","Screen Kashmir, Gates, and Haass leads so the India chapter is not limited to leader calls and Cheney country folders. Gap cue: Prioritize Haass Working Files 470426597, Haass Meeting File 470426255, Mojaddedi 470426381, Bangladesh Zia 428082145, and Pakistan nuclear meeting files 470426231, 470426238, and 470426240.",,
gap-india-policy-lane,High,Open,India,Build an India policy lane beyond leader conversations,1,Chapter lane,Chapter lane,India:India leadership and bilateral policy,,India,,India leadership and bilateral policy,645607415; 645608141; 645607135; 645608143; 645607137; 645607805; 645607807; 470437053,Richard Cheney Collection Country Files; Robert M. Gates Subject Files; Richard N. Haass files; WHORM; State Department central files,122 pages,Gap-linked review,Confirmed 10; leads 8; related gaps 3.,"Has the India chapter been consciously tested beyond leader calls: Kashmir/security, nuclear/nonproliferation, defense, economic reform, trade, embassy, Haass, Gates, WHORM, and State files?","Build staff-file support for the leadership chronology, especially around the 1991-1992 transition to Rao-era policy. Gap cue: Search India with Rao, Venkataraman, Gandhi, Shankar, Kashmir, nuclear, nonproliferation, economic reform, trade, and defense terms.",,
gap-india-policy-lane,High,Open,India,Build an India policy lane beyond leader conversations,1,Chapter lane,Chapter lane,Regional:Kashmir cross-border crisis,,Regional,,Kashmir cross-border crisis,645607415; 645608141; 645607135; 645608143; 645607137; 645607805; 645607807; 470437053,Richard Cheney Collection Country Files; Robert M. Gates Subject Files; Richard N. Haass files; WHORM; State Department central files,,Lead-only lane,Confirmed 0; leads 2; related gaps 2.,"Has the India chapter been consciously tested beyond leader calls: Kashmir/security, nuclear/nonproliferation, defense, economic reform, trade, embassy, Haass, Gates, WHORM, and State files?","Screen the Kashmir letters and teleconference leads, then decide whether the material belongs in India, Pakistan, or a regional crisis sub-lane. Gap cue: Search India with Rao, Venkataraman, Gandhi, Shankar, Kashmir, nuclear, nonproliferation, economic reform, trade, and defense terms.",,
gap-india-policy-lane,High,Open,India,Build an India policy lane beyond leader conversations,1,Chapter lane,Chapter lane,"Pakistan:Pakistan leadership, aid, and bilateral management",,Pakistan,,"Pakistan leadership, aid, and bilateral management",645607415; 645608141; 645607135; 645608143; 645607137; 645607805; 645607807; 470437053,Richard Cheney Collection Country Files; Robert M. Gates Subject Files; Richard N. Haass files; WHORM; State Department central files,348 pages,Gap-linked review,Confirmed 26; leads 10; related gaps 6.,"Has the India chapter been consciously tested beyond leader calls: Kashmir/security, nuclear/nonproliferation, defense, economic reform, trade, embassy, Haass, Gates, WHORM, and State files?","Separate policy-bearing presidential conversations from public/context locators and verify source notes against the PDF or citation sheet. Gap cue: Prioritize Haass Working Files 470426597, Haass Meeting File 470426255, Mojaddedi 470426381, Bangladesh Zia 428082145, and Pakistan nuclear meeting files 470426231, 470426238, and 470426240.",,
gap-india-policy-lane,High,Open,India,Build an India policy lane beyond leader conversations,1,Chapter lane,Chapter lane,"Pakistan:Pakistan nuclear, sanctions, and security",,Pakistan,,"Pakistan nuclear, sanctions, and security",645607415; 645608141; 645607135; 645608143; 645607137; 645607805; 645607807; 470437053,Richard Cheney Collection Country Files; Robert M. Gates Subject Files; Richard N. Haass files; WHORM; State Department central files,185 pages,Access-heavy,Confirmed 3; leads 1; related gaps 4.,"Has the India chapter been consciously tested beyond leader calls: Kashmir/security, nuclear/nonproliferation, defense, economic reform, trade, embassy, Haass, Gates, WHORM, and State files?","Pair the restricted H-Files nuclear sequence with Gates, Cheney, and Haass companion files before treating the 1990 policy arc as complete. Gap cue: Prioritize Haass Working Files 470426597, Haass Meeting File 470426255, Mojaddedi 470426381, Bangladesh Zia 428082145, and Pakistan nuclear meeting files 470426231, 470426238, and 470426240.",,
gap-india-policy-lane,High,Open,India,Build an India policy lane beyond leader conversations,2,Confirmed chronology anchor,Confirmed record,bush-library-428079855,3.001,India,1989-02-23,Memorandum of Conversation,428079855; [Memorandum of Conversations (Memcons)-January 1989-May 1989]: February 1989,Records of the National Security Council (George H. W. Bush Administration) | Presidential Memcon Files | [Memorandum of Conversations (Memcons)-January 1989-May 1989]: February 1989,9 pages,Full,catalog-derived-source-note,"Has the India chapter been consciously tested beyond leader calls: Kashmir/security, nuclear/nonproliferation, defense, economic reform, trade, embassy, Haass, Gates, WHORM, and State files?",Resolve compiler risk: catalog-derived-source-note.,https://catalog.archives.gov/id/428079855,https://s3.us-east-1.amazonaws.com/NARAprodstorage/lz/presidential-libraries/bush/gb-nsc/321498039/1989-02-23--Venkataraman.pdf
gap-india-policy-lane,High,Open,India,Build an India policy lane beyond leader conversations,2,Confirmed chronology anchor,Confirmed record,scowcroft-366551661-21-zhao-ziyang-memcon,3.002,India,1989-02-26,Memorandum of Conversation,366551661; 91107-002,Brent Scowcroft Papers | Presidential Correspondence Files | 91107-002,12 pages,Declassified,Confirmed chronology anchor for this gap.,"Has the India chapter been consciously tested beyond leader calls: Kashmir/security, nuclear/nonproliferation, defense, economic reform, trade, embassy, Haass, Gates, WHORM, and State files?","Use Daily Diary/Backup only for chronology, time, location, attendees, and call status.",https://catalog.archives.gov/id/366551661,documents/india/1989-02-26-bush-zhao-ziyang-memcon-scowcroft.pdf
gap-india-policy-lane,High,Open,India,Build an India policy lane beyond leader conversations,2,Confirmed chronology anchor,Confirmed record,nsc-source-470760996,3.003,India,1989-05-04,"NSC/DC 022 - May 04, 1989 - NSC/DC Meeting on South Asia, Keywords: South Asia, India (File located @ LM)",470760996; 90010-001,Records of the National Security Council (George H. W. Bush Administration) | H-Files - National Security Council (NSC)/Deputies Committee (DC) Meetings Files | 90010-001,45 pages,Restricted - Possibly,catalog-derived-source-note; declassification-review,"Has the India chapter been consciously tested beyond leader calls: Kashmir/security, nuclear/nonproliferation, defense, economic reform, trade, embassy, Haass, Gates, WHORM, and State files?",Review access status and confirm whether the item can be selected or only cited as withheld/restricted context. Resolve compiler risk: catalog-derived-source-note; declassification-review.,https://catalog.archives.gov/id/470760996,https://s3.amazonaws.com/NARAprodstorage/lz/presidential-libraries/bush/gb-nsc/H-Files/NSC-DC_Mtgs_312294079/41-bpr-nsc-hfiles-dc_mtgs-22-90010-001.pdf
gap-india-policy-lane,High,Open,India,Build an India policy lane beyond leader conversations,2,Confirmed chronology anchor,Confirmed record,bush-library-428080057,3.004,India,1989-06-08,Memorandum of Telephone Conversation,428080057; [Memorandum of Telephone Conversations (Telcons) - January 1989-July 1989]: June 1989,Records of the National Security Council (George H. W. Bush Administration) | Presidential Telcon Files | [Memorandum of Telephone Conversations (Telcons) - January 1989-July 1989]: June 1989,4 pages,Full,catalog-derived-source-note,"Has the India chapter been consciously tested beyond leader calls: Kashmir/security, nuclear/nonproliferation, defense, economic reform, trade, embassy, Haass, Gates, WHORM, and State files?","Resolve compiler risk: catalog-derived-source-note. Use Daily Diary/Backup only for chronology, time, location, attendees, and call status.",https://catalog.archives.gov/id/428080057,https://s3.us-east-1.amazonaws.com/NARAprodstorage/lz/presidential-libraries/bush/gb-nsc/321498139/1989-06-08--Gandhi.pdf
gap-india-policy-lane,High,Open,India,Build an India policy lane beyond leader conversations,3,Potential lead to screen,Potential lead,catalog-lead-645607415,,India,1989-01-20,India,645607415,Cheney collection | Richard Cheney Collection | Country Files | Country Files | NAID 645607415,,High; High-priority source review lead; Online object available,High-priority source review lead,"Has the India chapter been consciously tested beyond leader calls: Kashmir/security, nuclear/nonproliferation, defense, economic reform, trade, embassy, Haass, Gates, WHORM, and State files?","Screen PDF text and promote policy-bearing pages with page boundaries, source note, and exclusion rationale for nonselected pages.",https://catalog.archives.gov/id/645607415,https://s3.amazonaws.com/NARAprodstorage/lz/presidential-libraries/bush/gb-rbc/country_470572294/41-bpr-dhm-cheney-country-31815-004.pdf
gap-india-policy-lane,High,Open,India,Build an India policy lane beyond leader conversations,3,Potential lead to screen,Potential lead,catalog-lead-645608141,,India,1989-01-20,India [1],645608141,Cheney collection | Richard Cheney Collection | Country Files | Country Files | NAID 645608141,,High; High-priority source review lead; Online object available,High-priority source review lead,"Has the India chapter been consciously tested beyond leader calls: Kashmir/security, nuclear/nonproliferation, defense, economic reform, trade, embassy, Haass, Gates, WHORM, and State files?","Screen PDF text and promote policy-bearing pages with page boundaries, source note, and exclusion rationale for nonselected pages.",https://catalog.archives.gov/id/645608141,https://s3.amazonaws.com/NARAprodstorage/lz/presidential-libraries/bush/gb-rbc/country_470572294/41-bpr-dhm-cheney-country-31847-001.pdf
gap-india-policy-lane,High,Open,India,Build an India policy lane beyond leader conversations,3,Potential lead to screen,Potential lead,catalog-lead-645607135,,India,1989-01-20,India [1],645607135,Cheney collection | Richard Cheney Collection | Country Files | Country Files | NAID 645607135,,High; High-priority source review lead; Online object available,High-priority source review lead,"Has the India chapter been consciously tested beyond leader calls: Kashmir/security, nuclear/nonproliferation, defense, economic reform, trade, embassy, Haass, Gates, WHORM, and State files?","Screen PDF text and promote policy-bearing pages with page boundaries, source note, and exclusion rationale for nonselected pages.",https://catalog.archives.gov/id/645607135,https://s3.amazonaws.com/NARAprodstorage/lz/presidential-libraries/bush/gb-rbc/country_470572294/41-bpr-dhm-cheney-country-31802-007.pdf
gap-india-policy-lane,High,Open,India,Build an India policy lane beyond leader conversations,3,Potential lead to screen,Potential lead,catalog-lead-645608143,,India,1989-01-20,India [2],645608143,Cheney collection | Richard Cheney Collection | Country Files | Country Files | NAID 645608143,,High; High-priority source review lead; Online object available,High-priority source review lead,"Has the India chapter been consciously tested beyond leader calls: Kashmir/security, nuclear/nonproliferation, defense, economic reform, trade, embassy, Haass, Gates, WHORM, and State files?","Screen PDF text and promote policy-bearing pages with page boundaries, source note, and exclusion rationale for nonselected pages.",https://catalog.archives.gov/id/645608143,https://s3.amazonaws.com/NARAprodstorage/lz/presidential-libraries/bush/gb-rbc/country_470572294/41-bpr-dhm-cheney-country-31847-002.pdf
gap-india-policy-lane,High,Open,India,Build an India policy lane beyond leader conversations,3,Potential lead to screen,Potential lead,catalog-lead-645607137,,India,1989-01-20,India [2],645607137,Cheney collection | Richard Cheney Collection | Country Files | Country Files | NAID 645607137,,High; High-priority source review lead; Online object available,High-priority source review lead,"Has the India chapter been consciously tested beyond leader calls: Kashmir/security, nuclear/nonproliferation, defense, economic reform, trade, embassy, Haass, Gates, WHORM, and State files?","Screen PDF text and promote policy-bearing pages with page boundaries, source note, and exclusion rationale for nonselected pages.",https://catalog.archives.gov/id/645607137,https://s3.amazonaws.com/NARAprodstorage/lz/presidential-libraries/bush/gb-rbc/country_470572294/41-bpr-dhm-cheney-country-31802-008.pdf
gap-india-policy-lane,High,Open,India,Build an India policy lane beyond leader conversations,3,Potential lead to screen,Potential lead,catalog-lead-645607805,,India,1989-01-20,India [A],645607805,Cheney collection | Richard Cheney Collection | Country Files | Country Files | NAID 645607805,,High; High-priority source review lead; Online object available,High-priority source review lead,"Has the India chapter been consciously tested beyond leader calls: Kashmir/security, nuclear/nonproliferation, defense, economic reform, trade, embassy, Haass, Gates, WHORM, and State files?","Screen PDF text and promote policy-bearing pages with page boundaries, source note, and exclusion rationale for nonselected pages.",https://catalog.archives.gov/id/645607805,https://s3.amazonaws.com/NARAprodstorage/lz/presidential-libraries/bush/gb-rbc/country_470572294/41-bpr-dhm-cheney-country-31832-001.pdf
gap-india-policy-lane,High,Open,India,Build an India policy lane beyond leader conversations,3,Potential lead to screen,Potential lead,catalog-lead-645607807,,India,1989-01-20,India [B],645607807,Cheney collection | Richard Cheney Collection | Country Files | Country Files | NAID 645607807,,High; High-priority source review lead; Online object available,High-priority source review lead,"Has the India chapter been consciously tested beyond leader calls: Kashmir/security, nuclear/nonproliferation, defense, economic reform, trade, embassy, Haass, Gates, WHORM, and State files?","Screen PDF text and promote policy-bearing pages with page boundaries, source note, and exclusion rationale for nonselected pages.",https://catalog.archives.gov/id/645607807,https://s3.amazonaws.com/NARAprodstorage/lz/presidential-libraries/bush/gb-rbc/country_470572294/41-bpr-dhm-cheney-country-31832-002.pdf
gap-india-policy-lane,High,Open,India,Build an India policy lane beyond leader conversations,3,Potential lead to screen,Potential lead,catalog-lead-470437053,,Pakistan,1989-01-20,Pakistan-India,470437053,NSC files | Records of the National Security Council (George H. W. Bush Administration) | Robert M. Gates' Subject Files | Robert M. Gates' Subject Files | NAID 470437053,,High; High-priority source review lead; Online object available,High-priority source review lead,"Has the India chapter been consciously tested beyond leader calls: Kashmir/security, nuclear/nonproliferation, defense, economic reform, trade, embassy, Haass, Gates, WHORM, and State files?","Screen PDF text and promote policy-bearing pages with page boundaries, source note, and exclusion rationale for nonselected pages.",https://catalog.archives.gov/id/470437053,https://s3.dualstack.us-east-1.amazonaws.com/NARAprodstorage/lz/presidential-libraries/bush/gb-nsc/gates/subject_2554843/41-bpr-nsc-gates-subj-cf00946-012.pdf
gap-india-policy-lane,High,Open,India,Build an India policy lane beyond leader conversations,4,Page-boundary pull,Potential lead,323150513,,Pakistan,1989-01-20,Bhutto Departure 6/6/89,323150513,Catalog lead | Records of the White House Office of Speechwriting (George H. W. Bush Administration) | Speech Draft Files | Speech Draft Files | NAID 323150513 | 41-bpr-speech-draft-chron-13490-003_323150513.pdf,,Restricted - Possibly; Online object available,high-priority gap target; catalog-derived title/source note; page count unresolved,"Has the India chapter been consciously tested beyond leader calls: Kashmir/security, nuclear/nonproliferation, defense, economic reform, trade, embassy, Haass, Gates, WHORM, and State files?","Open the PDF, identify policy-bearing pages, assign page boundaries, and record promote/exclude/cite-only rationale. Gap cue: Search India with Rao, Venkataraman, Gandhi, Shankar, Kashmir, nuclear, nonproliferation, economic reform, trade, and defense terms.",https://catalog.archives.gov/id/323150513,https://s3.amazonaws.com/NARAprodstorage/lz/presidential-libraries/bush/gb-spe/speechwriting_draft_chron_578973/41-bpr-speech-draft-chron-13490-003_323150513.pdf
gap-india-policy-lane,High,Open,India,Build an India policy lane beyond leader conversations,4,Page-boundary pull,Potential lead,323152491,,Pakistan,1989-01-20,Departure Statement for Prime Minister Bhutto 6/6/89 [OA 6264],323152491,Catalog lead | Records of the White House Office of Speechwriting (George H. W. Bush Administration) | Speech Backup Chronological Files | Speech Backup Chronological Files | NAID 323152491 | 41-bpr-speech-backup-chron-13671-005_323152491.pdf,,Restricted - Possibly; Online object available,high-priority gap target; catalog-derived title/source note; page count unresolved,"Has the India chapter been consciously tested beyond leader calls: Kashmir/security, nuclear/nonproliferation, defense, economic reform, trade, embassy, Haass, Gates, WHORM, and State files?","Open the PDF, identify policy-bearing pages, assign page boundaries, and record promote/exclude/cite-only rationale. Gap cue: Search India with Rao, Venkataraman, Gandhi, Shankar, Kashmir, nuclear, nonproliferation, economic reform, trade, and defense terms.",https://catalog.archives.gov/id/323152491,https://s3.amazonaws.com/NARAprodstorage/lz/presidential-libraries/bush/gb-spe/speechwriting_backup_chron_579003/41-bpr-speech-backup-chron-13671-005_323152491.pdf
gap-india-policy-lane,High,Open,India,Build an India policy lane beyond leader conversations,4,Page-boundary pull,Potential lead,645607415,,India,1989-01-20,India,645607415,Cheney collection | Richard Cheney Collection | Country Files | Country Files | NAID 645607415 | 41-bpr-dhm-cheney-country-31815-004.pdf,,Restricted - Partly; Online object available,high-priority gap target; promotion requires PDF screening; folder or staff-file source pool; catalog-derived title/source note; page count unresolved,"Has the India chapter been consciously tested beyond leader calls: Kashmir/security, nuclear/nonproliferation, defense, economic reform, trade, embassy, Haass, Gates, WHORM, and State files?","Open the PDF, identify policy-bearing pages, assign page boundaries, and record promote/exclude/cite-only rationale. Gap cue: Search India with Rao, Venkataraman, Gandhi, Shankar, Kashmir, nuclear, nonproliferation, economic reform, trade, and defense terms.",https://catalog.archives.gov/id/645607415,https://s3.amazonaws.com/NARAprodstorage/lz/presidential-libraries/bush/gb-rbc/country_470572294/41-bpr-dhm-cheney-country-31815-004.pdf
gap-india-policy-lane,High,Open,India,Build an India policy lane beyond leader conversations,4,Page-boundary pull,Potential lead,645608141,,India,1989-01-20,India [1],645608141,Cheney collection | Richard Cheney Collection | Country Files | Country Files | NAID 645608141 | 41-bpr-dhm-cheney-country-31847-001.pdf,,Restricted - Partly; Online object available,high-priority gap target; promotion requires PDF screening; folder or staff-file source pool; catalog-derived title/source note; page count unresolved,"Has the India chapter been consciously tested beyond leader calls: Kashmir/security, nuclear/nonproliferation, defense, economic reform, trade, embassy, Haass, Gates, WHORM, and State files?","Open the PDF, identify policy-bearing pages, assign page boundaries, and record promote/exclude/cite-only rationale. Gap cue: Search India with Rao, Venkataraman, Gandhi, Shankar, Kashmir, nuclear, nonproliferation, economic reform, trade, and defense terms.",https://catalog.archives.gov/id/645608141,https://s3.amazonaws.com/NARAprodstorage/lz/presidential-libraries/bush/gb-rbc/country_470572294/41-bpr-dhm-cheney-country-31847-001.pdf
gap-india-policy-lane,High,Open,India,Build an India policy lane beyond leader conversations,4,Page-boundary pull,Potential lead,645607135,,India,1989-01-20,India [1],645607135,Cheney collection | Richard Cheney Collection | Country Files | Country Files | NAID 645607135 | 41-bpr-dhm-cheney-country-31802-007.pdf,,Restricted - Partly; Online object available,high-priority gap target; promotion requires PDF screening; folder or staff-file source pool; catalog-derived title/source note; page count unresolved,"Has the India chapter been consciously tested beyond leader calls: Kashmir/security, nuclear/nonproliferation, defense, economic reform, trade, embassy, Haass, Gates, WHORM, and State files?","Open the PDF, identify policy-bearing pages, assign page boundaries, and record promote/exclude/cite-only rationale. Gap cue: Search India with Rao, Venkataraman, Gandhi, Shankar, Kashmir, nuclear, nonproliferation, economic reform, trade, and defense terms.",https://catalog.archives.gov/id/645607135,https://s3.amazonaws.com/NARAprodstorage/lz/presidential-libraries/bush/gb-rbc/country_470572294/41-bpr-dhm-cheney-country-31802-007.pdf
gap-india-policy-lane,High,Open,India,Build an India policy lane beyond leader conversations,4,Page-boundary pull,Potential lead,645608143,,India,1989-01-20,India [2],645608143,Cheney collection | Richard Cheney Collection | Country Files | Country Files | NAID 645608143 | 41-bpr-dhm-cheney-country-31847-002.pdf,,Restricted - Partly; Online object available,high-priority gap target; promotion requires PDF screening; folder or staff-file source pool; catalog-derived title/source note; page count unresolved,"Has the India chapter been consciously tested beyond leader calls: Kashmir/security, nuclear/nonproliferation, defense, economic reform, trade, embassy, Haass, Gates, WHORM, and State files?","Open the PDF, identify policy-bearing pages, assign page boundaries, and record promote/exclude/cite-only rationale. Gap cue: Search India with Rao, Venkataraman, Gandhi, Shankar, Kashmir, nuclear, nonproliferation, economic reform, trade, and defense terms.",https://catalog.archives.gov/id/645608143,https://s3.amazonaws.com/NARAprodstorage/lz/presidential-libraries/bush/gb-rbc/country_470572294/41-bpr-dhm-cheney-country-31847-002.pdf
gap-india-policy-lane,High,Open,India,Build an India policy lane beyond leader conversations,4,Page-boundary pull,Potential lead,645607137,,India,1989-01-20,India [2],645607137,Cheney collection | Richard Cheney Collection | Country Files | Country Files | NAID 645607137 | 41-bpr-dhm-cheney-country-31802-008.pdf,,Restricted - Partly; Online object available,high-priority gap target; promotion requires PDF screening; folder or staff-file source pool; catalog-derived title/source note; page count unresolved,"Has the India chapter been consciously tested beyond leader calls: Kashmir/security, nuclear/nonproliferation, defense, economic reform, trade, embassy, Haass, Gates, WHORM, and State files?","Open the PDF, identify policy-bearing pages, assign page boundaries, and record promote/exclude/cite-only rationale. Gap cue: Search India with Rao, Venkataraman, Gandhi, Shankar, Kashmir, nuclear, nonproliferation, economic reform, trade, and defense terms.",https://catalog.archives.gov/id/645607137,https://s3.amazonaws.com/NARAprodstorage/lz/presidential-libraries/bush/gb-rbc/country_470572294/41-bpr-dhm-cheney-country-31802-008.pdf
gap-india-policy-lane,High,Open,India,Build an India policy lane beyond leader conversations,4,Page-boundary pull,Potential lead,645607805,,India,1989-01-20,India [A],645607805,Cheney collection | Richard Cheney Collection | Country Files | Country Files | NAID 645607805 | 41-bpr-dhm-cheney-country-31832-001.pdf,,Restricted - Partly; Online object available,high-priority gap target; promotion requires PDF screening; folder or staff-file source pool; catalog-derived title/source note; page count unresolved,"Has the India chapter been consciously tested beyond leader calls: Kashmir/security, nuclear/nonproliferation, defense, economic reform, trade, embassy, Haass, Gates, WHORM, and State files?","Open the PDF, identify policy-bearing pages, assign page boundaries, and record promote/exclude/cite-only rationale. Gap cue: Search India with Rao, Venkataraman, Gandhi, Shankar, Kashmir, nuclear, nonproliferation, economic reform, trade, and defense terms.",https://catalog.archives.gov/id/645607805,https://s3.amazonaws.com/NARAprodstorage/lz/presidential-libraries/bush/gb-rbc/country_470572294/41-bpr-dhm-cheney-country-31832-001.pdf
gap-india-policy-lane,High,Open,India,Build an India policy lane beyond leader conversations,4,Page-boundary pull,Potential lead,645607807,,India,1989-01-20,India [B],645607807,Cheney collection | Richard Cheney Collection | Country Files | Country Files | NAID 645607807 | 41-bpr-dhm-cheney-country-31832-002.pdf,,Restricted - Partly; Online object available,high-priority gap target; promotion requires PDF screening; folder or staff-file source pool; catalog-derived title/source note; page count unresolved,"Has the India chapter been consciously tested beyond leader calls: Kashmir/security, nuclear/nonproliferation, defense, economic reform, trade, embassy, Haass, Gates, WHORM, and State files?","Open the PDF, identify policy-bearing pages, assign page boundaries, and record promote/exclude/cite-only rationale. Gap cue: Search India with Rao, Venkataraman, Gandhi, Shankar, Kashmir, nuclear, nonproliferation, economic reform, trade, and defense terms.",https://catalog.archives.gov/id/645607807,https://s3.amazonaws.com/NARAprodstorage/lz/presidential-libraries/bush/gb-rbc/country_470572294/41-bpr-dhm-cheney-country-31832-002.pdf
gap-india-policy-lane,High,Open,India,Build an India policy lane beyond leader conversations,4,Page-boundary pull,Potential lead,470426145,,Regional,1989-01-20,Letters on Kashmir,470426145,NSC files | Records of the National Security Council (George H. W. Bush Administration) | Richard N. Haass' Correspondence Files | Richard N. Haass' Correspondence Files | NAID 470426145 | 41-bpr-nsc-haass_correspondence-cf01479-008.pdf,,Restricted - Possibly; Online object available,high-priority gap target; promotion requires PDF screening; folder or staff-file source pool; catalog-derived title/source note; page count unresolved,"Has the India chapter been consciously tested beyond leader calls: Kashmir/security, nuclear/nonproliferation, defense, economic reform, trade, embassy, Haass, Gates, WHORM, and State files?","Open the PDF, identify policy-bearing pages, assign page boundaries, and record promote/exclude/cite-only rationale. Gap cue: Search India with Rao, Venkataraman, Gandhi, Shankar, Kashmir, nuclear, nonproliferation, economic reform, trade, and defense terms.",https://catalog.archives.gov/id/470426145,https://s3.dualstack.us-east-1.amazonaws.com/NARAprodstorage/lz/presidential-libraries/bush/gb-nsc/haass/correspondence_2554865/41-bpr-nsc-haass_correspondence-cf01479-008.pdf
gap-india-policy-lane,High,Open,India,Build an India policy lane beyond leader conversations,4,Page-boundary pull,Potential lead,645608235,,Pakistan,1989-01-20,Pakistan,645608235,Cheney collection | Richard Cheney Collection | Country Files | Country Files | NAID 645608235 | 41-bpr-dhm-cheney-country-31850-010.pdf,,Restricted - Partly; Online object available,high-priority gap target; promotion requires PDF screening; folder or staff-file source pool; catalog-derived title/source note; page count unresolved,"Has the India chapter been consciously tested beyond leader calls: Kashmir/security, nuclear/nonproliferation, defense, economic reform, trade, embassy, Haass, Gates, WHORM, and State files?","Open the PDF, identify policy-bearing pages, assign page boundaries, and record promote/exclude/cite-only rationale. Gap cue: Search India with Rao, Venkataraman, Gandhi, Shankar, Kashmir, nuclear, nonproliferation, economic reform, trade, and defense terms.",https://catalog.archives.gov/id/645608235,https://s3.amazonaws.com/NARAprodstorage/lz/presidential-libraries/bush/gb-rbc/country_470572294/41-bpr-dhm-cheney-country-31850-010.pdf
gap-india-policy-lane,High,Open,India,Build an India policy lane beyond leader conversations,4,Page-boundary pull,Potential lead,645607905,,Pakistan,1989-01-20,Pakistan [A],645607905,Cheney collection | Richard Cheney Collection | Country Files | Country Files | NAID 645607905 | 41-bpr-dhm-cheney-country-31836-005.pdf,,Restricted - Partly; Online object available,high-priority gap target; promotion requires PDF screening; folder or staff-file source pool; catalog-derived title/source note; page count unresolved,"Has the India chapter been consciously tested beyond leader calls: Kashmir/security, nuclear/nonproliferation, defense, economic reform, trade, embassy, Haass, Gates, WHORM, and State files?","Open the PDF, identify policy-bearing pages, assign page boundaries, and record promote/exclude/cite-only rationale. Gap cue: Search India with Rao, Venkataraman, Gandhi, Shankar, Kashmir, nuclear, nonproliferation, economic reform, trade, and defense terms.",https://catalog.archives.gov/id/645607905,https://s3.amazonaws.com/NARAprodstorage/lz/presidential-libraries/bush/gb-rbc/country_470572294/41-bpr-dhm-cheney-country-31836-005.pdf
gap-india-policy-lane,High,Open,India,Build an India policy lane beyond leader conversations,4,Page-boundary pull,Potential lead,645607531,,Pakistan,1989-01-20,Pakistan [A],645607531,Cheney collection | Richard Cheney Collection | Country Files | Country Files | NAID 645607531 | 41-bpr-dhm-cheney-country-31820-001.pdf,,Restricted - Partly; Online object available,high-priority gap target; promotion requires PDF screening; folder or staff-file source pool; catalog-derived title/source note; page count unresolved,"Has the India chapter been consciously tested beyond leader calls: Kashmir/security, nuclear/nonproliferation, defense, economic reform, trade, embassy, Haass, Gates, WHORM, and State files?","Open the PDF, identify policy-bearing pages, assign page boundaries, and record promote/exclude/cite-only rationale. Gap cue: Search India with Rao, Venkataraman, Gandhi, Shankar, Kashmir, nuclear, nonproliferation, economic reform, trade, and defense terms.",https://catalog.archives.gov/id/645607531,https://s3.amazonaws.com/NARAprodstorage/lz/presidential-libraries/bush/gb-rbc/country_470572294/41-bpr-dhm-cheney-country-31820-001.pdf
gap-india-policy-lane,High,Open,India,Build an India policy lane beyond leader conversations,4,Page-boundary pull,Potential lead,645607533,,Pakistan,1989-01-20,Pakistan [B],645607533,Cheney collection | Richard Cheney Collection | Country Files | Country Files | NAID 645607533 | 41-bpr-dhm-cheney-country-31820-002.pdf,,Restricted - Partly; Online object available,high-priority gap target; promotion requires PDF screening; folder or staff-file source pool; catalog-derived title/source note; page count unresolved,"Has the India chapter been consciously tested beyond leader calls: Kashmir/security, nuclear/nonproliferation, defense, economic reform, trade, embassy, Haass, Gates, WHORM, and State files?","Open the PDF, identify policy-bearing pages, assign page boundaries, and record promote/exclude/cite-only rationale. Gap cue: Search India with Rao, Venkataraman, Gandhi, Shankar, Kashmir, nuclear, nonproliferation, economic reform, trade, and defense terms.",https://catalog.archives.gov/id/645607533,https://s3.amazonaws.com/NARAprodstorage/lz/presidential-libraries/bush/gb-rbc/country_470572294/41-bpr-dhm-cheney-country-31820-002.pdf
gap-india-policy-lane,High,Open,India,Build an India policy lane beyond leader conversations,4,Page-boundary pull,Potential lead,645607907,,Pakistan,1989-01-20,Pakistan [B],645607907,Cheney collection | Richard Cheney Collection | Country Files | Country Files | NAID 645607907 | 41-bpr-dhm-cheney-country-31836-006.pdf,,Restricted - Partly; Online object available,high-priority gap target; promotion requires PDF screening; folder or staff-file source pool; catalog-derived title/source note; page count unresolved,"Has the India chapter been consciously tested beyond leader calls: Kashmir/security, nuclear/nonproliferation, defense, economic reform, trade, embassy, Haass, Gates, WHORM, and State files?","Open the PDF, identify policy-bearing pages, assign page boundaries, and record promote/exclude/cite-only rationale. Gap cue: Search India with Rao, Venkataraman, Gandhi, Shankar, Kashmir, nuclear, nonproliferation, economic reform, trade, and defense terms.",https://catalog.archives.gov/id/645607907,https://s3.amazonaws.com/NARAprodstorage/lz/presidential-libraries/bush/gb-rbc/country_470572294/41-bpr-dhm-cheney-country-31836-006.pdf
gap-india-policy-lane,High,Open,India,Build an India policy lane beyond leader conversations,4,Page-boundary pull,Potential lead,470437053,,Pakistan,1989-01-20,Pakistan-India,470437053,NSC files | Records of the National Security Council (George H. W. Bush Administration) | Robert M. Gates' Subject Files | Robert M. Gates' Subject Files | NAID 470437053 | 41-bpr-nsc-gates-subj-cf00946-012.pdf,,Restricted - Possibly; Online object available,high-priority gap target; promotion requires PDF screening; folder or staff-file source pool; catalog-derived title/source note; page count unresolved,"Has the India chapter been consciously tested beyond leader calls: Kashmir/security, nuclear/nonproliferation, defense, economic reform, trade, embassy, Haass, Gates, WHORM, and State files?","Open the PDF, identify policy-bearing pages, assign page boundaries, and record promote/exclude/cite-only rationale. Gap cue: Search India with Rao, Venkataraman, Gandhi, Shankar, Kashmir, nuclear, nonproliferation, economic reform, trade, and defense terms.",https://catalog.archives.gov/id/470437053,https://s3.dualstack.us-east-1.amazonaws.com/NARAprodstorage/lz/presidential-libraries/bush/gb-nsc/gates/subject_2554843/41-bpr-nsc-gates-subj-cf00946-012.pdf
gap-india-policy-lane,High,Open,India,Build an India policy lane beyond leader conversations,4,Page-boundary pull,Confirmed record,428079855,3.001,India,1989-02-23,Memorandum of Conversation,428079855; [Memorandum of Conversations (Memcons)-January 1989-May 1989]: February 1989,Presidential Memcon Files | Records of the National Security Council (George H. W. Bush Administration) | Presidential Memcon Files | [Memorandum of Conversations (Memcons)-January 1989-May 1989]: February 1989 | 1989-02-23--Venkataraman.pdf,9 pages,Full,high-priority gap target; source page range not fixed; catalog-derived title/source note,"Has the India chapter been consciously tested beyond leader calls: Kashmir/security, nuclear/nonproliferation, defense, economic reform, trade, embassy, Haass, Gates, WHORM, and State files?","Open the PDF, verify item-level page boundaries and title, then update source note or decision log if the folder contains multiple documents. Gap cue: Search India with Rao, Venkataraman, Gandhi, Shankar, Kashmir, nuclear, nonproliferation, economic reform, trade, and defense terms.",https://catalog.archives.gov/id/428079855,https://s3.us-east-1.amazonaws.com/NARAprodstorage/lz/presidential-libraries/bush/gb-nsc/321498039/1989-02-23--Venkataraman.pdf
gap-india-policy-lane,High,Open,India,Build an India policy lane beyond leader conversations,4,Page-boundary pull,Confirmed record,470760996,3.003,India,1989-05-04,"NSC/DC 022 - May 04, 1989 - NSC/DC Meeting on South Asia, Keywords: South Asia, India (File located @ LM)",470760996; 90010-001,H-Files - National Security Council (NSC)/Deputies Committee (DC) Meetings Files | Records of the National Security Council (George H. W. Bush Administration) | H-Files - National Security Council (NSC)/Deputies Committee (DC) Meetings Files | 90010-001 | 41-bpr-nsc-hfiles-dc_mtgs-22-90010-001.pdf,45 pages,Restricted - Possibly,high-priority gap target; folder or staff-file source pool; access review affects selection; large PDF extent; source page range not fixed; catalog-derived title/source note,"Has the India chapter been consciously tested beyond leader calls: Kashmir/security, nuclear/nonproliferation, defense, economic reform, trade, embassy, Haass, Gates, WHORM, and State files?","Open the PDF, verify item-level page boundaries and title, then update source note or decision log if the folder contains multiple documents. Gap cue: Search India with Rao, Venkataraman, Gandhi, Shankar, Kashmir, nuclear, nonproliferation, economic reform, trade, and defense terms.",https://catalog.archives.gov/id/470760996,https://s3.amazonaws.com/NARAprodstorage/lz/presidential-libraries/bush/gb-nsc/H-Files/NSC-DC_Mtgs_312294079/41-bpr-nsc-hfiles-dc_mtgs-22-90010-001.pdf
gap-india-policy-lane,High,Open,India,Build an India policy lane beyond leader conversations,4,Page-boundary pull,Confirmed record,428080057,3.004,India,1989-06-08,Memorandum of Telephone Conversation,428080057; [Memorandum of Telephone Conversations (Telcons) - January 1989-July 1989]: June 1989,Presidential Telcon Files | Records of the National Security Council (George H. W. Bush Administration) | Presidential Telcon Files | [Memorandum of Telephone Conversations (Telcons) - January 1989-July 1989]: June 1989 | 1989-06-08--Gandhi.pdf,4 pages,Full,high-priority gap target; catalog-derived title/source note,"Has the India chapter been consciously tested beyond leader calls: Kashmir/security, nuclear/nonproliferation, defense, economic reform, trade, embassy, Haass, Gates, WHORM, and State files?","Open the PDF, verify item-level page boundaries and title, then update source note or decision log if the folder contains multiple documents. Gap cue: Search India with Rao, Venkataraman, Gandhi, Shankar, Kashmir, nuclear, nonproliferation, economic reform, trade, and defense terms.",https://catalog.archives.gov/id/428080057,https://s3.us-east-1.amazonaws.com/NARAprodstorage/lz/presidential-libraries/bush/gb-nsc/321498139/1989-06-08--Gandhi.pdf
gap-india-policy-lane,High,Open,India,Build an India policy lane beyond leader conversations,4,Page-boundary pull,Confirmed record,428080113,3.005,India,1989-07-04,Memorandum of Telephone Conversation,428080113; [Memorandum of Telephone Conversations (Telcons) - January 1989-July 1989]: July 1989,Presidential Telcon Files | Records of the National Security Council (George H. W. Bush Administration) | Presidential Telcon Files | [Memorandum of Telephone Conversations (Telcons) - January 1989-July 1989]: July 1989 | 1989-07-04--Gandhi.pdf,2 pages,Full,high-priority gap target; source page range not fixed; catalog-derived title/source note,"Has the India chapter been consciously tested beyond leader calls: Kashmir/security, nuclear/nonproliferation, defense, economic reform, trade, embassy, Haass, Gates, WHORM, and State files?","Open the PDF, verify item-level page boundaries and title, then update source note or decision log if the folder contains multiple documents. Gap cue: Search India with Rao, Venkataraman, Gandhi, Shankar, Kashmir, nuclear, nonproliferation, economic reform, trade, and defense terms.",https://catalog.archives.gov/id/428080113,https://s3.us-east-1.amazonaws.com/NARAprodstorage/lz/presidential-libraries/bush/gb-nsc/321498139/1989-07-04--Gandhi.pdf
gap-india-policy-lane,High,Open,India,Build an India policy lane beyond leader conversations,4,Page-boundary pull,Confirmed record,428080301,3.006,India,1989-10-18,Memorandum of Telephone Conversation,428080301; [Memorandum of Telephone Conversations (Telcons) - August 1989-December 1989]: October 1989,Presidential Telcon Files | Records of the National Security Council (George H. W. Bush Administration) | Presidential Telcon Files | [Memorandum of Telephone Conversations (Telcons) - August 1989-December 1989]: October 1989 | 1989-10-18--Gandhi.pdf,1 page,Full,high-priority gap target; source page range not fixed; catalog-derived title/source note,"Has the India chapter been consciously tested beyond leader calls: Kashmir/security, nuclear/nonproliferation, defense, economic reform, trade, embassy, Haass, Gates, WHORM, and State files?","Open the PDF, verify item-level page boundaries and title, then update source note or decision log if the folder contains multiple documents. Gap cue: Search India with Rao, Venkataraman, Gandhi, Shankar, Kashmir, nuclear, nonproliferation, economic reform, trade, and defense terms.",https://catalog.archives.gov/id/428080301,https://s3.us-east-1.amazonaws.com/NARAprodstorage/lz/presidential-libraries/bush/gb-nsc/321498139/1989-10-18--Gandhi.pdf
gap-india-policy-lane,High,Open,India,Build an India policy lane beyond leader conversations,4,Page-boundary pull,Potential lead,470426225,,Regional,1990-03-26,"NSC/DC [Deputies Committee] Teleconference - March 26, 1990 Re: Kashmir",470426225,NSC files | Records of the National Security Council (George H. W. Bush Administration) | Richard N. Haass' Meeting Files | Richard N. Haass' Meeting Files | NAID 470426225 | 41-bpr-nsc-haass_meeting-cf01625-014.pdf,,Restricted - Possibly; Online object available,high-priority gap target; promotion requires PDF screening; folder or staff-file source pool; catalog-derived title/source note; page count unresolved,"Has the India chapter been consciously tested beyond leader calls: Kashmir/security, nuclear/nonproliferation, defense, economic reform, trade, embassy, Haass, Gates, WHORM, and State files?","Open the PDF, identify policy-bearing pages, assign page boundaries, and record promote/exclude/cite-only rationale. Gap cue: Search India with Rao, Venkataraman, Gandhi, Shankar, Kashmir, nuclear, nonproliferation, economic reform, trade, and defense terms.",https://catalog.archives.gov/id/470426225,https://s3.dualstack.us-east-1.amazonaws.com/NARAprodstorage/lz/presidential-libraries/bush/gb-nsc/haass/meeting_2554866/41-bpr-nsc-haass_meeting-cf01625-014.pdf
gap-india-policy-lane,High,Open,India,Build an India policy lane beyond leader conversations,4,Page-boundary pull,Confirmed record,470761101,2.012,Pakistan,1990-03-26,"NSC/DC 112 - March 26, 1990 - NSC/DC Meeting on Kashmir, Keywords: Pakistan",470761101; 90013-024,H-Files - National Security Council (NSC)/Deputies Committee (DC) Meetings Files | Records of the National Security Council (George H. W. Bush Administration) | H-Files - National Security Council (NSC)/Deputies Committee (DC) Meetings Files | 90013-024 | 41-bpr-nsc-hfiles-dc_mtgs-112-90013-024.pdf,13 pages,Restricted - Possibly,high-priority gap target; folder or staff-file source pool; access review affects selection; source page range not fixed; catalog-derived title/source note,"Has the India chapter been consciously tested beyond leader calls: Kashmir/security, nuclear/nonproliferation, defense, economic reform, trade, embassy, Haass, Gates, WHORM, and State files?","Open the PDF, verify item-level page boundaries and title, then update source note or decision log if the folder contains multiple documents. Gap cue: Search India with Rao, Venkataraman, Gandhi, Shankar, Kashmir, nuclear, nonproliferation, economic reform, trade, and defense terms.",https://catalog.archives.gov/id/470761101,https://s3.amazonaws.com/NARAprodstorage/lz/presidential-libraries/bush/gb-nsc/H-Files/NSC-DC_Mtgs_312294079/41-bpr-nsc-hfiles-dc_mtgs-112-90013-024.pdf
gap-india-policy-lane,High,Open,India,Build an India policy lane beyond leader conversations,4,Page-boundary pull,Confirmed record,470761103,3.007,India,1990-04-04,"NSC/DC 113 - April 04, 1990 - NSC/DC Meeting on Kashmir via SVTS, Keywords: India",470761103; 90013-026,H-Files - National Security Council (NSC)/Deputies Committee (DC) Meetings Files | Records of the National Security Council (George H. W. Bush Administration) | H-Files - National Security Council (NSC)/Deputies Committee (DC) Meetings Files | 90013-026 | 41-bpr-nsc-hfiles-dc_mtgs-113-90013-026.pdf,41 pages,Restricted - Possibly,high-priority gap target; folder or staff-file source pool; access review affects selection; large PDF extent; source page range not fixed; catalog-derived title/source note,"Has the India chapter been consciously tested beyond leader calls: Kashmir/security, nuclear/nonproliferation, defense, economic reform, trade, embassy, Haass, Gates, WHORM, and State files?","Open the PDF, verify item-level page boundaries and title, then update source note or decision log if the folder contains multiple documents. Gap cue: Search India with Rao, Venkataraman, Gandhi, Shankar, Kashmir, nuclear, nonproliferation, economic reform, trade, and defense terms.",https://catalog.archives.gov/id/470761103,https://s3.amazonaws.com/NARAprodstorage/lz/presidential-libraries/bush/gb-nsc/H-Files/NSC-DC_Mtgs_312294079/41-bpr-nsc-hfiles-dc_mtgs-113-90013-026.pdf
gap-india-policy-lane,High,Open,India,Build an India policy lane beyond leader conversations,4,Page-boundary pull,Confirmed record,470761140,2.014,Pakistan,1990-06-28,"NSC/DC 147 - June 28, 1990 - NSC/DC Meeting on Pakistan's Nuclear Program, Keywords: Pakistan, Nuclear Matters",470761140; 90015-005,H-Files - National Security Council (NSC)/Deputies Committee (DC) Meetings Files | Records of the National Security Council (George H. W. Bush Administration) | H-Files - National Security Council (NSC)/Deputies Committee (DC) Meetings Files | 90015-005 | 41-bpr-nsc-hfiles-dc_mtgs-147-90015-005.pdf,24 pages,Restricted - Possibly,high-priority gap target; folder or staff-file source pool; access review affects selection; large PDF extent; source page range not fixed; catalog-derived title/source note,"Has the India chapter been consciously tested beyond leader calls: Kashmir/security, nuclear/nonproliferation, defense, economic reform, trade, embassy, Haass, Gates, WHORM, and State files?","Open the PDF, verify item-level page boundaries and title, then update source note or decision log if the folder contains multiple documents. Gap cue: Search India with Rao, Venkataraman, Gandhi, Shankar, Kashmir, nuclear, nonproliferation, economic reform, trade, and defense terms.",https://catalog.archives.gov/id/470761140,https://s3.amazonaws.com/NARAprodstorage/lz/presidential-libraries/bush/gb-nsc/H-Files/NSC-DC_Mtgs_312294079/41-bpr-nsc-hfiles-dc_mtgs-147-90015-005.pdf
gap-india-policy-lane,High,Open,India,Build an India policy lane beyond leader conversations,4,Page-boundary pull,Confirmed record,470761146,2.016,Pakistan,1990-07-09,"NSC/DC 154 - July 09, 1990 - NSC/DC Meeting on Pakistan Nuclear Program, Keywords: Pakistan, Nuclear Matters",470761146; 90015-012,H-Files - National Security Council (NSC)/Deputies Committee (DC) Meetings Files | Records of the National Security Council (George H. W. Bush Administration) | H-Files - National Security Council (NSC)/Deputies Committee (DC) Meetings Files | 90015-012 | 41-bpr-nsc-hfiles-dc_mtgs-154-90015-012.pdf,10 pages,Restricted - Possibly,high-priority gap target; folder or staff-file source pool; access review affects selection; source page range not fixed; catalog-derived title/source note,"Has the India chapter been consciously tested beyond leader calls: Kashmir/security, nuclear/nonproliferation, defense, economic reform, trade, embassy, Haass, Gates, WHORM, and State files?","Open the PDF, verify item-level page boundaries and title, then update source note or decision log if the folder contains multiple documents. Gap cue: Search India with Rao, Venkataraman, Gandhi, Shankar, Kashmir, nuclear, nonproliferation, economic reform, trade, and defense terms.",https://catalog.archives.gov/id/470761146,https://s3.amazonaws.com/NARAprodstorage/lz/presidential-libraries/bush/gb-nsc/H-Files/NSC-DC_Mtgs_312294079/41-bpr-nsc-hfiles-dc_mtgs-154-90015-012.pdf
gap-india-policy-lane,High,Open,India,Build an India policy lane beyond leader conversations,4,Page-boundary pull,Confirmed record,470426231,2.017,Pakistan,1990-07-16,"NSC/DC Meeting - July 16, 1990 Re: Pakistan Nuclear Program",470426231; CF01625-020,Richard N. Haass' Meeting Files | Records of the National Security Council (George H. W. Bush Administration) | Richard N. Haass' Meeting Files | CF01625-020 | 41-bpr-nsc-haass_meeting-cf01625-020.pdf,29 pages,Restricted - Possibly,critical gap target; high-priority gap target; folder or staff-file source pool; access review affects selection; large PDF extent; source page range not fixed; catalog-derived title/source note,"Has the India chapter been consciously tested beyond leader calls: Kashmir/security, nuclear/nonproliferation, defense, economic reform, trade, embassy, Haass, Gates, WHORM, and State files?","Open the PDF, verify item-level page boundaries and title, then update source note or decision log if the folder contains multiple documents. Gap cue: Prioritize Haass Working Files 470426597, Haass Meeting File 470426255, Mojaddedi 470426381, Bangladesh Zia 428082145, and Pakistan nuclear meeting files 470426231, 470426238, and 470426240.",https://catalog.archives.gov/id/470426231,https://s3.dualstack.us-east-1.amazonaws.com/NARAprodstorage/lz/presidential-libraries/bush/gb-nsc/haass/meeting_2554866/41-bpr-nsc-haass_meeting-cf01625-020.pdf
gap-india-policy-lane,High,Open,India,Build an India policy lane beyond leader conversations,4,Page-boundary pull,Confirmed record,470761184,2.018,Pakistan,1990-08-31,"NSC/DC 190 - August 31, 1990 - NSC/DC Meeting on Pakistan Nuclear Program, Keywords: Pakistan, Nuclear Matters",470761184; 90016-018,H-Files - National Security Council (NSC)/Deputies Committee (DC) Meetings Files | Records of the National Security Council (George H. W. Bush Administration) | H-Files - National Security Council (NSC)/Deputies Committee (DC) Meetings Files | 90016-018 | 41-bpr-nsc-hfiles-dc_mtgs-190-90016-018.pdf,37 pages,Restricted - Possibly,high-priority gap target; folder or staff-file source pool; access review affects selection; large PDF extent; source page range not fixed; catalog-derived title/source note,"Has the India chapter been consciously tested beyond leader calls: Kashmir/security, nuclear/nonproliferation, defense, economic reform, trade, embassy, Haass, Gates, WHORM, and State files?","Open the PDF, verify item-level page boundaries and title, then update source note or decision log if the folder contains multiple documents. Gap cue: Search India with Rao, Venkataraman, Gandhi, Shankar, Kashmir, nuclear, nonproliferation, economic reform, trade, and defense terms.",https://catalog.archives.gov/id/470761184,https://s3.amazonaws.com/NARAprodstorage/lz/presidential-libraries/bush/gb-nsc/H-Files/NSC-DC_Mtgs_312294079/41-bpr-nsc-hfiles-dc_mtgs-190-90016-018.pdf
gap-india-policy-lane,High,Open,India,Build an India policy lane beyond leader conversations,4,Page-boundary pull,Confirmed record,470761189,2.019,Pakistan,1990-09-05,"NSC/DC 193A - September 05, 1990 - NSC/DC Meeting on Pakistan, Keywords: Pakistan, Nuclear Matters",470761189; 90016-023,H-Files - National Security Council (NSC)/Deputies Committee (DC) Meetings Files | Records of the National Security Council (George H. W. Bush Administration) | H-Files - National Security Council (NSC)/Deputies Committee (DC) Meetings Files | 90016-023 | 41-bpr-nsc-hfiles-dc_mtgs-193a-90016-023.pdf,11 pages,Restricted - Possibly,high-priority gap target; folder or staff-file source pool; access review affects selection; source page range not fixed; catalog-derived title/source note,"Has the India chapter been consciously tested beyond leader calls: Kashmir/security, nuclear/nonproliferation, defense, economic reform, trade, embassy, Haass, Gates, WHORM, and State files?","Open the PDF, verify item-level page boundaries and title, then update source note or decision log if the folder contains multiple documents. Gap cue: Search India with Rao, Venkataraman, Gandhi, Shankar, Kashmir, nuclear, nonproliferation, economic reform, trade, and defense terms.",https://catalog.archives.gov/id/470761189,https://s3.amazonaws.com/NARAprodstorage/lz/presidential-libraries/bush/gb-nsc/H-Files/NSC-DC_Mtgs_312294079/41-bpr-nsc-hfiles-dc_mtgs-193a-90016-023.pdf
gap-india-policy-lane,High,Open,India,Build an India policy lane beyond leader conversations,4,Page-boundary pull,Confirmed record,470761204,2.020,Pakistan,1990-10-02,"NSC/DC 205 - October 02, 1990 - NSC/DC Meeting on Pakistan Nuclear Program via SVTS, Keywords: Pakistan, Nuclear Matters",470761204; 90016-038,H-Files - National Security Council (NSC)/Deputies Committee (DC) Meetings Files | Records of the National Security Council (George H. W. Bush Administration) | H-Files - National Security Council (NSC)/Deputies Committee (DC) Meetings Files | 90016-038 | 41-bpr-nsc-hfiles-dc_mtgs-205-90016-038.pdf,24 pages,Restricted - Possibly,high-priority gap target; folder or staff-file source pool; access review affects selection; large PDF extent; source page range not fixed; catalog-derived title/source note,"Has the India chapter been consciously tested beyond leader calls: Kashmir/security, nuclear/nonproliferation, defense, economic reform, trade, embassy, Haass, Gates, WHORM, and State files?","Open the PDF, verify item-level page boundaries and title, then update source note or decision log if the folder contains multiple documents. Gap cue: Search India with Rao, Venkataraman, Gandhi, Shankar, Kashmir, nuclear, nonproliferation, economic reform, trade, and defense terms.",https://catalog.archives.gov/id/470761204,https://s3.amazonaws.com/NARAprodstorage/lz/presidential-libraries/bush/gb-nsc/H-Files/NSC-DC_Mtgs_312294079/41-bpr-nsc-hfiles-dc_mtgs-205-90016-038.pdf
gap-india-policy-lane,High,Open,India,Build an India policy lane beyond leader conversations,4,Page-boundary pull,Confirmed record,470760963,2.024,Pakistan,1990-10-09,"NSC0056 - October 09, 1990 - Nuclear Matters, Middle East and Gulf, Proliferation [1]",470760963; 90002-025,H-Files - National Security Council (NSC) Meeting Files | Records of the National Security Council (George H. W. Bush Administration) | H-Files - National Security Council (NSC) Meeting Files | 90002-025 | 41-bpr-nsc-hfiles-nsc_mtgs-56_1-90002-025.pdf,42 pages,Restricted - Possibly,high-priority gap target; folder or staff-file source pool; access review affects selection; large PDF extent; source page range not fixed; catalog-derived title/source note,"Has the India chapter been consciously tested beyond leader calls: Kashmir/security, nuclear/nonproliferation, defense, economic reform, trade, embassy, Haass, Gates, WHORM, and State files?","Open the PDF, verify item-level page boundaries and title, then update source note or decision log if the folder contains multiple documents. Gap cue: Search India with Rao, Venkataraman, Gandhi, Shankar, Kashmir, nuclear, nonproliferation, economic reform, trade, and defense terms.",https://catalog.archives.gov/id/470760963,https://s3.amazonaws.com/NARAprodstorage/lz/presidential-libraries/bush/gb-nsc/H-Files/NSC_Mtgs_312293887/41-bpr-nsc-hfiles-nsc_mtgs-56_1-90002-025.pdf
gap-india-policy-lane,High,Open,India,Build an India policy lane beyond leader conversations,4,Page-boundary pull,Confirmed record,470760964,2.025,Pakistan,1990-10-09,"NSC0056 - October 09, 1990 - Nuclear Matters, Middle East and Gulf, Proliferation [2]",470760964; 90002-026,H-Files - National Security Council (NSC) Meeting Files | Records of the National Security Council (George H. W. Bush Administration) | H-Files - National Security Council (NSC) Meeting Files | 90002-026 | 41-bpr-nsc-hfiles-nsc_mtgs-56_2-90002-026.pdf,42 pages,Restricted - Possibly,high-priority gap target; folder or staff-file source pool; access review affects selection; large PDF extent; source page range not fixed; catalog-derived title/source note,"Has the India chapter been consciously tested beyond leader calls: Kashmir/security, nuclear/nonproliferation, defense, economic reform, trade, embassy, Haass, Gates, WHORM, and State files?","Open the PDF, verify item-level page boundaries and title, then update source note or decision log if the folder contains multiple documents. Gap cue: Search India with Rao, Venkataraman, Gandhi, Shankar, Kashmir, nuclear, nonproliferation, economic reform, trade, and defense terms.",https://catalog.archives.gov/id/470760964,https://s3.amazonaws.com/NARAprodstorage/lz/presidential-libraries/bush/gb-nsc/H-Files/NSC_Mtgs_312293887/41-bpr-nsc-hfiles-nsc_mtgs-56_2-90002-026.pdf
gap-india-policy-lane,High,Open,India,Build an India policy lane beyond leader conversations,4,Page-boundary pull,Confirmed record,428081443,3.008,India,1991-02-08,Memorandum of Telephone Conversation,428081443; [Memorandum of Telephone Conversations (Telcons) - January 1991-April 1991]:  February 1991 [1],Presidential Telcon Files | Records of the National Security Council (George H. W. Bush Administration) | Presidential Telcon Files | [Memorandum of Telephone Conversations (Telcons) - January 1991-April 1991]:  February 1991 [1] | 1991-02-08--Shankar.pdf,4 pages,Full,high-priority gap target; catalog-derived title/source note,"Has the India chapter been consciously tested beyond leader calls: Kashmir/security, nuclear/nonproliferation, defense, economic reform, trade, embassy, Haass, Gates, WHORM, and State files?","Open the PDF, verify item-level page boundaries and title, then update source note or decision log if the folder contains multiple documents. Gap cue: Search India with Rao, Venkataraman, Gandhi, Shankar, Kashmir, nuclear, nonproliferation, economic reform, trade, and defense terms.",https://catalog.archives.gov/id/428081443,https://s3.us-east-1.amazonaws.com/NARAprodstorage/lz/presidential-libraries/bush/gb-nsc/321498139/1991-02-08--Shankar.pdf
gap-india-policy-lane,High,Open,India,Build an India policy lane beyond leader conversations,4,Page-boundary pull,Confirmed record,428082103,3.009,India,1991-12-15,Memorandum of Telephone Conversation,428082103; [Memorandum of Telephone Conversations (Telcons) - May 1991-December 1991]:  December 1991,Presidential Telcon Files | Records of the National Security Council (George H. W. Bush Administration) | Presidential Telcon Files | [Memorandum of Telephone Conversations (Telcons) - May 1991-December 1991]:  December 1991 | 1991-12-15--Rao.pdf,1 page,Full,high-priority gap target; source page range not fixed; catalog-derived title/source note,"Has the India chapter been consciously tested beyond leader calls: Kashmir/security, nuclear/nonproliferation, defense, economic reform, trade, embassy, Haass, Gates, WHORM, and State files?","Open the PDF, verify item-level page boundaries and title, then update source note or decision log if the folder contains multiple documents. Gap cue: Search India with Rao, Venkataraman, Gandhi, Shankar, Kashmir, nuclear, nonproliferation, economic reform, trade, and defense terms.",https://catalog.archives.gov/id/428082103,https://s3.us-east-1.amazonaws.com/NARAprodstorage/lz/presidential-libraries/bush/gb-nsc/321498139/1991-12-15--Rao.pdf
gap-india-policy-lane,High,Open,India,Build an India policy lane beyond leader conversations,4,Page-boundary pull,Confirmed record,428082131,3.010,India,1992-01-31,Memorandum of Conversation,428082131; [Memorandum of Conversations (Memcons)-January 1992-June 1992]: January 1992,Presidential Memcon Files | Records of the National Security Council (George H. W. Bush Administration) | Presidential Memcon Files | [Memorandum of Conversations (Memcons)-January 1992-June 1992]: January 1992 | 1992-01-31--Rao.pdf,3 pages,Partial,high-priority gap target; source page range not fixed; catalog-derived title/source note,"Has the India chapter been consciously tested beyond leader calls: Kashmir/security, nuclear/nonproliferation, defense, economic reform, trade, embassy, Haass, Gates, WHORM, and State files?","Open the PDF, verify item-level page boundaries and title, then update source note or decision log if the folder contains multiple documents. Gap cue: Search India with Rao, Venkataraman, Gandhi, Shankar, Kashmir, nuclear, nonproliferation, economic reform, trade, and defense terms.",https://catalog.archives.gov/id/428082131,https://s3.us-east-1.amazonaws.com/NARAprodstorage/lz/presidential-libraries/bush/gb-nsc/321498039/1992-01-31--Rao.pdf
gap-pakistan-nuclear-companion-sources,High,Open,Pakistan,Pair the Pakistan nuclear sequence with non-H-Files sources,0,Gap brief,Gap brief,gap-pakistan-nuclear-companion-sources,,Pakistan,,Pair the Pakistan nuclear sequence with non-H-Files sources,470437053; 470426231; 470426238; 470426240; 645608235; 645607905; 645607531; 645607533; 645607907; 323150513; 323152491,Robert M. Gates Subject Files; Richard Cheney Collection Country Files; H-Files NSC/DC Meetings; Bush Library speech and event files,,Open,"Integrate Gates, Cheney, and Haass companion files before treating the Pakistan nuclear policy arc as complete.","Do Gates, Cheney, Haass, and H-Files companion records support or change the Pakistan nuclear/Pressler/F-16 selection arc?","Prioritize Gates Subject File 470437053 and Pakistan H-Files 470426231, 470426238, and 470426240.",,
gap-pakistan-nuclear-companion-sources,High,Open,Pakistan,Pair the Pakistan nuclear sequence with non-H-Files sources,1,Chapter lane,Chapter lane,"India:India Kashmir, nuclear, and regional security",,India,,"India Kashmir, nuclear, and regional security",470437053; 470426231; 470426238; 470426240; 645608235; 645607905; 645607531; 645607533; 645607907; 323150513; 323152491,Robert M. Gates Subject Files; Richard Cheney Collection Country Files; H-Files NSC/DC Meetings; Bush Library speech and event files,,Missing lane,Confirmed 0; leads 0; related gaps 5.,"Do Gates, Cheney, Haass, and H-Files companion records support or change the Pakistan nuclear/Pressler/F-16 selection arc?","Screen Kashmir, Gates, and Haass leads so the India chapter is not limited to leader calls and Cheney country folders. Gap cue: Prioritize Haass Working Files 470426597, Haass Meeting File 470426255, Mojaddedi 470426381, Bangladesh Zia 428082145, and Pakistan nuclear meeting files 470426231, 470426238, and 470426240.",,
gap-pakistan-nuclear-companion-sources,High,Open,Pakistan,Pair the Pakistan nuclear sequence with non-H-Files sources,1,Chapter lane,Chapter lane,"Pakistan:Pakistan leadership, aid, and bilateral management",,Pakistan,,"Pakistan leadership, aid, and bilateral management",470437053; 470426231; 470426238; 470426240; 645608235; 645607905; 645607531; 645607533; 645607907; 323150513; 323152491,Robert M. Gates Subject Files; Richard Cheney Collection Country Files; H-Files NSC/DC Meetings; Bush Library speech and event files,348 pages,Gap-linked review,Confirmed 26; leads 10; related gaps 6.,"Do Gates, Cheney, Haass, and H-Files companion records support or change the Pakistan nuclear/Pressler/F-16 selection arc?","Separate policy-bearing presidential conversations from public/context locators and verify source notes against the PDF or citation sheet. Gap cue: Prioritize Haass Working Files 470426597, Haass Meeting File 470426255, Mojaddedi 470426381, Bangladesh Zia 428082145, and Pakistan nuclear meeting files 470426231, 470426238, and 470426240.",,
gap-pakistan-nuclear-companion-sources,High,Open,Pakistan,Pair the Pakistan nuclear sequence with non-H-Files sources,1,Chapter lane,Chapter lane,"Pakistan:Pakistan nuclear, sanctions, and security",,Pakistan,,"Pakistan nuclear, sanctions, and security",470437053; 470426231; 470426238; 470426240; 645608235; 645607905; 645607531; 645607533; 645607907; 323150513; 323152491,Robert M. Gates Subject Files; Richard Cheney Collection Country Files; H-Files NSC/DC Meetings; Bush Library speech and event files,185 pages,Access-heavy,Confirmed 3; leads 1; related gaps 4.,"Do Gates, Cheney, Haass, and H-Files companion records support or change the Pakistan nuclear/Pressler/F-16 selection arc?","Pair the restricted H-Files nuclear sequence with Gates, Cheney, and Haass companion files before treating the 1990 policy arc as complete. Gap cue: Prioritize Haass Working Files 470426597, Haass Meeting File 470426255, Mojaddedi 470426381, Bangladesh Zia 428082145, and Pakistan nuclear meeting files 470426231, 470426238, and 470426240.",,
gap-pakistan-nuclear-companion-sources,High,Open,Pakistan,Pair the Pakistan nuclear sequence with non-H-Files sources,2,Confirmed chronology anchor,Confirmed record,470426231-nsc-dc-meeting-july-16-1990-re-pakistan-nuclear-program,2.017,Pakistan,1990-07-16,"NSC/DC Meeting - July 16, 1990 Re: Pakistan Nuclear Program",470426231; CF01625-020,Records of the National Security Council (George H. W. Bush Administration) | Richard N. Haass' Meeting Files | CF01625-020,29 pages,Restricted - Possibly,catalog-derived-source-note; declassification-review,"Do Gates, Cheney, Haass, and H-Files companion records support or change the Pakistan nuclear/Pressler/F-16 selection arc?",Review access status and confirm whether the item can be selected or only cited as withheld/restricted context. Resolve compiler risk: catalog-derived-source-note; declassification-review.,https://catalog.archives.gov/id/470426231,https://s3.dualstack.us-east-1.amazonaws.com/NARAprodstorage/lz/presidential-libraries/bush/gb-nsc/haass/meeting_2554866/41-bpr-nsc-haass_meeting-cf01625-020.pdf
gap-pakistan-nuclear-companion-sources,High,Open,Pakistan,Pair the Pakistan nuclear sequence with non-H-Files sources,2,Confirmed chronology anchor,Confirmed record,470426238-nsc-dc-deputies-committee-meeting-october-4-1990-re-pakistan,2.021,Pakistan,1990-10-04,"NSC/DC [Deputies Committee] Meeting - October 4, 1990 Re: Pakistan",470426238; CF01625-027,Records of the National Security Council (George H. W. Bush Administration) | Richard N. Haass' Meeting Files | CF01625-027,8 pages,Restricted - Possibly,catalog-derived-source-note; declassification-review,"Do Gates, Cheney, Haass, and H-Files companion records support or change the Pakistan nuclear/Pressler/F-16 selection arc?",Review access status and confirm whether the item can be selected or only cited as withheld/restricted context. Resolve compiler risk: catalog-derived-source-note; declassification-review.,https://catalog.archives.gov/id/470426238,https://s3.dualstack.us-east-1.amazonaws.com/NARAprodstorage/lz/presidential-libraries/bush/gb-nsc/haass/meeting_2554866/41-bpr-nsc-haass_meeting-cf01625-027.pdf
gap-pakistan-nuclear-companion-sources,High,Open,Pakistan,Pair the Pakistan nuclear sequence with non-H-Files sources,2,Confirmed chronology anchor,Confirmed record,470426240-nsc-dc-meeting-october-9-1990-re-pakistan,2.023,Pakistan,1990-10-09,"NSC/DC Meeting - October 9, 1990 Re: Pakistan",470426240; CF01625-029,Records of the National Security Council (George H. W. Bush Administration) | Richard N. Haass' Meeting Files | CF01625-029,81 pages,Restricted - Possibly,catalog-derived-source-note; declassification-review,"Do Gates, Cheney, Haass, and H-Files companion records support or change the Pakistan nuclear/Pressler/F-16 selection arc?",Review access status and confirm whether the item can be selected or only cited as withheld/restricted context. Resolve compiler risk: catalog-derived-source-note; declassification-review.,https://catalog.archives.gov/id/470426240,https://s3.dualstack.us-east-1.amazonaws.com/NARAprodstorage/lz/presidential-libraries/bush/gb-nsc/haass/meeting_2554866/41-bpr-nsc-haass_meeting-cf01625-029.pdf
gap-pakistan-nuclear-companion-sources,High,Open,Pakistan,Pair the Pakistan nuclear sequence with non-H-Files sources,3,Potential lead to screen,Potential lead,catalog-lead-323150513,,Pakistan,1989-01-20,Bhutto Departure 6/6/89,323150513,Catalog lead | Records of the White House Office of Speechwriting (George H. W. Bush Administration) | Speech Draft Files | Speech Draft Files | NAID 323150513,,Low; Locator/context lead; Online object available,Locator/context lead,"Do Gates, Cheney, Haass, and H-Files companion records support or change the Pakistan nuclear/Pressler/F-16 selection arc?",Use only to locate event files or related internal memoranda.,https://catalog.archives.gov/id/323150513,https://s3.amazonaws.com/NARAprodstorage/lz/presidential-libraries/bush/gb-spe/speechwriting_draft_chron_578973/41-bpr-speech-draft-chron-13490-003_323150513.pdf
gap-pakistan-nuclear-companion-sources,High,Open,Pakistan,Pair the Pakistan nuclear sequence with non-H-Files sources,3,Potential lead to screen,Potential lead,catalog-lead-323152491,,Pakistan,1989-01-20,Departure Statement for Prime Minister Bhutto 6/6/89 [OA 6264],323152491,Catalog lead | Records of the White House Office of Speechwriting (George H. W. Bush Administration) | Speech Backup Chronological Files | Speech Backup Chronological Files | NAID 323152491,,Low; Locator/context lead; Online object available,Locator/context lead,"Do Gates, Cheney, Haass, and H-Files companion records support or change the Pakistan nuclear/Pressler/F-16 selection arc?",Use only to locate event files or related internal memoranda.,https://catalog.archives.gov/id/323152491,https://s3.amazonaws.com/NARAprodstorage/lz/presidential-libraries/bush/gb-spe/speechwriting_backup_chron_579003/41-bpr-speech-backup-chron-13671-005_323152491.pdf
gap-pakistan-nuclear-companion-sources,High,Open,Pakistan,Pair the Pakistan nuclear sequence with non-H-Files sources,3,Potential lead to screen,Potential lead,catalog-lead-645608235,,Pakistan,1989-01-20,Pakistan,645608235,Cheney collection | Richard Cheney Collection | Country Files | Country Files | NAID 645608235,,High; High-priority source review lead; Online object available,High-priority source review lead,"Do Gates, Cheney, Haass, and H-Files companion records support or change the Pakistan nuclear/Pressler/F-16 selection arc?","Screen PDF text and promote policy-bearing pages with page boundaries, source note, and exclusion rationale for nonselected pages.",https://catalog.archives.gov/id/645608235,https://s3.amazonaws.com/NARAprodstorage/lz/presidential-libraries/bush/gb-rbc/country_470572294/41-bpr-dhm-cheney-country-31850-010.pdf
gap-pakistan-nuclear-companion-sources,High,Open,Pakistan,Pair the Pakistan nuclear sequence with non-H-Files sources,3,Potential lead to screen,Potential lead,catalog-lead-645607905,,Pakistan,1989-01-20,Pakistan [A],645607905,Cheney collection | Richard Cheney Collection | Country Files | Country Files | NAID 645607905,,High; High-priority source review lead; Online object available,High-priority source review lead,"Do Gates, Cheney, Haass, and H-Files companion records support or change the Pakistan nuclear/Pressler/F-16 selection arc?","Screen PDF text and promote policy-bearing pages with page boundaries, source note, and exclusion rationale for nonselected pages.",https://catalog.archives.gov/id/645607905,https://s3.amazonaws.com/NARAprodstorage/lz/presidential-libraries/bush/gb-rbc/country_470572294/41-bpr-dhm-cheney-country-31836-005.pdf
gap-pakistan-nuclear-companion-sources,High,Open,Pakistan,Pair the Pakistan nuclear sequence with non-H-Files sources,3,Potential lead to screen,Potential lead,catalog-lead-645607531,,Pakistan,1989-01-20,Pakistan [A],645607531,Cheney collection | Richard Cheney Collection | Country Files | Country Files | NAID 645607531,,High; High-priority source review lead; Online object available,High-priority source review lead,"Do Gates, Cheney, Haass, and H-Files companion records support or change the Pakistan nuclear/Pressler/F-16 selection arc?","Screen PDF text and promote policy-bearing pages with page boundaries, source note, and exclusion rationale for nonselected pages.",https://catalog.archives.gov/id/645607531,https://s3.amazonaws.com/NARAprodstorage/lz/presidential-libraries/bush/gb-rbc/country_470572294/41-bpr-dhm-cheney-country-31820-001.pdf
gap-pakistan-nuclear-companion-sources,High,Open,Pakistan,Pair the Pakistan nuclear sequence with non-H-Files sources,3,Potential lead to screen,Potential lead,catalog-lead-645607533,,Pakistan,1989-01-20,Pakistan [B],645607533,Cheney collection | Richard Cheney Collection | Country Files | Country Files | NAID 645607533,,High; High-priority source review lead; Online object available,High-priority source review lead,"Do Gates, Cheney, Haass, and H-Files companion records support or change the Pakistan nuclear/Pressler/F-16 selection arc?","Screen PDF text and promote policy-bearing pages with page boundaries, source note, and exclusion rationale for nonselected pages.",https://catalog.archives.gov/id/645607533,https://s3.amazonaws.com/NARAprodstorage/lz/presidential-libraries/bush/gb-rbc/country_470572294/41-bpr-dhm-cheney-country-31820-002.pdf
gap-pakistan-nuclear-companion-sources,High,Open,Pakistan,Pair the Pakistan nuclear sequence with non-H-Files sources,3,Potential lead to screen,Potential lead,catalog-lead-645607907,,Pakistan,1989-01-20,Pakistan [B],645607907,Cheney collection | Richard Cheney Collection | Country Files | Country Files | NAID 645607907,,High; High-priority source review lead; Online object available,High-priority source review lead,"Do Gates, Cheney, Haass, and H-Files companion records support or change the Pakistan nuclear/Pressler/F-16 selection arc?","Screen PDF text and promote policy-bearing pages with page boundaries, source note, and exclusion rationale for nonselected pages.",https://catalog.archives.gov/id/645607907,https://s3.amazonaws.com/NARAprodstorage/lz/presidential-libraries/bush/gb-rbc/country_470572294/41-bpr-dhm-cheney-country-31836-006.pdf
gap-pakistan-nuclear-companion-sources,High,Open,Pakistan,Pair the Pakistan nuclear sequence with non-H-Files sources,3,Potential lead to screen,Potential lead,catalog-lead-470437053,,Pakistan,1989-01-20,Pakistan-India,470437053,NSC files | Records of the National Security Council (George H. W. Bush Administration) | Robert M. Gates' Subject Files | Robert M. Gates' Subject Files | NAID 470437053,,High; High-priority source review lead; Online object available,High-priority source review lead,"Do Gates, Cheney, Haass, and H-Files companion records support or change the Pakistan nuclear/Pressler/F-16 selection arc?","Screen PDF text and promote policy-bearing pages with page boundaries, source note, and exclusion rationale for nonselected pages.",https://catalog.archives.gov/id/470437053,https://s3.dualstack.us-east-1.amazonaws.com/NARAprodstorage/lz/presidential-libraries/bush/gb-nsc/gates/subject_2554843/41-bpr-nsc-gates-subj-cf00946-012.pdf
gap-pakistan-nuclear-companion-sources,High,Open,Pakistan,Pair the Pakistan nuclear sequence with non-H-Files sources,4,Page-boundary pull,Potential lead,323150513,,Pakistan,1989-01-20,Bhutto Departure 6/6/89,323150513,Catalog lead | Records of the White House Office of Speechwriting (George H. W. Bush Administration) | Speech Draft Files | Speech Draft Files | NAID 323150513 | 41-bpr-speech-draft-chron-13490-003_323150513.pdf,,Restricted - Possibly; Online object available,high-priority gap target; catalog-derived title/source note; page count unresolved,"Do Gates, Cheney, Haass, and H-Files companion records support or change the Pakistan nuclear/Pressler/F-16 selection arc?","Open the PDF, identify policy-bearing pages, assign page boundaries, and record promote/exclude/cite-only rationale. Gap cue: Search India with Rao, Venkataraman, Gandhi, Shankar, Kashmir, nuclear, nonproliferation, economic reform, trade, and defense terms.",https://catalog.archives.gov/id/323150513,https://s3.amazonaws.com/NARAprodstorage/lz/presidential-libraries/bush/gb-spe/speechwriting_draft_chron_578973/41-bpr-speech-draft-chron-13490-003_323150513.pdf
gap-pakistan-nuclear-companion-sources,High,Open,Pakistan,Pair the Pakistan nuclear sequence with non-H-Files sources,4,Page-boundary pull,Potential lead,323152491,,Pakistan,1989-01-20,Departure Statement for Prime Minister Bhutto 6/6/89 [OA 6264],323152491,Catalog lead | Records of the White House Office of Speechwriting (George H. W. Bush Administration) | Speech Backup Chronological Files | Speech Backup Chronological Files | NAID 323152491 | 41-bpr-speech-backup-chron-13671-005_323152491.pdf,,Restricted - Possibly; Online object available,high-priority gap target; catalog-derived title/source note; page count unresolved,"Do Gates, Cheney, Haass, and H-Files companion records support or change the Pakistan nuclear/Pressler/F-16 selection arc?","Open the PDF, identify policy-bearing pages, assign page boundaries, and record promote/exclude/cite-only rationale. Gap cue: Search India with Rao, Venkataraman, Gandhi, Shankar, Kashmir, nuclear, nonproliferation, economic reform, trade, and defense terms.",https://catalog.archives.gov/id/323152491,https://s3.amazonaws.com/NARAprodstorage/lz/presidential-libraries/bush/gb-spe/speechwriting_backup_chron_579003/41-bpr-speech-backup-chron-13671-005_323152491.pdf
gap-pakistan-nuclear-companion-sources,High,Open,Pakistan,Pair the Pakistan nuclear sequence with non-H-Files sources,4,Page-boundary pull,Potential lead,645608235,,Pakistan,1989-01-20,Pakistan,645608235,Cheney collection | Richard Cheney Collection | Country Files | Country Files | NAID 645608235 | 41-bpr-dhm-cheney-country-31850-010.pdf,,Restricted - Partly; Online object available,high-priority gap target; promotion requires PDF screening; folder or staff-file source pool; catalog-derived title/source note; page count unresolved,"Do Gates, Cheney, Haass, and H-Files companion records support or change the Pakistan nuclear/Pressler/F-16 selection arc?","Open the PDF, identify policy-bearing pages, assign page boundaries, and record promote/exclude/cite-only rationale. Gap cue: Search India with Rao, Venkataraman, Gandhi, Shankar, Kashmir, nuclear, nonproliferation, economic reform, trade, and defense terms.",https://catalog.archives.gov/id/645608235,https://s3.amazonaws.com/NARAprodstorage/lz/presidential-libraries/bush/gb-rbc/country_470572294/41-bpr-dhm-cheney-country-31850-010.pdf
gap-pakistan-nuclear-companion-sources,High,Open,Pakistan,Pair the Pakistan nuclear sequence with non-H-Files sources,4,Page-boundary pull,Potential lead,645607905,,Pakistan,1989-01-20,Pakistan [A],645607905,Cheney collection | Richard Cheney Collection | Country Files | Country Files | NAID 645607905 | 41-bpr-dhm-cheney-country-31836-005.pdf,,Restricted - Partly; Online object available,high-priority gap target; promotion requires PDF screening; folder or staff-file source pool; catalog-derived title/source note; page count unresolved,"Do Gates, Cheney, Haass, and H-Files companion records support or change the Pakistan nuclear/Pressler/F-16 selection arc?","Open the PDF, identify policy-bearing pages, assign page boundaries, and record promote/exclude/cite-only rationale. Gap cue: Search India with Rao, Venkataraman, Gandhi, Shankar, Kashmir, nuclear, nonproliferation, economic reform, trade, and defense terms.",https://catalog.archives.gov/id/645607905,https://s3.amazonaws.com/NARAprodstorage/lz/presidential-libraries/bush/gb-rbc/country_470572294/41-bpr-dhm-cheney-country-31836-005.pdf
gap-pakistan-nuclear-companion-sources,High,Open,Pakistan,Pair the Pakistan nuclear sequence with non-H-Files sources,4,Page-boundary pull,Potential lead,645607531,,Pakistan,1989-01-20,Pakistan [A],645607531,Cheney collection | Richard Cheney Collection | Country Files | Country Files | NAID 645607531 | 41-bpr-dhm-cheney-country-31820-001.pdf,,Restricted - Partly; Online object available,high-priority gap target; promotion requires PDF screening; folder or staff-file source pool; catalog-derived title/source note; page count unresolved,"Do Gates, Cheney, Haass, and H-Files companion records support or change the Pakistan nuclear/Pressler/F-16 selection arc?","Open the PDF, identify policy-bearing pages, assign page boundaries, and record promote/exclude/cite-only rationale. Gap cue: Search India with Rao, Venkataraman, Gandhi, Shankar, Kashmir, nuclear, nonproliferation, economic reform, trade, and defense terms.",https://catalog.archives.gov/id/645607531,https://s3.amazonaws.com/NARAprodstorage/lz/presidential-libraries/bush/gb-rbc/country_470572294/41-bpr-dhm-cheney-country-31820-001.pdf
gap-pakistan-nuclear-companion-sources,High,Open,Pakistan,Pair the Pakistan nuclear sequence with non-H-Files sources,4,Page-boundary pull,Potential lead,645607533,,Pakistan,1989-01-20,Pakistan [B],645607533,Cheney collection | Richard Cheney Collection | Country Files | Country Files | NAID 645607533 | 41-bpr-dhm-cheney-country-31820-002.pdf,,Restricted - Partly; Online object available,high-priority gap target; promotion requires PDF screening; folder or staff-file source pool; catalog-derived title/source note; page count unresolved,"Do Gates, Cheney, Haass, and H-Files companion records support or change the Pakistan nuclear/Pressler/F-16 selection arc?","Open the PDF, identify policy-bearing pages, assign page boundaries, and record promote/exclude/cite-only rationale. Gap cue: Search India with Rao, Venkataraman, Gandhi, Shankar, Kashmir, nuclear, nonproliferation, economic reform, trade, and defense terms.",https://catalog.archives.gov/id/645607533,https://s3.amazonaws.com/NARAprodstorage/lz/presidential-libraries/bush/gb-rbc/country_470572294/41-bpr-dhm-cheney-country-31820-002.pdf
gap-pakistan-nuclear-companion-sources,High,Open,Pakistan,Pair the Pakistan nuclear sequence with non-H-Files sources,4,Page-boundary pull,Potential lead,645607907,,Pakistan,1989-01-20,Pakistan [B],645607907,Cheney collection | Richard Cheney Collection | Country Files | Country Files | NAID 645607907 | 41-bpr-dhm-cheney-country-31836-006.pdf,,Restricted - Partly; Online object available,high-priority gap target; promotion requires PDF screening; folder or staff-file source pool; catalog-derived title/source note; page count unresolved,"Do Gates, Cheney, Haass, and H-Files companion records support or change the Pakistan nuclear/Pressler/F-16 selection arc?","Open the PDF, identify policy-bearing pages, assign page boundaries, and record promote/exclude/cite-only rationale. Gap cue: Search India with Rao, Venkataraman, Gandhi, Shankar, Kashmir, nuclear, nonproliferation, economic reform, trade, and defense terms.",https://catalog.archives.gov/id/645607907,https://s3.amazonaws.com/NARAprodstorage/lz/presidential-libraries/bush/gb-rbc/country_470572294/41-bpr-dhm-cheney-country-31836-006.pdf
gap-pakistan-nuclear-companion-sources,High,Open,Pakistan,Pair the Pakistan nuclear sequence with non-H-Files sources,4,Page-boundary pull,Potential lead,470437053,,Pakistan,1989-01-20,Pakistan-India,470437053,NSC files | Records of the National Security Council (George H. W. Bush Administration) | Robert M. Gates' Subject Files | Robert M. Gates' Subject Files | NAID 470437053 | 41-bpr-nsc-gates-subj-cf00946-012.pdf,,Restricted - Possibly; Online object available,high-priority gap target; promotion requires PDF screening; folder or staff-file source pool; catalog-derived title/source note; page count unresolved,"Do Gates, Cheney, Haass, and H-Files companion records support or change the Pakistan nuclear/Pressler/F-16 selection arc?","Open the PDF, identify policy-bearing pages, assign page boundaries, and record promote/exclude/cite-only rationale. Gap cue: Search India with Rao, Venkataraman, Gandhi, Shankar, Kashmir, nuclear, nonproliferation, economic reform, trade, and defense terms.",https://catalog.archives.gov/id/470437053,https://s3.dualstack.us-east-1.amazonaws.com/NARAprodstorage/lz/presidential-libraries/bush/gb-nsc/gates/subject_2554843/41-bpr-nsc-gates-subj-cf00946-012.pdf
gap-pakistan-nuclear-companion-sources,High,Open,Pakistan,Pair the Pakistan nuclear sequence with non-H-Files sources,4,Page-boundary pull,Confirmed record,428079777,2.001,Pakistan,1989-01-23,Memorandum of Telephone Conversation,428079777; [Memorandum of Telephone Conversations (Telcons) - January 1989-July 1989]: January 1989,Presidential Telcon Files | Records of the National Security Council (George H. W. Bush Administration) | Presidential Telcon Files | [Memorandum of Telephone Conversations (Telcons) - January 1989-July 1989]: January 1989 | 1989-01-23--Bhutto.pdf,1 page,Full,high-priority gap target; source page range not fixed; catalog-derived title/source note,"Do Gates, Cheney, Haass, and H-Files companion records support or change the Pakistan nuclear/Pressler/F-16 selection arc?","Open the PDF, verify item-level page boundaries and title, then update source note or decision log if the folder contains multiple documents. Gap cue: Prioritize Gates Subject File 470437053 and Pakistan H-Files 470426231, 470426238, and 470426240.",https://catalog.archives.gov/id/428079777,https://s3.us-east-1.amazonaws.com/NARAprodstorage/lz/presidential-libraries/bush/gb-nsc/321498139/1989-01-23--Bhutto.pdf
gap-pakistan-nuclear-companion-sources,High,Open,Pakistan,Pair the Pakistan nuclear sequence with non-H-Files sources,4,Page-boundary pull,Confirmed record,428079809,2.002,Pakistan,1989-01-25,Memorandum of Telephone Conversation,428079809; [Memorandum of Telephone Conversations (Telcons) - January 1989-July 1989]: January 1989,Presidential Telcon Files | Records of the National Security Council (George H. W. Bush Administration) | Presidential Telcon Files | [Memorandum of Telephone Conversations (Telcons) - January 1989-July 1989]: January 1989 | 1989-01-25--Khan.pdf,1 page,Full,high-priority gap target; source page range not fixed; catalog-derived title/source note,"Do Gates, Cheney, Haass, and H-Files companion records support or change the Pakistan nuclear/Pressler/F-16 selection arc?","Open the PDF, verify item-level page boundaries and title, then update source note or decision log if the folder contains multiple documents. Gap cue: Prioritize Gates Subject File 470437053 and Pakistan H-Files 470426231, 470426238, and 470426240.",https://catalog.archives.gov/id/428079809,https://s3.us-east-1.amazonaws.com/NARAprodstorage/lz/presidential-libraries/bush/gb-nsc/321498139/1989-01-25--Khan.pdf
gap-pakistan-nuclear-companion-sources,High,Open,Pakistan,Pair the Pakistan nuclear sequence with non-H-Files sources,4,Page-boundary pull,Confirmed record,428079859,2.003,Pakistan,1989-02-24,Memorandum of Conversation,428079859; [Memorandum of Conversations (Memcons)-January 1989-May 1989]: February 1989,Presidential Memcon Files | Records of the National Security Council (George H. W. Bush Administration) | Presidential Memcon Files | [Memorandum of Conversations (Memcons)-January 1989-May 1989]: February 1989 | 1989-02-24--Bhutto.pdf,7 pages,Full,high-priority gap target; source page range not fixed; catalog-derived title/source note,"Do Gates, Cheney, Haass, and H-Files companion records support or change the Pakistan nuclear/Pressler/F-16 selection arc?","Open the PDF, verify item-level page boundaries and title, then update source note or decision log if the folder contains multiple documents. Gap cue: Prioritize Gates Subject File 470437053 and Pakistan H-Files 470426231, 470426238, and 470426240.",https://catalog.archives.gov/id/428079859,https://s3.us-east-1.amazonaws.com/NARAprodstorage/lz/presidential-libraries/bush/gb-nsc/321498039/1989-02-24--Bhutto.pdf
gap-pakistan-nuclear-companion-sources,High,Open,Pakistan,Pair the Pakistan nuclear sequence with non-H-Files sources,4,Page-boundary pull,Confirmed record,428080031,2.005,Pakistan,1989-06-06,Memorandum of Conversation,428080031; [Memorandum of Conversations (Memcons) - June 1989-December 1989]: June 1989,Presidential Memcon Files | Records of the National Security Council (George H. W. Bush Administration) | Presidential Memcon Files | [Memorandum of Conversations (Memcons) - June 1989-December 1989]: June 1989 | 1989-06-06--Bhutto.pdf,3 pages,Full,high-priority gap target; folder or staff-file source pool; source page range not fixed; catalog-derived title/source note,"Do Gates, Cheney, Haass, and H-Files companion records support or change the Pakistan nuclear/Pressler/F-16 selection arc?","Open the PDF, verify item-level page boundaries and title, then update source note or decision log if the folder contains multiple documents. Gap cue: Prioritize Gates Subject File 470437053 and Pakistan H-Files 470426231, 470426238, and 470426240.",https://catalog.archives.gov/id/428080031,https://s3.us-east-1.amazonaws.com/NARAprodstorage/lz/presidential-libraries/bush/gb-nsc/321498039/1989-06-06--Bhutto.pdf
gap-pakistan-nuclear-companion-sources,High,Open,Pakistan,Pair the Pakistan nuclear sequence with non-H-Files sources,4,Page-boundary pull,Confirmed record,428080061,2.009,Pakistan,1989-06-10,Memorandum of Telephone Conversation,428080061; [Memorandum of Telephone Conversations (Telcons) - January 1989-July 1989]: June 1989,Presidential Telcon Files | Records of the National Security Council (George H. W. Bush Administration) | Presidential Telcon Files | [Memorandum of Telephone Conversations (Telcons) - January 1989-July 1989]: June 1989 | 1989-06-10--Bhutto.pdf,1 page,Full,high-priority gap target; source page range not fixed; catalog-derived title/source note,"Do Gates, Cheney, Haass, and H-Files companion records support or change the Pakistan nuclear/Pressler/F-16 selection arc?","Open the PDF, verify item-level page boundaries and title, then update source note or decision log if the folder contains multiple documents. Gap cue: Prioritize Gates Subject File 470437053 and Pakistan H-Files 470426231, 470426238, and 470426240.",https://catalog.archives.gov/id/428080061,https://s3.us-east-1.amazonaws.com/NARAprodstorage/lz/presidential-libraries/bush/gb-nsc/321498139/1989-06-10--Bhutto.pdf
gap-pakistan-nuclear-companion-sources,High,Open,Pakistan,Pair the Pakistan nuclear sequence with non-H-Files sources,4,Page-boundary pull,Confirmed record,428080169,2.010,Pakistan,1989-08-05,Memorandum of Telephone Conversation,428080169; [Memorandum of Telephone Conversations (Telcons) - August 1989-December 1989]: August 1989,Presidential Telcon Files | Records of the National Security Council (George H. W. Bush Administration) | Presidential Telcon Files | [Memorandum of Telephone Conversations (Telcons) - August 1989-December 1989]: August 1989 | 1989-08-05--Bhutto.pdf,2 pages,Full,high-priority gap target; source page range not fixed; catalog-derived title/source note,"Do Gates, Cheney, Haass, and H-Files companion records support or change the Pakistan nuclear/Pressler/F-16 selection arc?","Open the PDF, verify item-level page boundaries and title, then update source note or decision log if the folder contains multiple documents. Gap cue: Prioritize Gates Subject File 470437053 and Pakistan H-Files 470426231, 470426238, and 470426240.",https://catalog.archives.gov/id/428080169,https://s3.us-east-1.amazonaws.com/NARAprodstorage/lz/presidential-libraries/bush/gb-nsc/321498139/1989-08-05--Bhutto.pdf
gap-pakistan-nuclear-companion-sources,High,Open,Pakistan,Pair the Pakistan nuclear sequence with non-H-Files sources,4,Page-boundary pull,Confirmed record,428080317,2.011,Pakistan,1989-11-01,Memorandum of Telephone Conversation,428080317; [Memorandum of Telephone Conversations (Telcons) - August 1989-December 1989]: November 1989,Presidential Telcon Files | Records of the National Security Council (George H. W. Bush Administration) | Presidential Telcon Files | [Memorandum of Telephone Conversations (Telcons) - August 1989-December 1989]: November 1989 | 1989-11-01--Bhutto.pdf,3 pages,Full,high-priority gap target; catalog-derived title/source note,"Do Gates, Cheney, Haass, and H-Files companion records support or change the Pakistan nuclear/Pressler/F-16 selection arc?","Open the PDF, verify item-level page boundaries and title, then update source note or decision log if the folder contains multiple documents. Gap cue: Prioritize Gates Subject File 470437053 and Pakistan H-Files 470426231, 470426238, and 470426240.",https://catalog.archives.gov/id/428080317,https://s3.us-east-1.amazonaws.com/NARAprodstorage/lz/presidential-libraries/bush/gb-nsc/321498139/1989-11-01--Bhutto.pdf
gap-pakistan-nuclear-companion-sources,High,Open,Pakistan,Pair the Pakistan nuclear sequence with non-H-Files sources,4,Page-boundary pull,Confirmed record,470761101,2.012,Pakistan,1990-03-26,"NSC/DC 112 - March 26, 1990 - NSC/DC Meeting on Kashmir, Keywords: Pakistan",470761101; 90013-024,H-Files - National Security Council (NSC)/Deputies Committee (DC) Meetings Files | Records of the National Security Council (George H. W. Bush Administration) | H-Files - National Security Council (NSC)/Deputies Committee (DC) Meetings Files | 90013-024 | 41-bpr-nsc-hfiles-dc_mtgs-112-90013-024.pdf,13 pages,Restricted - Possibly,high-priority gap target; folder or staff-file source pool; access review affects selection; source page range not fixed; catalog-derived title/source note,"Do Gates, Cheney, Haass, and H-Files companion records support or change the Pakistan nuclear/Pressler/F-16 selection arc?","Open the PDF, verify item-level page boundaries and title, then update source note or decision log if the folder contains multiple documents. Gap cue: Search India with Rao, Venkataraman, Gandhi, Shankar, Kashmir, nuclear, nonproliferation, economic reform, trade, and defense terms.",https://catalog.archives.gov/id/470761101,https://s3.amazonaws.com/NARAprodstorage/lz/presidential-libraries/bush/gb-nsc/H-Files/NSC-DC_Mtgs_312294079/41-bpr-nsc-hfiles-dc_mtgs-112-90013-024.pdf
gap-pakistan-nuclear-companion-sources,High,Open,Pakistan,Pair the Pakistan nuclear sequence with non-H-Files sources,4,Page-boundary pull,Confirmed record,470761116,2.013,Pakistan,1990-05-07,"NSC/DC 124 - May 07, 1990 - NSC/DC Meeting re: Pakistan Stingers, Keywords: Pakistan (File located @ LM)",470761116; 90014-013,H-Files - National Security Council (NSC)/Deputies Committee (DC) Meetings Files | Records of the National Security Council (George H. W. Bush Administration) | H-Files - National Security Council (NSC)/Deputies Committee (DC) Meetings Files | 90014-013 | 41-bpr-nsc-hfiles-dc_mtgs-124-90014-013.pdf,42 pages,Restricted - Possibly,high-priority gap target; folder or staff-file source pool; access review affects selection; large PDF extent; source page range not fixed; catalog-derived title/source note,"Do Gates, Cheney, Haass, and H-Files companion records support or change the Pakistan nuclear/Pressler/F-16 selection arc?","Open the PDF, verify item-level page boundaries and title, then update source note or decision log if the folder contains multiple documents. Gap cue: Prioritize Gates Subject File 470437053 and Pakistan H-Files 470426231, 470426238, and 470426240.",https://catalog.archives.gov/id/470761116,https://s3.amazonaws.com/NARAprodstorage/lz/presidential-libraries/bush/gb-nsc/H-Files/NSC-DC_Mtgs_312294079/41-bpr-nsc-hfiles-dc_mtgs-124-90014-013.pdf
gap-pakistan-nuclear-companion-sources,High,Open,Pakistan,Pair the Pakistan nuclear sequence with non-H-Files sources,4,Page-boundary pull,Confirmed record,470761140,2.014,Pakistan,1990-06-28,"NSC/DC 147 - June 28, 1990 - NSC/DC Meeting on Pakistan's Nuclear Program, Keywords: Pakistan, Nuclear Matters",470761140; 90015-005,H-Files - National Security Council (NSC)/Deputies Committee (DC) Meetings Files | Records of the National Security Council (George H. W. Bush Administration) | H-Files - National Security Council (NSC)/Deputies Committee (DC) Meetings Files | 90015-005 | 41-bpr-nsc-hfiles-dc_mtgs-147-90015-005.pdf,24 pages,Restricted - Possibly,high-priority gap target; folder or staff-file source pool; access review affects selection; large PDF extent; source page range not fixed; catalog-derived title/source note,"Do Gates, Cheney, Haass, and H-Files companion records support or change the Pakistan nuclear/Pressler/F-16 selection arc?","Open the PDF, verify item-level page boundaries and title, then update source note or decision log if the folder contains multiple documents. Gap cue: Search India with Rao, Venkataraman, Gandhi, Shankar, Kashmir, nuclear, nonproliferation, economic reform, trade, and defense terms.",https://catalog.archives.gov/id/470761140,https://s3.amazonaws.com/NARAprodstorage/lz/presidential-libraries/bush/gb-nsc/H-Files/NSC-DC_Mtgs_312294079/41-bpr-nsc-hfiles-dc_mtgs-147-90015-005.pdf
gap-pakistan-nuclear-companion-sources,High,Open,Pakistan,Pair the Pakistan nuclear sequence with non-H-Files sources,4,Page-boundary pull,Confirmed record,470426229,2.015,Pakistan,1990-06-30,"NSC/DC [Deputies Committee] Meeting - June 30, 1990 Re: Pakistan",470426229; CF01625-018,Richard N. Haass' Meeting Files | Records of the National Security Council (George H. W. Bush Administration) | Richard N. Haass' Meeting Files | CF01625-018 | 41-bpr-nsc-haass_meeting-cf01625-018.pdf,14 pages,Restricted - Possibly,high-priority gap target; folder or staff-file source pool; access review affects selection; source page range not fixed; catalog-derived title/source note,"Do Gates, Cheney, Haass, and H-Files companion records support or change the Pakistan nuclear/Pressler/F-16 selection arc?","Open the PDF, verify item-level page boundaries and title, then update source note or decision log if the folder contains multiple documents. Gap cue: Prioritize Gates Subject File 470437053 and Pakistan H-Files 470426231, 470426238, and 470426240.",https://catalog.archives.gov/id/470426229,https://s3.dualstack.us-east-1.amazonaws.com/NARAprodstorage/lz/presidential-libraries/bush/gb-nsc/haass/meeting_2554866/41-bpr-nsc-haass_meeting-cf01625-018.pdf
gap-pakistan-nuclear-companion-sources,High,Open,Pakistan,Pair the Pakistan nuclear sequence with non-H-Files sources,4,Page-boundary pull,Confirmed record,470761146,2.016,Pakistan,1990-07-09,"NSC/DC 154 - July 09, 1990 - NSC/DC Meeting on Pakistan Nuclear Program, Keywords: Pakistan, Nuclear Matters",470761146; 90015-012,H-Files - National Security Council (NSC)/Deputies Committee (DC) Meetings Files | Records of the National Security Council (George H. W. Bush Administration) | H-Files - National Security Council (NSC)/Deputies Committee (DC) Meetings Files | 90015-012 | 41-bpr-nsc-hfiles-dc_mtgs-154-90015-012.pdf,10 pages,Restricted - Possibly,high-priority gap target; folder or staff-file source pool; access review affects selection; source page range not fixed; catalog-derived title/source note,"Do Gates, Cheney, Haass, and H-Files companion records support or change the Pakistan nuclear/Pressler/F-16 selection arc?","Open the PDF, verify item-level page boundaries and title, then update source note or decision log if the folder contains multiple documents. Gap cue: Search India with Rao, Venkataraman, Gandhi, Shankar, Kashmir, nuclear, nonproliferation, economic reform, trade, and defense terms.",https://catalog.archives.gov/id/470761146,https://s3.amazonaws.com/NARAprodstorage/lz/presidential-libraries/bush/gb-nsc/H-Files/NSC-DC_Mtgs_312294079/41-bpr-nsc-hfiles-dc_mtgs-154-90015-012.pdf
gap-pakistan-nuclear-companion-sources,High,Open,Pakistan,Pair the Pakistan nuclear sequence with non-H-Files sources,4,Page-boundary pull,Confirmed record,470426231,2.017,Pakistan,1990-07-16,"NSC/DC Meeting - July 16, 1990 Re: Pakistan Nuclear Program",470426231; CF01625-020,Richard N. Haass' Meeting Files | Records of the National Security Council (George H. W. Bush Administration) | Richard N. Haass' Meeting Files | CF01625-020 | 41-bpr-nsc-haass_meeting-cf01625-020.pdf,29 pages,Restricted - Possibly,critical gap target; high-priority gap target; folder or staff-file source pool; access review affects selection; large PDF extent; source page range not fixed; catalog-derived title/source note,"Do Gates, Cheney, Haass, and H-Files companion records support or change the Pakistan nuclear/Pressler/F-16 selection arc?","Open the PDF, verify item-level page boundaries and title, then update source note or decision log if the folder contains multiple documents. Gap cue: Prioritize Haass Working Files 470426597, Haass Meeting File 470426255, Mojaddedi 470426381, Bangladesh Zia 428082145, and Pakistan nuclear meeting files 470426231, 470426238, and 470426240.",https://catalog.archives.gov/id/470426231,https://s3.dualstack.us-east-1.amazonaws.com/NARAprodstorage/lz/presidential-libraries/bush/gb-nsc/haass/meeting_2554866/41-bpr-nsc-haass_meeting-cf01625-020.pdf
gap-pakistan-nuclear-companion-sources,High,Open,Pakistan,Pair the Pakistan nuclear sequence with non-H-Files sources,4,Page-boundary pull,Confirmed record,470761184,2.018,Pakistan,1990-08-31,"NSC/DC 190 - August 31, 1990 - NSC/DC Meeting on Pakistan Nuclear Program, Keywords: Pakistan, Nuclear Matters",470761184; 90016-018,H-Files - National Security Council (NSC)/Deputies Committee (DC) Meetings Files | Records of the National Security Council (George H. W. Bush Administration) | H-Files - National Security Council (NSC)/Deputies Committee (DC) Meetings Files | 90016-018 | 41-bpr-nsc-hfiles-dc_mtgs-190-90016-018.pdf,37 pages,Restricted - Possibly,high-priority gap target; folder or staff-file source pool; access review affects selection; large PDF extent; source page range not fixed; catalog-derived title/source note,"Do Gates, Cheney, Haass, and H-Files companion records support or change the Pakistan nuclear/Pressler/F-16 selection arc?","Open the PDF, verify item-level page boundaries and title, then update source note or decision log if the folder contains multiple documents. Gap cue: Search India with Rao, Venkataraman, Gandhi, Shankar, Kashmir, nuclear, nonproliferation, economic reform, trade, and defense terms.",https://catalog.archives.gov/id/470761184,https://s3.amazonaws.com/NARAprodstorage/lz/presidential-libraries/bush/gb-nsc/H-Files/NSC-DC_Mtgs_312294079/41-bpr-nsc-hfiles-dc_mtgs-190-90016-018.pdf
gap-pakistan-nuclear-companion-sources,High,Open,Pakistan,Pair the Pakistan nuclear sequence with non-H-Files sources,4,Page-boundary pull,Confirmed record,470761189,2.019,Pakistan,1990-09-05,"NSC/DC 193A - September 05, 1990 - NSC/DC Meeting on Pakistan, Keywords: Pakistan, Nuclear Matters",470761189; 90016-023,H-Files - National Security Council (NSC)/Deputies Committee (DC) Meetings Files | Records of the National Security Council (George H. W. Bush Administration) | H-Files - National Security Council (NSC)/Deputies Committee (DC) Meetings Files | 90016-023 | 41-bpr-nsc-hfiles-dc_mtgs-193a-90016-023.pdf,11 pages,Restricted - Possibly,high-priority gap target; folder or staff-file source pool; access review affects selection; source page range not fixed; catalog-derived title/source note,"Do Gates, Cheney, Haass, and H-Files companion records support or change the Pakistan nuclear/Pressler/F-16 selection arc?","Open the PDF, verify item-level page boundaries and title, then update source note or decision log if the folder contains multiple documents. Gap cue: Search India with Rao, Venkataraman, Gandhi, Shankar, Kashmir, nuclear, nonproliferation, economic reform, trade, and defense terms.",https://catalog.archives.gov/id/470761189,https://s3.amazonaws.com/NARAprodstorage/lz/presidential-libraries/bush/gb-nsc/H-Files/NSC-DC_Mtgs_312294079/41-bpr-nsc-hfiles-dc_mtgs-193a-90016-023.pdf
gap-pakistan-nuclear-companion-sources,High,Open,Pakistan,Pair the Pakistan nuclear sequence with non-H-Files sources,4,Page-boundary pull,Confirmed record,470761204,2.020,Pakistan,1990-10-02,"NSC/DC 205 - October 02, 1990 - NSC/DC Meeting on Pakistan Nuclear Program via SVTS, Keywords: Pakistan, Nuclear Matters",470761204; 90016-038,H-Files - National Security Council (NSC)/Deputies Committee (DC) Meetings Files | Records of the National Security Council (George H. W. Bush Administration) | H-Files - National Security Council (NSC)/Deputies Committee (DC) Meetings Files | 90016-038 | 41-bpr-nsc-hfiles-dc_mtgs-205-90016-038.pdf,24 pages,Restricted - Possibly,high-priority gap target; folder or staff-file source pool; access review affects selection; large PDF extent; source page range not fixed; catalog-derived title/source note,"Do Gates, Cheney, Haass, and H-Files companion records support or change the Pakistan nuclear/Pressler/F-16 selection arc?","Open the PDF, verify item-level page boundaries and title, then update source note or decision log if the folder contains multiple documents. Gap cue: Search India with Rao, Venkataraman, Gandhi, Shankar, Kashmir, nuclear, nonproliferation, economic reform, trade, and defense terms.",https://catalog.archives.gov/id/470761204,https://s3.amazonaws.com/NARAprodstorage/lz/presidential-libraries/bush/gb-nsc/H-Files/NSC-DC_Mtgs_312294079/41-bpr-nsc-hfiles-dc_mtgs-205-90016-038.pdf
gap-pakistan-nuclear-companion-sources,High,Open,Pakistan,Pair the Pakistan nuclear sequence with non-H-Files sources,4,Page-boundary pull,Confirmed record,470426238,2.021,Pakistan,1990-10-04,"NSC/DC [Deputies Committee] Meeting - October 4, 1990 Re: Pakistan",470426238; CF01625-027,Richard N. Haass' Meeting Files | Records of the National Security Council (George H. W. Bush Administration) | Richard N. Haass' Meeting Files | CF01625-027 | 41-bpr-nsc-haass_meeting-cf01625-027.pdf,8 pages,Restricted - Possibly,critical gap target; high-priority gap target; folder or staff-file source pool; access review affects selection; source page range not fixed; catalog-derived title/source note,"Do Gates, Cheney, Haass, and H-Files companion records support or change the Pakistan nuclear/Pressler/F-16 selection arc?","Open the PDF, verify item-level page boundaries and title, then update source note or decision log if the folder contains multiple documents. Gap cue: Prioritize Haass Working Files 470426597, Haass Meeting File 470426255, Mojaddedi 470426381, Bangladesh Zia 428082145, and Pakistan nuclear meeting files 470426231, 470426238, and 470426240.",https://catalog.archives.gov/id/470426238,https://s3.dualstack.us-east-1.amazonaws.com/NARAprodstorage/lz/presidential-libraries/bush/gb-nsc/haass/meeting_2554866/41-bpr-nsc-haass_meeting-cf01625-027.pdf
gap-pakistan-nuclear-companion-sources,High,Open,Pakistan,Pair the Pakistan nuclear sequence with non-H-Files sources,4,Page-boundary pull,Confirmed record,470761207,2.022,Pakistan,1990-10-05,"NSC/DC 208 - October 05, 1990 - NSC/DC Meeting on Pakistan via SVTS, Keywords: Pakistan",470761207; 90017-001,H-Files - National Security Council (NSC)/Deputies Committee (DC) Meetings Files | Records of the National Security Council (George H. W. Bush Administration) | H-Files - National Security Council (NSC)/Deputies Committee (DC) Meetings Files | 90017-001 | 41-bpr-nsc-hfiles-dc_mtgs-208-90017-001.pdf,11 pages,Restricted - Possibly,high-priority gap target; folder or staff-file source pool; access review affects selection; source page range not fixed; catalog-derived title/source note,"Do Gates, Cheney, Haass, and H-Files companion records support or change the Pakistan nuclear/Pressler/F-16 selection arc?","Open the PDF, verify item-level page boundaries and title, then update source note or decision log if the folder contains multiple documents. Gap cue: Prioritize Gates Subject File 470437053 and Pakistan H-Files 470426231, 470426238, and 470426240.",https://catalog.archives.gov/id/470761207,https://s3.amazonaws.com/NARAprodstorage/lz/presidential-libraries/bush/gb-nsc/H-Files/NSC-DC_Mtgs_312294079/41-bpr-nsc-hfiles-dc_mtgs-208-90017-001.pdf
gap-pakistan-nuclear-companion-sources,High,Open,Pakistan,Pair the Pakistan nuclear sequence with non-H-Files sources,4,Page-boundary pull,Confirmed record,470426240,2.023,Pakistan,1990-10-09,"NSC/DC Meeting - October 9, 1990 Re: Pakistan",470426240; CF01625-029,Richard N. Haass' Meeting Files | Records of the National Security Council (George H. W. Bush Administration) | Richard N. Haass' Meeting Files | CF01625-029 | 41-bpr-nsc-haass_meeting-cf01625-029.pdf,81 pages,Restricted - Possibly,critical gap target; high-priority gap target; folder or staff-file source pool; access review affects selection; large PDF extent; source page range not fixed; catalog-derived title/source note,"Do Gates, Cheney, Haass, and H-Files companion records support or change the Pakistan nuclear/Pressler/F-16 selection arc?","Open the PDF, verify item-level page boundaries and title, then update source note or decision log if the folder contains multiple documents. Gap cue: Prioritize Haass Working Files 470426597, Haass Meeting File 470426255, Mojaddedi 470426381, Bangladesh Zia 428082145, and Pakistan nuclear meeting files 470426231, 470426238, and 470426240.",https://catalog.archives.gov/id/470426240,https://s3.dualstack.us-east-1.amazonaws.com/NARAprodstorage/lz/presidential-libraries/bush/gb-nsc/haass/meeting_2554866/41-bpr-nsc-haass_meeting-cf01625-029.pdf
gap-pakistan-nuclear-companion-sources,High,Open,Pakistan,Pair the Pakistan nuclear sequence with non-H-Files sources,4,Page-boundary pull,Confirmed record,470760963,2.024,Pakistan,1990-10-09,"NSC0056 - October 09, 1990 - Nuclear Matters, Middle East and Gulf, Proliferation [1]",470760963; 90002-025,H-Files - National Security Council (NSC) Meeting Files | Records of the National Security Council (George H. W. Bush Administration) | H-Files - National Security Council (NSC) Meeting Files | 90002-025 | 41-bpr-nsc-hfiles-nsc_mtgs-56_1-90002-025.pdf,42 pages,Restricted - Possibly,high-priority gap target; folder or staff-file source pool; access review affects selection; large PDF extent; source page range not fixed; catalog-derived title/source note,"Do Gates, Cheney, Haass, and H-Files companion records support or change the Pakistan nuclear/Pressler/F-16 selection arc?","Open the PDF, verify item-level page boundaries and title, then update source note or decision log if the folder contains multiple documents. Gap cue: Search India with Rao, Venkataraman, Gandhi, Shankar, Kashmir, nuclear, nonproliferation, economic reform, trade, and defense terms.",https://catalog.archives.gov/id/470760963,https://s3.amazonaws.com/NARAprodstorage/lz/presidential-libraries/bush/gb-nsc/H-Files/NSC_Mtgs_312293887/41-bpr-nsc-hfiles-nsc_mtgs-56_1-90002-025.pdf
gap-pakistan-nuclear-companion-sources,High,Open,Pakistan,Pair the Pakistan nuclear sequence with non-H-Files sources,4,Page-boundary pull,Confirmed record,470760964,2.025,Pakistan,1990-10-09,"NSC0056 - October 09, 1990 - Nuclear Matters, Middle East and Gulf, Proliferation [2]",470760964; 90002-026,H-Files - National Security Council (NSC) Meeting Files | Records of the National Security Council (George H. W. Bush Administration) | H-Files - National Security Council (NSC) Meeting Files | 90002-026 | 41-bpr-nsc-hfiles-nsc_mtgs-56_2-90002-026.pdf,42 pages,Restricted - Possibly,high-priority gap target; folder or staff-file source pool; access review affects selection; large PDF extent; source page range not fixed; catalog-derived title/source note,"Do Gates, Cheney, Haass, and H-Files companion records support or change the Pakistan nuclear/Pressler/F-16 selection arc?","Open the PDF, verify item-level page boundaries and title, then update source note or decision log if the folder contains multiple documents. Gap cue: Search India with Rao, Venkataraman, Gandhi, Shankar, Kashmir, nuclear, nonproliferation, economic reform, trade, and defense terms.",https://catalog.archives.gov/id/470760964,https://s3.amazonaws.com/NARAprodstorage/lz/presidential-libraries/bush/gb-nsc/H-Files/NSC_Mtgs_312293887/41-bpr-nsc-hfiles-nsc_mtgs-56_2-90002-026.pdf
gap-pakistan-nuclear-companion-sources,High,Open,Pakistan,Pair the Pakistan nuclear sequence with non-H-Files sources,4,Page-boundary pull,Confirmed record,446396904,2.028,Pakistan,1992-07-10,"NSD-70 - July 10, 1992 - U.S. Nonproliferation Policy",446396904; 90005-020,H-Files - National Security Directive (NSD) Files | Records of the National Security Council (George H. W. Bush Administration) | H-Files - National Security Directive (NSD) Files | 90005-020 | 41-bpr-nsc-hfiles-nsd-70-90005-020.pdf,101 pages,Restricted - Possibly,high-priority gap target; folder or staff-file source pool; access review affects selection; large PDF extent; source page range not fixed; catalog-derived title/source note,"Do Gates, Cheney, Haass, and H-Files companion records support or change the Pakistan nuclear/Pressler/F-16 selection arc?","Open the PDF, verify item-level page boundaries and title, then update source note or decision log if the folder contains multiple documents. Gap cue: Prioritize Gates Subject File 470437053 and Pakistan H-Files 470426231, 470426238, and 470426240.",https://catalog.archives.gov/id/446396904,https://s3.amazonaws.com/NARAprodstorage/lz/presidential-libraries/bush/gb-nsc/H-Files/NSDs_313189290/41-bpr-nsc-hfiles-nsd-70-90005-020.pdf
gap-pakistan-nuclear-companion-sources,High,Open,Pakistan,Pair the Pakistan nuclear sequence with non-H-Files sources,4,Page-boundary pull,Confirmed record,428082401,2.029,Pakistan,1992-12-03,Memorandum of Telephone Conversation,428082401; [Memorandum of Telephone Conversations (Telcons) - July 1992-January 1993]:  December 1992,Presidential Telcon Files | Records of the National Security Council (George H. W. Bush Administration) | Presidential Telcon Files | [Memorandum of Telephone Conversations (Telcons) - July 1992-January 1993]:  December 1992 | 1992-12-03--Sharif.pdf,2 pages,Partial,high-priority gap target; source page range not fixed; catalog-derived title/source note,"Do Gates, Cheney, Haass, and H-Files companion records support or change the Pakistan nuclear/Pressler/F-16 selection arc?","Open the PDF, verify item-level page boundaries and title, then update source note or decision log if the folder contains multiple documents. Gap cue: Prioritize Gates Subject File 470437053 and Pakistan H-Files 470426231, 470426238, and 470426240.",https://catalog.archives.gov/id/428082401,https://s3.us-east-1.amazonaws.com/NARAprodstorage/lz/presidential-libraries/bush/gb-nsc/321498139/1992-12-03--Sharif.pdf
gap-cheney-country-files,High,Triaged,Source Expansion,Screen Cheney Country Files before closing the source search,0,Gap brief,Gap brief,gap-cheney-country-files,,Source Expansion,,Screen Cheney Country Files before closing the source search,645607685; 645607321; 645607323; 645608235; 645607905; 645607531; 645607533; 645607907; 645607415; 645608141; 645607135; 645608143; 645607137; 645607805; 645607807; 645608041,Richard Cheney Collection; Country Files,,Triaged,"Screen the Cheney PDFs, score policy-bearing pages, and decide which should become confirmed candidate documents or source-note/context material.","Do Gates, Cheney, Haass, and H-Files companion records support or change the Pakistan nuclear/Pressler/F-16 selection arc?","Review Afghanistan files 645607685, 645607321, and 645607323.",,
gap-cheney-country-files,High,Triaged,Source Expansion,Screen Cheney Country Files before closing the source search,1,Chapter lane,Chapter lane,"Afghanistan:Afghanistan policy, civil war, and aid",,Afghanistan,,"Afghanistan policy, civil war, and aid",645607685; 645607321; 645607323; 645608235; 645607905; 645607531; 645607533; 645607907; 645607415; 645608141; 645607135; 645608143; 645607137; 645607805; 645607807; 645608041,Richard Cheney Collection; Country Files,425 pages,Access-heavy,Confirmed 21; leads 12; related gaps 2.,"Do Gates, Cheney, Haass, and H-Files companion records support or change the Pakistan nuclear/Pressler/F-16 selection arc?","Finish page-boundary screening in Haass and Cheney files, then decide which restricted NSC/H-Files records become selected documents or cite-only context. Gap cue: Prioritize Haass Working Files 470426597, Haass Meeting File 470426255, Mojaddedi 470426381, Bangladesh Zia 428082145, and Pakistan nuclear meeting files 470426231, 470426238, and 470426240.",,
gap-cheney-country-files,High,Triaged,Source Expansion,Screen Cheney Country Files before closing the source search,1,Chapter lane,Chapter lane,Regional:Bangladesh and smaller South Asia states,,Regional,,Bangladesh and smaller South Asia states,645607685; 645607321; 645607323; 645608235; 645607905; 645607531; 645607533; 645607907; 645607415; 645608141; 645607135; 645608143; 645607137; 645607805; 645607807; 645608041,Richard Cheney Collection; Country Files,6 pages,Thin; promote or exclude leads,Confirmed 1; leads 2; related gaps 4.,"Do Gates, Cheney, Haass, and H-Files companion records support or change the Pakistan nuclear/Pressler/F-16 selection arc?","Resolve the Bangladesh Zia internal/public pair and keep Sri Lanka/Maldives public items contextual until internal files are located. Gap cue: Prioritize Haass Working Files 470426597, Haass Meeting File 470426255, Mojaddedi 470426381, Bangladesh Zia 428082145, and Pakistan nuclear meeting files 470426231, 470426238, and 470426240.",,
gap-cheney-country-files,High,Triaged,Source Expansion,Screen Cheney Country Files before closing the source search,1,Chapter lane,Chapter lane,"India:India economic reform, trade, and embassy files",,India,,"India economic reform, trade, and embassy files",645607685; 645607321; 645607323; 645608235; 645607905; 645607531; 645607533; 645607907; 645607415; 645608141; 645607135; 645608143; 645607137; 645607805; 645607807; 645608041,Richard Cheney Collection; Country Files,,Missing lane,Confirmed 0; leads 0; related gaps 2.,"Do Gates, Cheney, Haass, and H-Files companion records support or change the Pakistan nuclear/Pressler/F-16 selection arc?","Use this as a search lane for WHORM, State, and embassy files; do not close the India chapter until this lane has been consciously ruled in or out. Gap cue: Search India with Rao, Venkataraman, Gandhi, Shankar, Kashmir, nuclear, nonproliferation, economic reform, trade, and defense terms.",,
gap-cheney-country-files,High,Triaged,Source Expansion,Screen Cheney Country Files before closing the source search,1,Chapter lane,Chapter lane,"India:India Kashmir, nuclear, and regional security",,India,,"India Kashmir, nuclear, and regional security",645607685; 645607321; 645607323; 645608235; 645607905; 645607531; 645607533; 645607907; 645607415; 645608141; 645607135; 645608143; 645607137; 645607805; 645607807; 645608041,Richard Cheney Collection; Country Files,,Missing lane,Confirmed 0; leads 0; related gaps 5.,"Do Gates, Cheney, Haass, and H-Files companion records support or change the Pakistan nuclear/Pressler/F-16 selection arc?","Screen Kashmir, Gates, and Haass leads so the India chapter is not limited to leader calls and Cheney country folders. Gap cue: Prioritize Haass Working Files 470426597, Haass Meeting File 470426255, Mojaddedi 470426381, Bangladesh Zia 428082145, and Pakistan nuclear meeting files 470426231, 470426238, and 470426240.",,
gap-cheney-country-files,High,Triaged,Source Expansion,Screen Cheney Country Files before closing the source search,1,Chapter lane,Chapter lane,India:India leadership and bilateral policy,,India,,India leadership and bilateral policy,645607685; 645607321; 645607323; 645608235; 645607905; 645607531; 645607533; 645607907; 645607415; 645608141; 645607135; 645608143; 645607137; 645607805; 645607807; 645608041,Richard Cheney Collection; Country Files,122 pages,Gap-linked review,Confirmed 10; leads 8; related gaps 3.,"Do Gates, Cheney, Haass, and H-Files companion records support or change the Pakistan nuclear/Pressler/F-16 selection arc?","Build staff-file support for the leadership chronology, especially around the 1991-1992 transition to Rao-era policy. Gap cue: Search India with Rao, Venkataraman, Gandhi, Shankar, Kashmir, nuclear, nonproliferation, economic reform, trade, and defense terms.",,
gap-cheney-country-files,High,Triaged,Source Expansion,Screen Cheney Country Files before closing the source search,1,Chapter lane,Chapter lane,"Pakistan:Pakistan leadership, aid, and bilateral management",,Pakistan,,"Pakistan leadership, aid, and bilateral management",645607685; 645607321; 645607323; 645608235; 645607905; 645607531; 645607533; 645607907; 645607415; 645608141; 645607135; 645608143; 645607137; 645607805; 645607807; 645608041,Richard Cheney Collection; Country Files,348 pages,Gap-linked review,Confirmed 26; leads 10; related gaps 6.,"Do Gates, Cheney, Haass, and H-Files companion records support or change the Pakistan nuclear/Pressler/F-16 selection arc?","Separate policy-bearing presidential conversations from public/context locators and verify source notes against the PDF or citation sheet. Gap cue: Prioritize Haass Working Files 470426597, Haass Meeting File 470426255, Mojaddedi 470426381, Bangladesh Zia 428082145, and Pakistan nuclear meeting files 470426231, 470426238, and 470426240.",,
gap-cheney-country-files,High,Triaged,Source Expansion,Screen Cheney Country Files before closing the source search,1,Chapter lane,Chapter lane,"Pakistan:Pakistan nuclear, sanctions, and security",,Pakistan,,"Pakistan nuclear, sanctions, and security",645607685; 645607321; 645607323; 645608235; 645607905; 645607531; 645607533; 645607907; 645607415; 645608141; 645607135; 645608143; 645607137; 645607805; 645607807; 645608041,Richard Cheney Collection; Country Files,185 pages,Access-heavy,Confirmed 3; leads 1; related gaps 4.,"Do Gates, Cheney, Haass, and H-Files companion records support or change the Pakistan nuclear/Pressler/F-16 selection arc?","Pair the restricted H-Files nuclear sequence with Gates, Cheney, and Haass companion files before treating the 1990 policy arc as complete. Gap cue: Prioritize Haass Working Files 470426597, Haass Meeting File 470426255, Mojaddedi 470426381, Bangladesh Zia 428082145, and Pakistan nuclear meeting files 470426231, 470426238, and 470426240.",,
gap-cheney-country-files,High,Triaged,Source Expansion,Screen Cheney Country Files before closing the source search,1,Chapter lane,Chapter lane,Regional:Regional South Asia strategy,,Regional,,Regional South Asia strategy,645607685; 645607321; 645607323; 645608235; 645607905; 645607531; 645607533; 645607907; 645607415; 645608141; 645607135; 645608143; 645607137; 645607805; 645607807; 645608041,Richard Cheney Collection; Country Files,252 pages,Gap-linked review,Confirmed 5; leads 5; related gaps 2.,"Do Gates, Cheney, Haass, and H-Files companion records support or change the Pakistan nuclear/Pressler/F-16 selection arc?",Keep true regionwide strategy files distinct from Kashmir and Bangladesh so selection rationale stays clear. Gap cue: Promote Kashmir leads 470426145 and 470426225 into a focused review queue.,,
gap-cheney-country-files,High,Triaged,Source Expansion,Screen Cheney Country Files before closing the source search,2,Confirmed chronology anchor,Confirmed record,bush-library-428079777,2.001,Pakistan,1989-01-23,Memorandum of Telephone Conversation,428079777; [Memorandum of Telephone Conversations (Telcons) - January 1989-July 1989]: January 1989,Records of the National Security Council (George H. W. Bush Administration) | Presidential Telcon Files | [Memorandum of Telephone Conversations (Telcons) - January 1989-July 1989]: January 1989,1 page,Full,catalog-derived-source-note,"Do Gates, Cheney, Haass, and H-Files companion records support or change the Pakistan nuclear/Pressler/F-16 selection arc?","Resolve compiler risk: catalog-derived-source-note. Use Daily Diary/Backup only for chronology, time, location, attendees, and call status.",https://catalog.archives.gov/id/428079777,https://s3.us-east-1.amazonaws.com/NARAprodstorage/lz/presidential-libraries/bush/gb-nsc/321498139/1989-01-23--Bhutto.pdf
gap-cheney-country-files,High,Triaged,Source Expansion,Screen Cheney Country Files before closing the source search,2,Confirmed chronology anchor,Confirmed record,bush-library-428079809,2.002,Pakistan,1989-01-25,Memorandum of Telephone Conversation,428079809; [Memorandum of Telephone Conversations (Telcons) - January 1989-July 1989]: January 1989,Records of the National Security Council (George H. W. Bush Administration) | Presidential Telcon Files | [Memorandum of Telephone Conversations (Telcons) - January 1989-July 1989]: January 1989,1 page,Full,catalog-derived-source-note,"Do Gates, Cheney, Haass, and H-Files companion records support or change the Pakistan nuclear/Pressler/F-16 selection arc?","Resolve compiler risk: catalog-derived-source-note. Use Daily Diary/Backup only for chronology, time, location, attendees, and call status.",https://catalog.archives.gov/id/428079809,https://s3.us-east-1.amazonaws.com/NARAprodstorage/lz/presidential-libraries/bush/gb-nsc/321498139/1989-01-25--Khan.pdf
gap-cheney-country-files,High,Triaged,Source Expansion,Screen Cheney Country Files before closing the source search,2,Confirmed chronology anchor,Confirmed record,nsc-source-446394923,1.001,Afghanistan,1989-02-07,"NSR-1 - February 07, 1989 - Afghanistan",446394923; 90006-001,Records of the National Security Council (George H. W. Bush Administration) | H-Files - National Security Review (NSR) Files | 90006-001,30 pages,Restricted - Possibly,catalog-derived-source-note; declassification-review,"Do Gates, Cheney, Haass, and H-Files companion records support or change the Pakistan nuclear/Pressler/F-16 selection arc?",Review access status and confirm whether the item can be selected or only cited as withheld/restricted context. Resolve compiler risk: catalog-derived-source-note; declassification-review.,https://catalog.archives.gov/id/446394923,https://s3.amazonaws.com/NARAprodstorage/lz/presidential-libraries/bush/gb-nsc/H-Files/NSRs_313189297/41-bpr-nsc-hfiles-nsr-1-90006-001.pdf
gap-cheney-country-files,High,Triaged,Source Expansion,Screen Cheney Country Files before closing the source search,2,Confirmed chronology anchor,Confirmed record,nsc-source-470760975,1.002,Afghanistan,1989-02-08,"NSC/DC 001 - February 08, 1989 - NSC/DC Meeting on Afghanistan, Keywords: Afghanistan",470760975; 90009-001,Records of the National Security Council (George H. W. Bush Administration) | H-Files - National Security Council (NSC)/Deputies Committee (DC) Meetings Files | 90009-001,52 pages,Restricted - Possibly,catalog-derived-source-note; declassification-review,"Do Gates, Cheney, Haass, and H-Files companion records support or change the Pakistan nuclear/Pressler/F-16 selection arc?",Review access status and confirm whether the item can be selected or only cited as withheld/restricted context. Resolve compiler risk: catalog-derived-source-note; declassification-review.,https://catalog.archives.gov/id/470760975,https://s3.amazonaws.com/NARAprodstorage/lz/presidential-libraries/bush/gb-nsc/H-Files/NSC-DC_Mtgs_312294079/41-bpr-nsc-hfiles-dc_mtgs-1-90009-001.pdf
gap-cheney-country-files,High,Triaged,Source Expansion,Screen Cheney Country Files before closing the source search,3,Potential lead to screen,Potential lead,catalog-lead-645607685,,Afghanistan,1989-01-20,Afghanistan,645607685,Cheney collection | Richard Cheney Collection | Country Files | Country Files | NAID 645607685,,High; High-priority source review lead; Online object available,High-priority source review lead,"Do Gates, Cheney, Haass, and H-Files companion records support or change the Pakistan nuclear/Pressler/F-16 selection arc?","Screen PDF text and promote policy-bearing pages with page boundaries, source note, and exclusion rationale for nonselected pages.",https://catalog.archives.gov/id/645607685,https://s3.amazonaws.com/NARAprodstorage/lz/presidential-libraries/bush/gb-rbc/country_470572294/41-bpr-dhm-cheney-country-31827-001.pdf
gap-cheney-country-files,High,Triaged,Source Expansion,Screen Cheney Country Files before closing the source search,3,Potential lead to screen,Potential lead,catalog-lead-645607321,,Afghanistan,1989-01-20,Afghanistan [1],645607321,Cheney collection | Richard Cheney Collection | Country Files | Country Files | NAID 645607321,,High; High-priority source review lead; Online object available,High-priority source review lead,"Do Gates, Cheney, Haass, and H-Files companion records support or change the Pakistan nuclear/Pressler/F-16 selection arc?","Screen PDF text and promote policy-bearing pages with page boundaries, source note, and exclusion rationale for nonselected pages.",https://catalog.archives.gov/id/645607321,https://s3.amazonaws.com/NARAprodstorage/lz/presidential-libraries/bush/gb-rbc/country_470572294/41-bpr-dhm-cheney-country-31812-001.pdf
gap-cheney-country-files,High,Triaged,Source Expansion,Screen Cheney Country Files before closing the source search,3,Potential lead to screen,Potential lead,catalog-lead-645607323,,Afghanistan,1989-01-20,Afghanistan [2],645607323,Cheney collection | Richard Cheney Collection | Country Files | Country Files | NAID 645607323,,High; High-priority source review lead; Online object available,High-priority source review lead,"Do Gates, Cheney, Haass, and H-Files companion records support or change the Pakistan nuclear/Pressler/F-16 selection arc?","Screen PDF text and promote policy-bearing pages with page boundaries, source note, and exclusion rationale for nonselected pages.",https://catalog.archives.gov/id/645607323,https://s3.amazonaws.com/NARAprodstorage/lz/presidential-libraries/bush/gb-rbc/country_470572294/41-bpr-dhm-cheney-country-31812-002.pdf
gap-cheney-country-files,High,Triaged,Source Expansion,Screen Cheney Country Files before closing the source search,3,Potential lead to screen,Potential lead,catalog-lead-645608041,,Regional,1989-01-20,Bangladesh,645608041,Cheney collection | Richard Cheney Collection | Country Files | Country Files | NAID 645608041,,Critical; High-priority source review lead; Online object available,High-priority source review lead,"Do Gates, Cheney, Haass, and H-Files companion records support or change the Pakistan nuclear/Pressler/F-16 selection arc?","Screen PDF text and promote policy-bearing pages with page boundaries, source note, and exclusion rationale for nonselected pages.",https://catalog.archives.gov/id/645608041,https://s3.amazonaws.com/NARAprodstorage/lz/presidential-libraries/bush/gb-rbc/country_470572294/41-bpr-dhm-cheney-country-31842-009.pdf
gap-cheney-country-files,High,Triaged,Source Expansion,Screen Cheney Country Files before closing the source search,3,Potential lead to screen,Potential lead,catalog-lead-645607415,,India,1989-01-20,India,645607415,Cheney collection | Richard Cheney Collection | Country Files | Country Files | NAID 645607415,,High; High-priority source review lead; Online object available,High-priority source review lead,"Do Gates, Cheney, Haass, and H-Files companion records support or change the Pakistan nuclear/Pressler/F-16 selection arc?","Screen PDF text and promote policy-bearing pages with page boundaries, source note, and exclusion rationale for nonselected pages.",https://catalog.archives.gov/id/645607415,https://s3.amazonaws.com/NARAprodstorage/lz/presidential-libraries/bush/gb-rbc/country_470572294/41-bpr-dhm-cheney-country-31815-004.pdf
gap-cheney-country-files,High,Triaged,Source Expansion,Screen Cheney Country Files before closing the source search,3,Potential lead to screen,Potential lead,catalog-lead-645608141,,India,1989-01-20,India [1],645608141,Cheney collection | Richard Cheney Collection | Country Files | Country Files | NAID 645608141,,High; High-priority source review lead; Online object available,High-priority source review lead,"Do Gates, Cheney, Haass, and H-Files companion records support or change the Pakistan nuclear/Pressler/F-16 selection arc?","Screen PDF text and promote policy-bearing pages with page boundaries, source note, and exclusion rationale for nonselected pages.",https://catalog.archives.gov/id/645608141,https://s3.amazonaws.com/NARAprodstorage/lz/presidential-libraries/bush/gb-rbc/country_470572294/41-bpr-dhm-cheney-country-31847-001.pdf
gap-cheney-country-files,High,Triaged,Source Expansion,Screen Cheney Country Files before closing the source search,3,Potential lead to screen,Potential lead,catalog-lead-645607135,,India,1989-01-20,India [1],645607135,Cheney collection | Richard Cheney Collection | Country Files | Country Files | NAID 645607135,,High; High-priority source review lead; Online object available,High-priority source review lead,"Do Gates, Cheney, Haass, and H-Files companion records support or change the Pakistan nuclear/Pressler/F-16 selection arc?","Screen PDF text and promote policy-bearing pages with page boundaries, source note, and exclusion rationale for nonselected pages.",https://catalog.archives.gov/id/645607135,https://s3.amazonaws.com/NARAprodstorage/lz/presidential-libraries/bush/gb-rbc/country_470572294/41-bpr-dhm-cheney-country-31802-007.pdf
gap-cheney-country-files,High,Triaged,Source Expansion,Screen Cheney Country Files before closing the source search,3,Potential lead to screen,Potential lead,catalog-lead-645608143,,India,1989-01-20,India [2],645608143,Cheney collection | Richard Cheney Collection | Country Files | Country Files | NAID 645608143,,High; High-priority source review lead; Online object available,High-priority source review lead,"Do Gates, Cheney, Haass, and H-Files companion records support or change the Pakistan nuclear/Pressler/F-16 selection arc?","Screen PDF text and promote policy-bearing pages with page boundaries, source note, and exclusion rationale for nonselected pages.",https://catalog.archives.gov/id/645608143,https://s3.amazonaws.com/NARAprodstorage/lz/presidential-libraries/bush/gb-rbc/country_470572294/41-bpr-dhm-cheney-country-31847-002.pdf
gap-cheney-country-files,High,Triaged,Source Expansion,Screen Cheney Country Files before closing the source search,3,Potential lead to screen,Potential lead,catalog-lead-645607137,,India,1989-01-20,India [2],645607137,Cheney collection | Richard Cheney Collection | Country Files | Country Files | NAID 645607137,,High; High-priority source review lead; Online object available,High-priority source review lead,"Do Gates, Cheney, Haass, and H-Files companion records support or change the Pakistan nuclear/Pressler/F-16 selection arc?","Screen PDF text and promote policy-bearing pages with page boundaries, source note, and exclusion rationale for nonselected pages.",https://catalog.archives.gov/id/645607137,https://s3.amazonaws.com/NARAprodstorage/lz/presidential-libraries/bush/gb-rbc/country_470572294/41-bpr-dhm-cheney-country-31802-008.pdf
gap-cheney-country-files,High,Triaged,Source Expansion,Screen Cheney Country Files before closing the source search,3,Potential lead to screen,Potential lead,catalog-lead-645607805,,India,1989-01-20,India [A],645607805,Cheney collection | Richard Cheney Collection | Country Files | Country Files | NAID 645607805,,High; High-priority source review lead; Online object available,High-priority source review lead,"Do Gates, Cheney, Haass, and H-Files companion records support or change the Pakistan nuclear/Pressler/F-16 selection arc?","Screen PDF text and promote policy-bearing pages with page boundaries, source note, and exclusion rationale for nonselected pages.",https://catalog.archives.gov/id/645607805,https://s3.amazonaws.com/NARAprodstorage/lz/presidential-libraries/bush/gb-rbc/country_470572294/41-bpr-dhm-cheney-country-31832-001.pdf
gap-cheney-country-files,High,Triaged,Source Expansion,Screen Cheney Country Files before closing the source search,3,Potential lead to screen,Potential lead,catalog-lead-645607807,,India,1989-01-20,India [B],645607807,Cheney collection | Richard Cheney Collection | Country Files | Country Files | NAID 645607807,,High; High-priority source review lead; Online object available,High-priority source review lead,"Do Gates, Cheney, Haass, and H-Files companion records support or change the Pakistan nuclear/Pressler/F-16 selection arc?","Screen PDF text and promote policy-bearing pages with page boundaries, source note, and exclusion rationale for nonselected pages.",https://catalog.archives.gov/id/645607807,https://s3.amazonaws.com/NARAprodstorage/lz/presidential-libraries/bush/gb-rbc/country_470572294/41-bpr-dhm-cheney-country-31832-002.pdf
gap-cheney-country-files,High,Triaged,Source Expansion,Screen Cheney Country Files before closing the source search,3,Potential lead to screen,Potential lead,catalog-lead-645608235,,Pakistan,1989-01-20,Pakistan,645608235,Cheney collection | Richard Cheney Collection | Country Files | Country Files | NAID 645608235,,High; High-priority source review lead; Online object available,High-priority source review lead,"Do Gates, Cheney, Haass, and H-Files companion records support or change the Pakistan nuclear/Pressler/F-16 selection arc?","Screen PDF text and promote policy-bearing pages with page boundaries, source note, and exclusion rationale for nonselected pages.",https://catalog.archives.gov/id/645608235,https://s3.amazonaws.com/NARAprodstorage/lz/presidential-libraries/bush/gb-rbc/country_470572294/41-bpr-dhm-cheney-country-31850-010.pdf
gap-cheney-country-files,High,Triaged,Source Expansion,Screen Cheney Country Files before closing the source search,3,Potential lead to screen,Potential lead,catalog-lead-645607905,,Pakistan,1989-01-20,Pakistan [A],645607905,Cheney collection | Richard Cheney Collection | Country Files | Country Files | NAID 645607905,,High; High-priority source review lead; Online object available,High-priority source review lead,"Do Gates, Cheney, Haass, and H-Files companion records support or change the Pakistan nuclear/Pressler/F-16 selection arc?","Screen PDF text and promote policy-bearing pages with page boundaries, source note, and exclusion rationale for nonselected pages.",https://catalog.archives.gov/id/645607905,https://s3.amazonaws.com/NARAprodstorage/lz/presidential-libraries/bush/gb-rbc/country_470572294/41-bpr-dhm-cheney-country-31836-005.pdf
gap-cheney-country-files,High,Triaged,Source Expansion,Screen Cheney Country Files before closing the source search,3,Potential lead to screen,Potential lead,catalog-lead-645607531,,Pakistan,1989-01-20,Pakistan [A],645607531,Cheney collection | Richard Cheney Collection | Country Files | Country Files | NAID 645607531,,High; High-priority source review lead; Online object available,High-priority source review lead,"Do Gates, Cheney, Haass, and H-Files companion records support or change the Pakistan nuclear/Pressler/F-16 selection arc?","Screen PDF text and promote policy-bearing pages with page boundaries, source note, and exclusion rationale for nonselected pages.",https://catalog.archives.gov/id/645607531,https://s3.amazonaws.com/NARAprodstorage/lz/presidential-libraries/bush/gb-rbc/country_470572294/41-bpr-dhm-cheney-country-31820-001.pdf
gap-cheney-country-files,High,Triaged,Source Expansion,Screen Cheney Country Files before closing the source search,3,Potential lead to screen,Potential lead,catalog-lead-645607533,,Pakistan,1989-01-20,Pakistan [B],645607533,Cheney collection | Richard Cheney Collection | Country Files | Country Files | NAID 645607533,,High; High-priority source review lead; Online object available,High-priority source review lead,"Do Gates, Cheney, Haass, and H-Files companion records support or change the Pakistan nuclear/Pressler/F-16 selection arc?","Screen PDF text and promote policy-bearing pages with page boundaries, source note, and exclusion rationale for nonselected pages.",https://catalog.archives.gov/id/645607533,https://s3.amazonaws.com/NARAprodstorage/lz/presidential-libraries/bush/gb-rbc/country_470572294/41-bpr-dhm-cheney-country-31820-002.pdf
gap-cheney-country-files,High,Triaged,Source Expansion,Screen Cheney Country Files before closing the source search,3,Potential lead to screen,Potential lead,catalog-lead-645607907,,Pakistan,1989-01-20,Pakistan [B],645607907,Cheney collection | Richard Cheney Collection | Country Files | Country Files | NAID 645607907,,High; High-priority source review lead; Online object available,High-priority source review lead,"Do Gates, Cheney, Haass, and H-Files companion records support or change the Pakistan nuclear/Pressler/F-16 selection arc?","Screen PDF text and promote policy-bearing pages with page boundaries, source note, and exclusion rationale for nonselected pages.",https://catalog.archives.gov/id/645607907,https://s3.amazonaws.com/NARAprodstorage/lz/presidential-libraries/bush/gb-rbc/country_470572294/41-bpr-dhm-cheney-country-31836-006.pdf
gap-cheney-country-files,High,Triaged,Source Expansion,Screen Cheney Country Files before closing the source search,4,Page-boundary pull,Potential lead,470426597,,Afghanistan,1989-01-01,Working Files - Afghanistan 1989-1992 [2],470426597,NSC files | Records of the National Security Council (George H. W. Bush Administration) | Richard N. Haass' Working Files | Richard N. Haass' Working Files | NAID 470426597 | 41-bpr-nsc-haass_working-cf01304-011.pdf,,Restricted - Possibly; Online object available,critical gap target; high-priority gap target; promotion requires PDF screening; folder or staff-file source pool; catalog-derived title/source note; page count unresolved,"Do Gates, Cheney, Haass, and H-Files companion records support or change the Pakistan nuclear/Pressler/F-16 selection arc?","Open the PDF, identify policy-bearing pages, assign page boundaries, and record promote/exclude/cite-only rationale. Gap cue: Prioritize Haass Working Files 470426597, Haass Meeting File 470426255, Mojaddedi 470426381, Bangladesh Zia 428082145, and Pakistan nuclear meeting files 470426231, 470426238, and 470426240.",https://catalog.archives.gov/id/470426597,https://s3.dualstack.us-east-1.amazonaws.com/NARAprodstorage/lz/presidential-libraries/bush/gb-nsc/haass/working_2554877/41-bpr-nsc-haass_working-cf01304-011.pdf
gap-cheney-country-files,High,Triaged,Source Expansion,Screen Cheney Country Files before closing the source search,4,Page-boundary pull,Potential lead,645607685,,Afghanistan,1989-01-20,Afghanistan,645607685,Cheney collection | Richard Cheney Collection | Country Files | Country Files | NAID 645607685 | 41-bpr-dhm-cheney-country-31827-001.pdf,,Unrestricted; Online object available,high-priority gap target; promotion requires PDF screening; folder or staff-file source pool; catalog-derived title/source note; page count unresolved,"Do Gates, Cheney, Haass, and H-Files companion records support or change the Pakistan nuclear/Pressler/F-16 selection arc?","Open the PDF, identify policy-bearing pages, assign page boundaries, and record promote/exclude/cite-only rationale. Gap cue: Review Afghanistan files 645607685, 645607321, and 645607323.",https://catalog.archives.gov/id/645607685,https://s3.amazonaws.com/NARAprodstorage/lz/presidential-libraries/bush/gb-rbc/country_470572294/41-bpr-dhm-cheney-country-31827-001.pdf
gap-cheney-country-files,High,Triaged,Source Expansion,Screen Cheney Country Files before closing the source search,4,Page-boundary pull,Potential lead,470426255,,Afghanistan,1989-01-20,Afghanistan - Charles,470426255,NSC files | Records of the National Security Council (George H. W. Bush Administration) | Richard N. Haass' Meeting Files | Richard N. Haass' Meeting Files | NAID 470426255 | 41-bpr-nsc-haass_meeting-cf01447-013.pdf,,Restricted - Possibly; Online object available,critical gap target; high-priority gap target; promotion requires PDF screening; folder or staff-file source pool; catalog-derived title/source note; page count unresolved,"Do Gates, Cheney, Haass, and H-Files companion records support or change the Pakistan nuclear/Pressler/F-16 selection arc?","Open the PDF, identify policy-bearing pages, assign page boundaries, and record promote/exclude/cite-only rationale. Gap cue: Prioritize Haass Working Files 470426597, Haass Meeting File 470426255, Mojaddedi 470426381, Bangladesh Zia 428082145, and Pakistan nuclear meeting files 470426231, 470426238, and 470426240.",https://catalog.archives.gov/id/470426255,https://s3.dualstack.us-east-1.amazonaws.com/NARAprodstorage/lz/presidential-libraries/bush/gb-nsc/haass/meeting_2554866/41-bpr-nsc-haass_meeting-cf01447-013.pdf
gap-cheney-country-files,High,Triaged,Source Expansion,Screen Cheney Country Files before closing the source search,4,Page-boundary pull,Potential lead,645607321,,Afghanistan,1989-01-20,Afghanistan [1],645607321,Cheney collection | Richard Cheney Collection | Country Files | Country Files | NAID 645607321 | 41-bpr-dhm-cheney-country-31812-001.pdf,,Restricted - Partly; Online object available,high-priority gap target; promotion requires PDF screening; folder or staff-file source pool; catalog-derived title/source note; page count unresolved,"Do Gates, Cheney, Haass, and H-Files companion records support or change the Pakistan nuclear/Pressler/F-16 selection arc?","Open the PDF, identify policy-bearing pages, assign page boundaries, and record promote/exclude/cite-only rationale. Gap cue: Review Afghanistan files 645607685, 645607321, and 645607323.",https://catalog.archives.gov/id/645607321,https://s3.amazonaws.com/NARAprodstorage/lz/presidential-libraries/bush/gb-rbc/country_470572294/41-bpr-dhm-cheney-country-31812-001.pdf
gap-cheney-country-files,High,Triaged,Source Expansion,Screen Cheney Country Files before closing the source search,4,Page-boundary pull,Potential lead,645607323,,Afghanistan,1989-01-20,Afghanistan [2],645607323,Cheney collection | Richard Cheney Collection | Country Files | Country Files | NAID 645607323 | 41-bpr-dhm-cheney-country-31812-002.pdf,,Restricted - Partly; Online object available,high-priority gap target; promotion requires PDF screening; folder or staff-file source pool; catalog-derived title/source note; page count unresolved,"Do Gates, Cheney, Haass, and H-Files companion records support or change the Pakistan nuclear/Pressler/F-16 selection arc?","Open the PDF, identify policy-bearing pages, assign page boundaries, and record promote/exclude/cite-only rationale. Gap cue: Review Afghanistan files 645607685, 645607321, and 645607323.",https://catalog.archives.gov/id/645607323,https://s3.amazonaws.com/NARAprodstorage/lz/presidential-libraries/bush/gb-rbc/country_470572294/41-bpr-dhm-cheney-country-31812-002.pdf
gap-cheney-country-files,High,Triaged,Source Expansion,Screen Cheney Country Files before closing the source search,4,Page-boundary pull,Potential lead,645608041,,Regional,1989-01-20,Bangladesh,645608041,Cheney collection | Richard Cheney Collection | Country Files | Country Files | NAID 645608041 | 41-bpr-dhm-cheney-country-31842-009.pdf,,Restricted - Partly; Online object available,high-priority gap target; promotion requires PDF screening; folder or staff-file source pool; catalog-derived title/source note; page count unresolved,"Do Gates, Cheney, Haass, and H-Files companion records support or change the Pakistan nuclear/Pressler/F-16 selection arc?","Open the PDF, identify policy-bearing pages, assign page boundaries, and record promote/exclude/cite-only rationale. Gap cue: Review Afghanistan files 645607685, 645607321, and 645607323.",https://catalog.archives.gov/id/645608041,https://s3.amazonaws.com/NARAprodstorage/lz/presidential-libraries/bush/gb-rbc/country_470572294/41-bpr-dhm-cheney-country-31842-009.pdf
gap-cheney-country-files,High,Triaged,Source Expansion,Screen Cheney Country Files before closing the source search,4,Page-boundary pull,Potential lead,323150513,,Pakistan,1989-01-20,Bhutto Departure 6/6/89,323150513,Catalog lead | Records of the White House Office of Speechwriting (George H. W. Bush Administration) | Speech Draft Files | Speech Draft Files | NAID 323150513 | 41-bpr-speech-draft-chron-13490-003_323150513.pdf,,Restricted - Possibly; Online object available,high-priority gap target; catalog-derived title/source note; page count unresolved,"Do Gates, Cheney, Haass, and H-Files companion records support or change the Pakistan nuclear/Pressler/F-16 selection arc?","Open the PDF, identify policy-bearing pages, assign page boundaries, and record promote/exclude/cite-only rationale. Gap cue: Search India with Rao, Venkataraman, Gandhi, Shankar, Kashmir, nuclear, nonproliferation, economic reform, trade, and defense terms.",https://catalog.archives.gov/id/323150513,https://s3.amazonaws.com/NARAprodstorage/lz/presidential-libraries/bush/gb-spe/speechwriting_draft_chron_578973/41-bpr-speech-draft-chron-13490-003_323150513.pdf
gap-cheney-country-files,High,Triaged,Source Expansion,Screen Cheney Country Files before closing the source search,4,Page-boundary pull,Potential lead,323152491,,Pakistan,1989-01-20,Departure Statement for Prime Minister Bhutto 6/6/89 [OA 6264],323152491,Catalog lead | Records of the White House Office of Speechwriting (George H. W. Bush Administration) | Speech Backup Chronological Files | Speech Backup Chronological Files | NAID 323152491 | 41-bpr-speech-backup-chron-13671-005_323152491.pdf,,Restricted - Possibly; Online object available,high-priority gap target; catalog-derived title/source note; page count unresolved,"Do Gates, Cheney, Haass, and H-Files companion records support or change the Pakistan nuclear/Pressler/F-16 selection arc?","Open the PDF, identify policy-bearing pages, assign page boundaries, and record promote/exclude/cite-only rationale. Gap cue: Search India with Rao, Venkataraman, Gandhi, Shankar, Kashmir, nuclear, nonproliferation, economic reform, trade, and defense terms.",https://catalog.archives.gov/id/323152491,https://s3.amazonaws.com/NARAprodstorage/lz/presidential-libraries/bush/gb-spe/speechwriting_backup_chron_579003/41-bpr-speech-backup-chron-13671-005_323152491.pdf
gap-cheney-country-files,High,Triaged,Source Expansion,Screen Cheney Country Files before closing the source search,4,Page-boundary pull,Potential lead,645607415,,India,1989-01-20,India,645607415,Cheney collection | Richard Cheney Collection | Country Files | Country Files | NAID 645607415 | 41-bpr-dhm-cheney-country-31815-004.pdf,,Restricted - Partly; Online object available,high-priority gap target; promotion requires PDF screening; folder or staff-file source pool; catalog-derived title/source note; page count unresolved,"Do Gates, Cheney, Haass, and H-Files companion records support or change the Pakistan nuclear/Pressler/F-16 selection arc?","Open the PDF, identify policy-bearing pages, assign page boundaries, and record promote/exclude/cite-only rationale. Gap cue: Search India with Rao, Venkataraman, Gandhi, Shankar, Kashmir, nuclear, nonproliferation, economic reform, trade, and defense terms.",https://catalog.archives.gov/id/645607415,https://s3.amazonaws.com/NARAprodstorage/lz/presidential-libraries/bush/gb-rbc/country_470572294/41-bpr-dhm-cheney-country-31815-004.pdf
gap-cheney-country-files,High,Triaged,Source Expansion,Screen Cheney Country Files before closing the source search,4,Page-boundary pull,Potential lead,645608141,,India,1989-01-20,India [1],645608141,Cheney collection | Richard Cheney Collection | Country Files | Country Files | NAID 645608141 | 41-bpr-dhm-cheney-country-31847-001.pdf,,Restricted - Partly; Online object available,high-priority gap target; promotion requires PDF screening; folder or staff-file source pool; catalog-derived title/source note; page count unresolved,"Do Gates, Cheney, Haass, and H-Files companion records support or change the Pakistan nuclear/Pressler/F-16 selection arc?","Open the PDF, identify policy-bearing pages, assign page boundaries, and record promote/exclude/cite-only rationale. Gap cue: Search India with Rao, Venkataraman, Gandhi, Shankar, Kashmir, nuclear, nonproliferation, economic reform, trade, and defense terms.",https://catalog.archives.gov/id/645608141,https://s3.amazonaws.com/NARAprodstorage/lz/presidential-libraries/bush/gb-rbc/country_470572294/41-bpr-dhm-cheney-country-31847-001.pdf
gap-cheney-country-files,High,Triaged,Source Expansion,Screen Cheney Country Files before closing the source search,4,Page-boundary pull,Potential lead,645607135,,India,1989-01-20,India [1],645607135,Cheney collection | Richard Cheney Collection | Country Files | Country Files | NAID 645607135 | 41-bpr-dhm-cheney-country-31802-007.pdf,,Restricted - Partly; Online object available,high-priority gap target; promotion requires PDF screening; folder or staff-file source pool; catalog-derived title/source note; page count unresolved,"Do Gates, Cheney, Haass, and H-Files companion records support or change the Pakistan nuclear/Pressler/F-16 selection arc?","Open the PDF, identify policy-bearing pages, assign page boundaries, and record promote/exclude/cite-only rationale. Gap cue: Search India with Rao, Venkataraman, Gandhi, Shankar, Kashmir, nuclear, nonproliferation, economic reform, trade, and defense terms.",https://catalog.archives.gov/id/645607135,https://s3.amazonaws.com/NARAprodstorage/lz/presidential-libraries/bush/gb-rbc/country_470572294/41-bpr-dhm-cheney-country-31802-007.pdf
gap-cheney-country-files,High,Triaged,Source Expansion,Screen Cheney Country Files before closing the source search,4,Page-boundary pull,Potential lead,645608143,,India,1989-01-20,India [2],645608143,Cheney collection | Richard Cheney Collection | Country Files | Country Files | NAID 645608143 | 41-bpr-dhm-cheney-country-31847-002.pdf,,Restricted - Partly; Online object available,high-priority gap target; promotion requires PDF screening; folder or staff-file source pool; catalog-derived title/source note; page count unresolved,"Do Gates, Cheney, Haass, and H-Files companion records support or change the Pakistan nuclear/Pressler/F-16 selection arc?","Open the PDF, identify policy-bearing pages, assign page boundaries, and record promote/exclude/cite-only rationale. Gap cue: Search India with Rao, Venkataraman, Gandhi, Shankar, Kashmir, nuclear, nonproliferation, economic reform, trade, and defense terms.",https://catalog.archives.gov/id/645608143,https://s3.amazonaws.com/NARAprodstorage/lz/presidential-libraries/bush/gb-rbc/country_470572294/41-bpr-dhm-cheney-country-31847-002.pdf
gap-cheney-country-files,High,Triaged,Source Expansion,Screen Cheney Country Files before closing the source search,4,Page-boundary pull,Potential lead,645607137,,India,1989-01-20,India [2],645607137,Cheney collection | Richard Cheney Collection | Country Files | Country Files | NAID 645607137 | 41-bpr-dhm-cheney-country-31802-008.pdf,,Restricted - Partly; Online object available,high-priority gap target; promotion requires PDF screening; folder or staff-file source pool; catalog-derived title/source note; page count unresolved,"Do Gates, Cheney, Haass, and H-Files companion records support or change the Pakistan nuclear/Pressler/F-16 selection arc?","Open the PDF, identify policy-bearing pages, assign page boundaries, and record promote/exclude/cite-only rationale. Gap cue: Search India with Rao, Venkataraman, Gandhi, Shankar, Kashmir, nuclear, nonproliferation, economic reform, trade, and defense terms.",https://catalog.archives.gov/id/645607137,https://s3.amazonaws.com/NARAprodstorage/lz/presidential-libraries/bush/gb-rbc/country_470572294/41-bpr-dhm-cheney-country-31802-008.pdf
gap-cheney-country-files,High,Triaged,Source Expansion,Screen Cheney Country Files before closing the source search,4,Page-boundary pull,Potential lead,645607805,,India,1989-01-20,India [A],645607805,Cheney collection | Richard Cheney Collection | Country Files | Country Files | NAID 645607805 | 41-bpr-dhm-cheney-country-31832-001.pdf,,Restricted - Partly; Online object available,high-priority gap target; promotion requires PDF screening; folder or staff-file source pool; catalog-derived title/source note; page count unresolved,"Do Gates, Cheney, Haass, and H-Files companion records support or change the Pakistan nuclear/Pressler/F-16 selection arc?","Open the PDF, identify policy-bearing pages, assign page boundaries, and record promote/exclude/cite-only rationale. Gap cue: Search India with Rao, Venkataraman, Gandhi, Shankar, Kashmir, nuclear, nonproliferation, economic reform, trade, and defense terms.",https://catalog.archives.gov/id/645607805,https://s3.amazonaws.com/NARAprodstorage/lz/presidential-libraries/bush/gb-rbc/country_470572294/41-bpr-dhm-cheney-country-31832-001.pdf
gap-cheney-country-files,High,Triaged,Source Expansion,Screen Cheney Country Files before closing the source search,4,Page-boundary pull,Potential lead,645607807,,India,1989-01-20,India [B],645607807,Cheney collection | Richard Cheney Collection | Country Files | Country Files | NAID 645607807 | 41-bpr-dhm-cheney-country-31832-002.pdf,,Restricted - Partly; Online object available,high-priority gap target; promotion requires PDF screening; folder or staff-file source pool; catalog-derived title/source note; page count unresolved,"Do Gates, Cheney, Haass, and H-Files companion records support or change the Pakistan nuclear/Pressler/F-16 selection arc?","Open the PDF, identify policy-bearing pages, assign page boundaries, and record promote/exclude/cite-only rationale. Gap cue: Search India with Rao, Venkataraman, Gandhi, Shankar, Kashmir, nuclear, nonproliferation, economic reform, trade, and defense terms.",https://catalog.archives.gov/id/645607807,https://s3.amazonaws.com/NARAprodstorage/lz/presidential-libraries/bush/gb-rbc/country_470572294/41-bpr-dhm-cheney-country-31832-002.pdf
gap-cheney-country-files,High,Triaged,Source Expansion,Screen Cheney Country Files before closing the source search,4,Page-boundary pull,Potential lead,286185941,,Regional,1989-01-20,"Milam, William - AMB to Bangladesh",286185941,Catalog lead | Records of the White House Office of Presidential Personnel (George H. W. Bush Administration) | Katja Bullock Appointment Files | Katja Bullock Appointment Files | NAID 286185941 | 41-bpr-pers-bullock-appt-07091-008.pdf,,Restricted - Possibly; Online object available,high-priority gap target; catalog-derived title/source note; page count unresolved,"Do Gates, Cheney, Haass, and H-Files companion records support or change the Pakistan nuclear/Pressler/F-16 selection arc?","Open the PDF, identify policy-bearing pages, assign page boundaries, and record promote/exclude/cite-only rationale. Gap cue: Review Afghanistan files 645607685, 645607321, and 645607323.",https://catalog.archives.gov/id/286185941,https://s3.amazonaws.com/NARAprodstorage/lz/presidential-libraries/bush/foia/2000/Batch0001/41-bpr-pers-bullock-appt-07091-008.pdf
gap-cheney-country-files,High,Triaged,Source Expansion,Screen Cheney Country Files before closing the source search,4,Page-boundary pull,Potential lead,645608235,,Pakistan,1989-01-20,Pakistan,645608235,Cheney collection | Richard Cheney Collection | Country Files | Country Files | NAID 645608235 | 41-bpr-dhm-cheney-country-31850-010.pdf,,Restricted - Partly; Online object available,high-priority gap target; promotion requires PDF screening; folder or staff-file source pool; catalog-derived title/source note; page count unresolved,"Do Gates, Cheney, Haass, and H-Files companion records support or change the Pakistan nuclear/Pressler/F-16 selection arc?","Open the PDF, identify policy-bearing pages, assign page boundaries, and record promote/exclude/cite-only rationale. Gap cue: Search India with Rao, Venkataraman, Gandhi, Shankar, Kashmir, nuclear, nonproliferation, economic reform, trade, and defense terms.",https://catalog.archives.gov/id/645608235,https://s3.amazonaws.com/NARAprodstorage/lz/presidential-libraries/bush/gb-rbc/country_470572294/41-bpr-dhm-cheney-country-31850-010.pdf
gap-cheney-country-files,High,Triaged,Source Expansion,Screen Cheney Country Files before closing the source search,4,Page-boundary pull,Potential lead,645607905,,Pakistan,1989-01-20,Pakistan [A],645607905,Cheney collection | Richard Cheney Collection | Country Files | Country Files | NAID 645607905 | 41-bpr-dhm-cheney-country-31836-005.pdf,,Restricted - Partly; Online object available,high-priority gap target; promotion requires PDF screening; folder or staff-file source pool; catalog-derived title/source note; page count unresolved,"Do Gates, Cheney, Haass, and H-Files companion records support or change the Pakistan nuclear/Pressler/F-16 selection arc?","Open the PDF, identify policy-bearing pages, assign page boundaries, and record promote/exclude/cite-only rationale. Gap cue: Search India with Rao, Venkataraman, Gandhi, Shankar, Kashmir, nuclear, nonproliferation, economic reform, trade, and defense terms.",https://catalog.archives.gov/id/645607905,https://s3.amazonaws.com/NARAprodstorage/lz/presidential-libraries/bush/gb-rbc/country_470572294/41-bpr-dhm-cheney-country-31836-005.pdf
gap-cheney-country-files,High,Triaged,Source Expansion,Screen Cheney Country Files before closing the source search,4,Page-boundary pull,Potential lead,645607531,,Pakistan,1989-01-20,Pakistan [A],645607531,Cheney collection | Richard Cheney Collection | Country Files | Country Files | NAID 645607531 | 41-bpr-dhm-cheney-country-31820-001.pdf,,Restricted - Partly; Online object available,high-priority gap target; promotion requires PDF screening; folder or staff-file source pool; catalog-derived title/source note; page count unresolved,"Do Gates, Cheney, Haass, and H-Files companion records support or change the Pakistan nuclear/Pressler/F-16 selection arc?","Open the PDF, identify policy-bearing pages, assign page boundaries, and record promote/exclude/cite-only rationale. Gap cue: Search India with Rao, Venkataraman, Gandhi, Shankar, Kashmir, nuclear, nonproliferation, economic reform, trade, and defense terms.",https://catalog.archives.gov/id/645607531,https://s3.amazonaws.com/NARAprodstorage/lz/presidential-libraries/bush/gb-rbc/country_470572294/41-bpr-dhm-cheney-country-31820-001.pdf
gap-cheney-country-files,High,Triaged,Source Expansion,Screen Cheney Country Files before closing the source search,4,Page-boundary pull,Potential lead,645607533,,Pakistan,1989-01-20,Pakistan [B],645607533,Cheney collection | Richard Cheney Collection | Country Files | Country Files | NAID 645607533 | 41-bpr-dhm-cheney-country-31820-002.pdf,,Restricted - Partly; Online object available,high-priority gap target; promotion requires PDF screening; folder or staff-file source pool; catalog-derived title/source note; page count unresolved,"Do Gates, Cheney, Haass, and H-Files companion records support or change the Pakistan nuclear/Pressler/F-16 selection arc?","Open the PDF, identify policy-bearing pages, assign page boundaries, and record promote/exclude/cite-only rationale. Gap cue: Search India with Rao, Venkataraman, Gandhi, Shankar, Kashmir, nuclear, nonproliferation, economic reform, trade, and defense terms.",https://catalog.archives.gov/id/645607533,https://s3.amazonaws.com/NARAprodstorage/lz/presidential-libraries/bush/gb-rbc/country_470572294/41-bpr-dhm-cheney-country-31820-002.pdf
gap-cheney-country-files,High,Triaged,Source Expansion,Screen Cheney Country Files before closing the source search,4,Page-boundary pull,Potential lead,645607907,,Pakistan,1989-01-20,Pakistan [B],645607907,Cheney collection | Richard Cheney Collection | Country Files | Country Files | NAID 645607907 | 41-bpr-dhm-cheney-country-31836-006.pdf,,Restricted - Partly; Online object available,high-priority gap target; promotion requires PDF screening; folder or staff-file source pool; catalog-derived title/source note; page count unresolved,"Do Gates, Cheney, Haass, and H-Files companion records support or change the Pakistan nuclear/Pressler/F-16 selection arc?","Open the PDF, identify policy-bearing pages, assign page boundaries, and record promote/exclude/cite-only rationale. Gap cue: Search India with Rao, Venkataraman, Gandhi, Shankar, Kashmir, nuclear, nonproliferation, economic reform, trade, and defense terms.",https://catalog.archives.gov/id/645607907,https://s3.amazonaws.com/NARAprodstorage/lz/presidential-libraries/bush/gb-rbc/country_470572294/41-bpr-dhm-cheney-country-31836-006.pdf
gap-cheney-country-files,High,Triaged,Source Expansion,Screen Cheney Country Files before closing the source search,4,Page-boundary pull,Potential lead,470437053,,Pakistan,1989-01-20,Pakistan-India,470437053,NSC files | Records of the National Security Council (George H. W. Bush Administration) | Robert M. Gates' Subject Files | Robert M. Gates' Subject Files | NAID 470437053 | 41-bpr-nsc-gates-subj-cf00946-012.pdf,,Restricted - Possibly; Online object available,high-priority gap target; promotion requires PDF screening; folder or staff-file source pool; catalog-derived title/source note; page count unresolved,"Do Gates, Cheney, Haass, and H-Files companion records support or change the Pakistan nuclear/Pressler/F-16 selection arc?","Open the PDF, identify policy-bearing pages, assign page boundaries, and record promote/exclude/cite-only rationale. Gap cue: Search India with Rao, Venkataraman, Gandhi, Shankar, Kashmir, nuclear, nonproliferation, economic reform, trade, and defense terms.",https://catalog.archives.gov/id/470437053,https://s3.dualstack.us-east-1.amazonaws.com/NARAprodstorage/lz/presidential-libraries/bush/gb-nsc/gates/subject_2554843/41-bpr-nsc-gates-subj-cf00946-012.pdf
gap-cheney-country-files,High,Triaged,Source Expansion,Screen Cheney Country Files before closing the source search,4,Page-boundary pull,Confirmed record,428079777,2.001,Pakistan,1989-01-23,Memorandum of Telephone Conversation,428079777; [Memorandum of Telephone Conversations (Telcons) - January 1989-July 1989]: January 1989,Presidential Telcon Files | Records of the National Security Council (George H. W. Bush Administration) | Presidential Telcon Files | [Memorandum of Telephone Conversations (Telcons) - January 1989-July 1989]: January 1989 | 1989-01-23--Bhutto.pdf,1 page,Full,high-priority gap target; source page range not fixed; catalog-derived title/source note,"Do Gates, Cheney, Haass, and H-Files companion records support or change the Pakistan nuclear/Pressler/F-16 selection arc?","Open the PDF, verify item-level page boundaries and title, then update source note or decision log if the folder contains multiple documents. Gap cue: Prioritize Gates Subject File 470437053 and Pakistan H-Files 470426231, 470426238, and 470426240.",https://catalog.archives.gov/id/428079777,https://s3.us-east-1.amazonaws.com/NARAprodstorage/lz/presidential-libraries/bush/gb-nsc/321498139/1989-01-23--Bhutto.pdf
gap-cheney-country-files,High,Triaged,Source Expansion,Screen Cheney Country Files before closing the source search,4,Page-boundary pull,Confirmed record,428079809,2.002,Pakistan,1989-01-25,Memorandum of Telephone Conversation,428079809; [Memorandum of Telephone Conversations (Telcons) - January 1989-July 1989]: January 1989,Presidential Telcon Files | Records of the National Security Council (George H. W. Bush Administration) | Presidential Telcon Files | [Memorandum of Telephone Conversations (Telcons) - January 1989-July 1989]: January 1989 | 1989-01-25--Khan.pdf,1 page,Full,high-priority gap target; source page range not fixed; catalog-derived title/source note,"Do Gates, Cheney, Haass, and H-Files companion records support or change the Pakistan nuclear/Pressler/F-16 selection arc?","Open the PDF, verify item-level page boundaries and title, then update source note or decision log if the folder contains multiple documents. Gap cue: Prioritize Gates Subject File 470437053 and Pakistan H-Files 470426231, 470426238, and 470426240.",https://catalog.archives.gov/id/428079809,https://s3.us-east-1.amazonaws.com/NARAprodstorage/lz/presidential-libraries/bush/gb-nsc/321498139/1989-01-25--Khan.pdf
gap-cheney-country-files,High,Triaged,Source Expansion,Screen Cheney Country Files before closing the source search,4,Page-boundary pull,Confirmed record,446394923,1.001,Afghanistan,1989-02-07,"NSR-1 - February 07, 1989 - Afghanistan",446394923; 90006-001,H-Files - National Security Review (NSR) Files | Records of the National Security Council (George H. W. Bush Administration) | H-Files - National Security Review (NSR) Files | 90006-001 | 41-bpr-nsc-hfiles-nsr-1-90006-001.pdf,30 pages,Restricted - Possibly,high-priority gap target; folder or staff-file source pool; access review affects selection; large PDF extent; source page range not fixed; catalog-derived title/source note,"Do Gates, Cheney, Haass, and H-Files companion records support or change the Pakistan nuclear/Pressler/F-16 selection arc?","Open the PDF, verify item-level page boundaries and title, then update source note or decision log if the folder contains multiple documents. Gap cue: Review Afghanistan files 645607685, 645607321, and 645607323.",https://catalog.archives.gov/id/446394923,https://s3.amazonaws.com/NARAprodstorage/lz/presidential-libraries/bush/gb-nsc/H-Files/NSRs_313189297/41-bpr-nsc-hfiles-nsr-1-90006-001.pdf
gap-cheney-country-files,High,Triaged,Source Expansion,Screen Cheney Country Files before closing the source search,4,Page-boundary pull,Confirmed record,470760975,1.002,Afghanistan,1989-02-08,"NSC/DC 001 - February 08, 1989 - NSC/DC Meeting on Afghanistan, Keywords: Afghanistan",470760975; 90009-001,H-Files - National Security Council (NSC)/Deputies Committee (DC) Meetings Files | Records of the National Security Council (George H. W. Bush Administration) | H-Files - National Security Council (NSC)/Deputies Committee (DC) Meetings Files | 90009-001 | 41-bpr-nsc-hfiles-dc_mtgs-1-90009-001.pdf,52 pages,Restricted - Possibly,high-priority gap target; folder or staff-file source pool; access review affects selection; large PDF extent; source page range not fixed; catalog-derived title/source note,"Do Gates, Cheney, Haass, and H-Files companion records support or change the Pakistan nuclear/Pressler/F-16 selection arc?","Open the PDF, verify item-level page boundaries and title, then update source note or decision log if the folder contains multiple documents. Gap cue: Review Afghanistan files 645607685, 645607321, and 645607323.",https://catalog.archives.gov/id/470760975,https://s3.amazonaws.com/NARAprodstorage/lz/presidential-libraries/bush/gb-nsc/H-Files/NSC-DC_Mtgs_312294079/41-bpr-nsc-hfiles-dc_mtgs-1-90009-001.pdf
gap-cheney-country-files,High,Triaged,Source Expansion,Screen Cheney Country Files before closing the source search,4,Page-boundary pull,Confirmed record,470760885,1.003,Afghanistan,1989-02-10,"NSC0001 - February 10, 1989 - Afghanistan",470760885; 90000-001,H-Files - National Security Council (NSC) Meeting Files | Records of the National Security Council (George H. W. Bush Administration) | H-Files - National Security Council (NSC) Meeting Files | 90000-001 | 41-bpr-nsc-hfiles-nsc_mtgs-1-90000-001.pdf,20 pages,Restricted - Possibly,high-priority gap target; folder or staff-file source pool; access review affects selection; large PDF extent; source page range not fixed; catalog-derived title/source note,"Do Gates, Cheney, Haass, and H-Files companion records support or change the Pakistan nuclear/Pressler/F-16 selection arc?","Open the PDF, verify item-level page boundaries and title, then update source note or decision log if the folder contains multiple documents. Gap cue: Review Afghanistan files 645607685, 645607321, and 645607323.",https://catalog.archives.gov/id/470760885,https://s3.amazonaws.com/NARAprodstorage/lz/presidential-libraries/bush/gb-nsc/H-Files/NSC_Mtgs_312293887/41-bpr-nsc-hfiles-nsc_mtgs-1-90000-001.pdf
gap-cheney-country-files,High,Triaged,Source Expansion,Screen Cheney Country Files before closing the source search,4,Page-boundary pull,Confirmed record,446396813,1.004,Afghanistan,1989-02-13,"NSD-3 - February 13, 1989 - U.S. Policy toward Afghanistan (File located @ LM)",446396813; 90003-004,H-Files - National Security Directive (NSD) Files | Records of the National Security Council (George H. W. Bush Administration) | H-Files - National Security Directive (NSD) Files | 90003-004 | 41-bpr-nsc-hfiles-nsd-3-90003-004.pdf,52 pages,Restricted - Possibly,high-priority gap target; folder or staff-file source pool; access review affects selection; large PDF extent; source page range not fixed; catalog-derived title/source note,"Do Gates, Cheney, Haass, and H-Files companion records support or change the Pakistan nuclear/Pressler/F-16 selection arc?","Open the PDF, verify item-level page boundaries and title, then update source note or decision log if the folder contains multiple documents. Gap cue: Review Afghanistan files 645607685, 645607321, and 645607323.",https://catalog.archives.gov/id/446396813,https://s3.amazonaws.com/NARAprodstorage/lz/presidential-libraries/bush/gb-nsc/H-Files/NSDs_313189290/41-bpr-nsc-hfiles-nsd-3-90003-004.pdf
gap-cheney-country-files,High,Triaged,Source Expansion,Screen Cheney Country Files before closing the source search,4,Page-boundary pull,Confirmed record,428079855,3.001,India,1989-02-23,Memorandum of Conversation,428079855; [Memorandum of Conversations (Memcons)-January 1989-May 1989]: February 1989,Presidential Memcon Files | Records of the National Security Council (George H. W. Bush Administration) | Presidential Memcon Files | [Memorandum of Conversations (Memcons)-January 1989-May 1989]: February 1989 | 1989-02-23--Venkataraman.pdf,9 pages,Full,high-priority gap target; source page range not fixed; catalog-derived title/source note,"Do Gates, Cheney, Haass, and H-Files companion records support or change the Pakistan nuclear/Pressler/F-16 selection arc?","Open the PDF, verify item-level page boundaries and title, then update source note or decision log if the folder contains multiple documents. Gap cue: Search India with Rao, Venkataraman, Gandhi, Shankar, Kashmir, nuclear, nonproliferation, economic reform, trade, and defense terms.",https://catalog.archives.gov/id/428079855,https://s3.us-east-1.amazonaws.com/NARAprodstorage/lz/presidential-libraries/bush/gb-nsc/321498039/1989-02-23--Venkataraman.pdf
gap-cheney-country-files,High,Triaged,Source Expansion,Screen Cheney Country Files before closing the source search,4,Page-boundary pull,Confirmed record,428079859,2.003,Pakistan,1989-02-24,Memorandum of Conversation,428079859; [Memorandum of Conversations (Memcons)-January 1989-May 1989]: February 1989,Presidential Memcon Files | Records of the National Security Council (George H. W. Bush Administration) | Presidential Memcon Files | [Memorandum of Conversations (Memcons)-January 1989-May 1989]: February 1989 | 1989-02-24--Bhutto.pdf,7 pages,Full,high-priority gap target; source page range not fixed; catalog-derived title/source note,"Do Gates, Cheney, Haass, and H-Files companion records support or change the Pakistan nuclear/Pressler/F-16 selection arc?","Open the PDF, verify item-level page boundaries and title, then update source note or decision log if the folder contains multiple documents. Gap cue: Prioritize Gates Subject File 470437053 and Pakistan H-Files 470426231, 470426238, and 470426240.",https://catalog.archives.gov/id/428079859,https://s3.us-east-1.amazonaws.com/NARAprodstorage/lz/presidential-libraries/bush/gb-nsc/321498039/1989-02-24--Bhutto.pdf
gap-cheney-country-files,High,Triaged,Source Expansion,Screen Cheney Country Files before closing the source search,4,Page-boundary pull,Confirmed record,470760979,1.006,Afghanistan,1989-03-08,"NSC/DC 005 - March 08, 1989 - NSC/DC Meeting on Non-Lethal Finding and Transfer of Funds re: Afghanistan, Keywords: Afghanistan",470760979; 90009-005,H-Files - National Security Council (NSC)/Deputies Committee (DC) Meetings Files | Records of the National Security Council (George H. W. Bush Administration) | H-Files - National Security Council (NSC)/Deputies Committee (DC) Meetings Files | 90009-005 | 41-bpr-nsc-hfiles-dc_mtgs-5-90009-005.pdf,6 pages,Restricted - Possibly,high-priority gap target; folder or staff-file source pool; access review affects selection; source page range not fixed; catalog-derived title/source note,"Do Gates, Cheney, Haass, and H-Files companion records support or change the Pakistan nuclear/Pressler/F-16 selection arc?","Open the PDF, verify item-level page boundaries and title, then update source note or decision log if the folder contains multiple documents. Gap cue: Review Afghanistan files 645607685, 645607321, and 645607323.",https://catalog.archives.gov/id/470760979,https://s3.amazonaws.com/NARAprodstorage/lz/presidential-libraries/bush/gb-nsc/H-Files/NSC-DC_Mtgs_312294079/41-bpr-nsc-hfiles-dc_mtgs-5-90009-005.pdf
gap-cheney-country-files,High,Triaged,Source Expansion,Screen Cheney Country Files before closing the source search,4,Page-boundary pull,Confirmed record,470760888,1.007,Afghanistan,1989-03-14,"NSC0004 - March 14, 1989 - Panama, Nicaragua, Afghanistan (File located @ LM)",470760888; 90000-004,H-Files - National Security Council (NSC) Meeting Files | Records of the National Security Council (George H. W. Bush Administration) | H-Files - National Security Council (NSC) Meeting Files | 90000-004 | 41-bpr-nsc-hfiles-nsc_mtgs-4-90000-004.pdf,1 page,Restricted - Possibly,high-priority gap target; folder or staff-file source pool; access review affects selection; source page range not fixed; catalog-derived title/source note,"Do Gates, Cheney, Haass, and H-Files companion records support or change the Pakistan nuclear/Pressler/F-16 selection arc?","Open the PDF, verify item-level page boundaries and title, then update source note or decision log if the folder contains multiple documents. Gap cue: Review Afghanistan files 645607685, 645607321, and 645607323.",https://catalog.archives.gov/id/470760888,https://s3.amazonaws.com/NARAprodstorage/lz/presidential-libraries/bush/gb-nsc/H-Files/NSC_Mtgs_312293887/41-bpr-nsc-hfiles-nsc_mtgs-4-90000-004.pdf
gap-cheney-country-files,High,Triaged,Source Expansion,Screen Cheney Country Files before closing the source search,4,Page-boundary pull,Confirmed record,446396815,1.008,Afghanistan,1989-03-18,"NSD-5 - March 18, 1989 - Legislation to Authorize the Transfer of Funds to the Agency for International Development (AID) for Humanitarian Assistance to Afghanistan (File located @ LM)",446396815; 90003-006,H-Files - National Security Directive (NSD) Files | Records of the National Security Council (George H. W. Bush Administration) | H-Files - National Security Directive (NSD) Files | 90003-006 | 41-bpr-nsc-hfiles-nsd-5-90003-006.pdf,43 pages,Restricted - Possibly,high-priority gap target; folder or staff-file source pool; access review affects selection; large PDF extent; source page range not fixed; catalog-derived title/source note,"Do Gates, Cheney, Haass, and H-Files companion records support or change the Pakistan nuclear/Pressler/F-16 selection arc?","Open the PDF, verify item-level page boundaries and title, then update source note or decision log if the folder contains multiple documents. Gap cue: Review Afghanistan files 645607685, 645607321, and 645607323.",https://catalog.archives.gov/id/446396815,https://s3.amazonaws.com/NARAprodstorage/lz/presidential-libraries/bush/gb-nsc/H-Files/NSDs_313189290/41-bpr-nsc-hfiles-nsd-5-90003-006.pdf
gap-cheney-country-files,High,Triaged,Source Expansion,Screen Cheney Country Files before closing the source search,4,Page-boundary pull,Confirmed record,470760996,3.003,India,1989-05-04,"NSC/DC 022 - May 04, 1989 - NSC/DC Meeting on South Asia, Keywords: South Asia, India (File located @ LM)",470760996; 90010-001,H-Files - National Security Council (NSC)/Deputies Committee (DC) Meetings Files | Records of the National Security Council (George H. W. Bush Administration) | H-Files - National Security Council (NSC)/Deputies Committee (DC) Meetings Files | 90010-001 | 41-bpr-nsc-hfiles-dc_mtgs-22-90010-001.pdf,45 pages,Restricted - Possibly,high-priority gap target; folder or staff-file source pool; access review affects selection; large PDF extent; source page range not fixed; catalog-derived title/source note,"Do Gates, Cheney, Haass, and H-Files companion records support or change the Pakistan nuclear/Pressler/F-16 selection arc?","Open the PDF, verify item-level page boundaries and title, then update source note or decision log if the folder contains multiple documents. Gap cue: Search India with Rao, Venkataraman, Gandhi, Shankar, Kashmir, nuclear, nonproliferation, economic reform, trade, and defense terms.",https://catalog.archives.gov/id/470760996,https://s3.amazonaws.com/NARAprodstorage/lz/presidential-libraries/bush/gb-nsc/H-Files/NSC-DC_Mtgs_312294079/41-bpr-nsc-hfiles-dc_mtgs-22-90010-001.pdf
gap-cheney-country-files,High,Triaged,Source Expansion,Screen Cheney Country Files before closing the source search,4,Page-boundary pull,Confirmed record,428080031,2.005,Pakistan,1989-06-06,Memorandum of Conversation,428080031; [Memorandum of Conversations (Memcons) - June 1989-December 1989]: June 1989,Presidential Memcon Files | Records of the National Security Council (George H. W. Bush Administration) | Presidential Memcon Files | [Memorandum of Conversations (Memcons) - June 1989-December 1989]: June 1989 | 1989-06-06--Bhutto.pdf,3 pages,Full,high-priority gap target; folder or staff-file source pool; source page range not fixed; catalog-derived title/source note,"Do Gates, Cheney, Haass, and H-Files companion records support or change the Pakistan nuclear/Pressler/F-16 selection arc?","Open the PDF, verify item-level page boundaries and title, then update source note or decision log if the folder contains multiple documents. Gap cue: Prioritize Gates Subject File 470437053 and Pakistan H-Files 470426231, 470426238, and 470426240.",https://catalog.archives.gov/id/428080031,https://s3.us-east-1.amazonaws.com/NARAprodstorage/lz/presidential-libraries/bush/gb-nsc/321498039/1989-06-06--Bhutto.pdf
gap-cheney-country-files,High,Triaged,Source Expansion,Screen Cheney Country Files before closing the source search,4,Page-boundary pull,Confirmed record,428080057,3.004,India,1989-06-08,Memorandum of Telephone Conversation,428080057; [Memorandum of Telephone Conversations (Telcons) - January 1989-July 1989]: June 1989,Presidential Telcon Files | Records of the National Security Council (George H. W. Bush Administration) | Presidential Telcon Files | [Memorandum of Telephone Conversations (Telcons) - January 1989-July 1989]: June 1989 | 1989-06-08--Gandhi.pdf,4 pages,Full,high-priority gap target; catalog-derived title/source note,"Do Gates, Cheney, Haass, and H-Files companion records support or change the Pakistan nuclear/Pressler/F-16 selection arc?","Open the PDF, verify item-level page boundaries and title, then update source note or decision log if the folder contains multiple documents. Gap cue: Search India with Rao, Venkataraman, Gandhi, Shankar, Kashmir, nuclear, nonproliferation, economic reform, trade, and defense terms.",https://catalog.archives.gov/id/428080057,https://s3.us-east-1.amazonaws.com/NARAprodstorage/lz/presidential-libraries/bush/gb-nsc/321498139/1989-06-08--Gandhi.pdf
gap-cheney-country-files,High,Triaged,Source Expansion,Screen Cheney Country Files before closing the source search,4,Page-boundary pull,Confirmed record,428080061,2.009,Pakistan,1989-06-10,Memorandum of Telephone Conversation,428080061; [Memorandum of Telephone Conversations (Telcons) - January 1989-July 1989]: June 1989,Presidential Telcon Files | Records of the National Security Council (George H. W. Bush Administration) | Presidential Telcon Files | [Memorandum of Telephone Conversations (Telcons) - January 1989-July 1989]: June 1989 | 1989-06-10--Bhutto.pdf,1 page,Full,high-priority gap target; source page range not fixed; catalog-derived title/source note,"Do Gates, Cheney, Haass, and H-Files companion records support or change the Pakistan nuclear/Pressler/F-16 selection arc?","Open the PDF, verify item-level page boundaries and title, then update source note or decision log if the folder contains multiple documents. Gap cue: Prioritize Gates Subject File 470437053 and Pakistan H-Files 470426231, 470426238, and 470426240.",https://catalog.archives.gov/id/428080061,https://s3.us-east-1.amazonaws.com/NARAprodstorage/lz/presidential-libraries/bush/gb-nsc/321498139/1989-06-10--Bhutto.pdf
gap-cheney-country-files,High,Triaged,Source Expansion,Screen Cheney Country Files before closing the source search,4,Page-boundary pull,Confirmed record,428080113,3.005,India,1989-07-04,Memorandum of Telephone Conversation,428080113; [Memorandum of Telephone Conversations (Telcons) - January 1989-July 1989]: July 1989,Presidential Telcon Files | Records of the National Security Council (George H. W. Bush Administration) | Presidential Telcon Files | [Memorandum of Telephone Conversations (Telcons) - January 1989-July 1989]: July 1989 | 1989-07-04--Gandhi.pdf,2 pages,Full,high-priority gap target; source page range not fixed; catalog-derived title/source note,"Do Gates, Cheney, Haass, and H-Files companion records support or change the Pakistan nuclear/Pressler/F-16 selection arc?","Open the PDF, verify item-level page boundaries and title, then update source note or decision log if the folder contains multiple documents. Gap cue: Search India with Rao, Venkataraman, Gandhi, Shankar, Kashmir, nuclear, nonproliferation, economic reform, trade, and defense terms.",https://catalog.archives.gov/id/428080113,https://s3.us-east-1.amazonaws.com/NARAprodstorage/lz/presidential-libraries/bush/gb-nsc/321498139/1989-07-04--Gandhi.pdf
gap-cheney-country-files,High,Triaged,Source Expansion,Screen Cheney Country Files before closing the source search,4,Page-boundary pull,Confirmed record,428080169,2.010,Pakistan,1989-08-05,Memorandum of Telephone Conversation,428080169; [Memorandum of Telephone Conversations (Telcons) - August 1989-December 1989]: August 1989,Presidential Telcon Files | Records of the National Security Council (George H. W. Bush Administration) | Presidential Telcon Files | [Memorandum of Telephone Conversations (Telcons) - August 1989-December 1989]: August 1989 | 1989-08-05--Bhutto.pdf,2 pages,Full,high-priority gap target; source page range not fixed; catalog-derived title/source note,"Do Gates, Cheney, Haass, and H-Files companion records support or change the Pakistan nuclear/Pressler/F-16 selection arc?","Open the PDF, verify item-level page boundaries and title, then update source note or decision log if the folder contains multiple documents. Gap cue: Prioritize Gates Subject File 470437053 and Pakistan H-Files 470426231, 470426238, and 470426240.",https://catalog.archives.gov/id/428080169,https://s3.us-east-1.amazonaws.com/NARAprodstorage/lz/presidential-libraries/bush/gb-nsc/321498139/1989-08-05--Bhutto.pdf
gap-cheney-country-files,High,Triaged,Source Expansion,Screen Cheney Country Files before closing the source search,4,Page-boundary pull,Confirmed record,470426218,1.010,Afghanistan,1989-10-16,"NSC/DC [Deputies Committee] Meeting - October 16, 1989 re: Afghanistan",470426218; CF01625-007,Richard N. Haass' Meeting Files | Records of the National Security Council (George H. W. Bush Administration) | Richard N. Haass' Meeting Files | CF01625-007 | 41-bpr-nsc-haass_meeting-cf01625-007.pdf,18 pages,Restricted - Possibly,high-priority gap target; folder or staff-file source pool; access review affects selection; source page range not fixed; catalog-derived title/source note,"Do Gates, Cheney, Haass, and H-Files companion records support or change the Pakistan nuclear/Pressler/F-16 selection arc?","Open the PDF, verify item-level page boundaries and title, then update source note or decision log if the folder contains multiple documents. Gap cue: Review Afghanistan files 645607685, 645607321, and 645607323.",https://catalog.archives.gov/id/470426218,https://s3.dualstack.us-east-1.amazonaws.com/NARAprodstorage/lz/presidential-libraries/bush/gb-nsc/haass/meeting_2554866/41-bpr-nsc-haass_meeting-cf01625-007.pdf
gap-cheney-country-files,High,Triaged,Source Expansion,Screen Cheney Country Files before closing the source search,4,Page-boundary pull,Confirmed record,428080301,3.006,India,1989-10-18,Memorandum of Telephone Conversation,428080301; [Memorandum of Telephone Conversations (Telcons) - August 1989-December 1989]: October 1989,Presidential Telcon Files | Records of the National Security Council (George H. W. Bush Administration) | Presidential Telcon Files | [Memorandum of Telephone Conversations (Telcons) - August 1989-December 1989]: October 1989 | 1989-10-18--Gandhi.pdf,1 page,Full,high-priority gap target; source page range not fixed; catalog-derived title/source note,"Do Gates, Cheney, Haass, and H-Files companion records support or change the Pakistan nuclear/Pressler/F-16 selection arc?","Open the PDF, verify item-level page boundaries and title, then update source note or decision log if the folder contains multiple documents. Gap cue: Search India with Rao, Venkataraman, Gandhi, Shankar, Kashmir, nuclear, nonproliferation, economic reform, trade, and defense terms.",https://catalog.archives.gov/id/428080301,https://s3.us-east-1.amazonaws.com/NARAprodstorage/lz/presidential-libraries/bush/gb-nsc/321498139/1989-10-18--Gandhi.pdf
gap-cheney-country-files,High,Triaged,Source Expansion,Screen Cheney Country Files before closing the source search,4,Page-boundary pull,Confirmed record,470761041,1.011,Afghanistan,1989-10-18,"NSC/DC 065A - October 18, 1989 - NSC/DC Meeting on Afghanistan, Keywords: Afghanistan (File located @ LM)",470761041; 90011-020,H-Files - National Security Council (NSC)/Deputies Committee (DC) Meetings Files | Records of the National Security Council (George H. W. Bush Administration) | H-Files - National Security Council (NSC)/Deputies Committee (DC) Meetings Files | 90011-020 | 41-bpr-nsc-hfiles-dc_mtgs-65a-90011-020.pdf,8 pages,Restricted - Possibly,high-priority gap target; folder or staff-file source pool; access review affects selection; source page range not fixed; catalog-derived title/source note,"Do Gates, Cheney, Haass, and H-Files companion records support or change the Pakistan nuclear/Pressler/F-16 selection arc?","Open the PDF, verify item-level page boundaries and title, then update source note or decision log if the folder contains multiple documents. Gap cue: Review Afghanistan files 645607685, 645607321, and 645607323.",https://catalog.archives.gov/id/470761041,https://s3.amazonaws.com/NARAprodstorage/lz/presidential-libraries/bush/gb-nsc/H-Files/NSC-DC_Mtgs_312294079/41-bpr-nsc-hfiles-dc_mtgs-65a-90011-020.pdf
gap-cheney-country-files,High,Triaged,Source Expansion,Screen Cheney Country Files before closing the source search,4,Page-boundary pull,Confirmed record,470426219,1.012,Afghanistan,1989-10-23,"NSC Meeting - October 23, 1989 re: Afghanistan",470426219; CF01625-008,Richard N. Haass' Meeting Files | Records of the National Security Council (George H. W. Bush Administration) | Richard N. Haass' Meeting Files | CF01625-008 | 41-bpr-nsc-haass_meeting-cf01625-008.pdf,24 pages,Restricted - Possibly,high-priority gap target; folder or staff-file source pool; access review affects selection; large PDF extent; source page range not fixed; catalog-derived title/source note,"Do Gates, Cheney, Haass, and H-Files companion records support or change the Pakistan nuclear/Pressler/F-16 selection arc?","Open the PDF, verify item-level page boundaries and title, then update source note or decision log if the folder contains multiple documents. Gap cue: Review Afghanistan files 645607685, 645607321, and 645607323.",https://catalog.archives.gov/id/470426219,https://s3.dualstack.us-east-1.amazonaws.com/NARAprodstorage/lz/presidential-libraries/bush/gb-nsc/haass/meeting_2554866/41-bpr-nsc-haass_meeting-cf01625-008.pdf
gap-cheney-country-files,High,Triaged,Source Expansion,Screen Cheney Country Files before closing the source search,4,Page-boundary pull,Confirmed record,428080317,2.011,Pakistan,1989-11-01,Memorandum of Telephone Conversation,428080317; [Memorandum of Telephone Conversations (Telcons) - August 1989-December 1989]: November 1989,Presidential Telcon Files | Records of the National Security Council (George H. W. Bush Administration) | Presidential Telcon Files | [Memorandum of Telephone Conversations (Telcons) - August 1989-December 1989]: November 1989 | 1989-11-01--Bhutto.pdf,3 pages,Full,high-priority gap target; catalog-derived title/source note,"Do Gates, Cheney, Haass, and H-Files companion records support or change the Pakistan nuclear/Pressler/F-16 selection arc?","Open the PDF, verify item-level page boundaries and title, then update source note or decision log if the folder contains multiple documents. Gap cue: Prioritize Gates Subject File 470437053 and Pakistan H-Files 470426231, 470426238, and 470426240.",https://catalog.archives.gov/id/428080317,https://s3.us-east-1.amazonaws.com/NARAprodstorage/lz/presidential-libraries/bush/gb-nsc/321498139/1989-11-01--Bhutto.pdf
gap-cheney-country-files,High,Triaged,Source Expansion,Screen Cheney Country Files before closing the source search,4,Page-boundary pull,Confirmed record,470426381,1.014,Afghanistan,1989-11-27,"Presidential Visit of President [of Afghanistan Interim Government Sibgahtullah] Mojaddedi - November 27, 1989",470426381; CF01404-028,Richard N. Haass' Presidential Meeting Files | Records of the National Security Council (George H. W. Bush Administration) | Richard N. Haass' Presidential Meeting Files | CF01404-028 | 41-bpr-nsc-haass_pres_mtg-cf01404-028.pdf,35 pages,Restricted - Possibly,critical gap target; high-priority gap target; folder or staff-file source pool; access review affects selection; large PDF extent; source page range not fixed; catalog-derived title/source note,"Do Gates, Cheney, Haass, and H-Files companion records support or change the Pakistan nuclear/Pressler/F-16 selection arc?","Open the PDF, verify item-level page boundaries and title, then update source note or decision log if the folder contains multiple documents. Gap cue: Prioritize Haass Working Files 470426597, Haass Meeting File 470426255, Mojaddedi 470426381, Bangladesh Zia 428082145, and Pakistan nuclear meeting files 470426231, 470426238, and 470426240.",https://catalog.archives.gov/id/470426381,https://s3.dualstack.us-east-1.amazonaws.com/NARAprodstorage/lz/presidential-libraries/bush/gb-nsc/haass/pres_mtg_2554869/41-bpr-nsc-haass_pres_mtg-cf01404-028.pdf
gap-cheney-country-files,High,Triaged,Source Expansion,Screen Cheney Country Files before closing the source search,4,Page-boundary pull,Confirmed record,470761101,2.012,Pakistan,1990-03-26,"NSC/DC 112 - March 26, 1990 - NSC/DC Meeting on Kashmir, Keywords: Pakistan",470761101; 90013-024,H-Files - National Security Council (NSC)/Deputies Committee (DC) Meetings Files | Records of the National Security Council (George H. W. Bush Administration) | H-Files - National Security Council (NSC)/Deputies Committee (DC) Meetings Files | 90013-024 | 41-bpr-nsc-hfiles-dc_mtgs-112-90013-024.pdf,13 pages,Restricted - Possibly,high-priority gap target; folder or staff-file source pool; access review affects selection; source page range not fixed; catalog-derived title/source note,"Do Gates, Cheney, Haass, and H-Files companion records support or change the Pakistan nuclear/Pressler/F-16 selection arc?","Open the PDF, verify item-level page boundaries and title, then update source note or decision log if the folder contains multiple documents. Gap cue: Search India with Rao, Venkataraman, Gandhi, Shankar, Kashmir, nuclear, nonproliferation, economic reform, trade, and defense terms.",https://catalog.archives.gov/id/470761101,https://s3.amazonaws.com/NARAprodstorage/lz/presidential-libraries/bush/gb-nsc/H-Files/NSC-DC_Mtgs_312294079/41-bpr-nsc-hfiles-dc_mtgs-112-90013-024.pdf
gap-cheney-country-files,High,Triaged,Source Expansion,Screen Cheney Country Files before closing the source search,4,Page-boundary pull,Confirmed record,470761103,3.007,India,1990-04-04,"NSC/DC 113 - April 04, 1990 - NSC/DC Meeting on Kashmir via SVTS, Keywords: India",470761103; 90013-026,H-Files - National Security Council (NSC)/Deputies Committee (DC) Meetings Files | Records of the National Security Council (George H. W. Bush Administration) | H-Files - National Security Council (NSC)/Deputies Committee (DC) Meetings Files | 90013-026 | 41-bpr-nsc-hfiles-dc_mtgs-113-90013-026.pdf,41 pages,Restricted - Possibly,high-priority gap target; folder or staff-file source pool; access review affects selection; large PDF extent; source page range not fixed; catalog-derived title/source note,"Do Gates, Cheney, Haass, and H-Files companion records support or change the Pakistan nuclear/Pressler/F-16 selection arc?","Open the PDF, verify item-level page boundaries and title, then update source note or decision log if the folder contains multiple documents. Gap cue: Search India with Rao, Venkataraman, Gandhi, Shankar, Kashmir, nuclear, nonproliferation, economic reform, trade, and defense terms.",https://catalog.archives.gov/id/470761103,https://s3.amazonaws.com/NARAprodstorage/lz/presidential-libraries/bush/gb-nsc/H-Files/NSC-DC_Mtgs_312294079/41-bpr-nsc-hfiles-dc_mtgs-113-90013-026.pdf
gap-cheney-country-files,High,Triaged,Source Expansion,Screen Cheney Country Files before closing the source search,4,Page-boundary pull,Confirmed record,470761116,2.013,Pakistan,1990-05-07,"NSC/DC 124 - May 07, 1990 - NSC/DC Meeting re: Pakistan Stingers, Keywords: Pakistan (File located @ LM)",470761116; 90014-013,H-Files - National Security Council (NSC)/Deputies Committee (DC) Meetings Files | Records of the National Security Council (George H. W. Bush Administration) | H-Files - National Security Council (NSC)/Deputies Committee (DC) Meetings Files | 90014-013 | 41-bpr-nsc-hfiles-dc_mtgs-124-90014-013.pdf,42 pages,Restricted - Possibly,high-priority gap target; folder or staff-file source pool; access review affects selection; large PDF extent; source page range not fixed; catalog-derived title/source note,"Do Gates, Cheney, Haass, and H-Files companion records support or change the Pakistan nuclear/Pressler/F-16 selection arc?","Open the PDF, verify item-level page boundaries and title, then update source note or decision log if the folder contains multiple documents. Gap cue: Prioritize Gates Subject File 470437053 and Pakistan H-Files 470426231, 470426238, and 470426240.",https://catalog.archives.gov/id/470761116,https://s3.amazonaws.com/NARAprodstorage/lz/presidential-libraries/bush/gb-nsc/H-Files/NSC-DC_Mtgs_312294079/41-bpr-nsc-hfiles-dc_mtgs-124-90014-013.pdf
gap-cheney-country-files,High,Triaged,Source Expansion,Screen Cheney Country Files before closing the source search,4,Page-boundary pull,Confirmed record,470761140,2.014,Pakistan,1990-06-28,"NSC/DC 147 - June 28, 1990 - NSC/DC Meeting on Pakistan's Nuclear Program, Keywords: Pakistan, Nuclear Matters",470761140; 90015-005,H-Files - National Security Council (NSC)/Deputies Committee (DC) Meetings Files | Records of the National Security Council (George H. W. Bush Administration) | H-Files - National Security Council (NSC)/Deputies Committee (DC) Meetings Files | 90015-005 | 41-bpr-nsc-hfiles-dc_mtgs-147-90015-005.pdf,24 pages,Restricted - Possibly,high-priority gap target; folder or staff-file source pool; access review affects selection; large PDF extent; source page range not fixed; catalog-derived title/source note,"Do Gates, Cheney, Haass, and H-Files companion records support or change the Pakistan nuclear/Pressler/F-16 selection arc?","Open the PDF, verify item-level page boundaries and title, then update source note or decision log if the folder contains multiple documents. Gap cue: Search India with Rao, Venkataraman, Gandhi, Shankar, Kashmir, nuclear, nonproliferation, economic reform, trade, and defense terms.",https://catalog.archives.gov/id/470761140,https://s3.amazonaws.com/NARAprodstorage/lz/presidential-libraries/bush/gb-nsc/H-Files/NSC-DC_Mtgs_312294079/41-bpr-nsc-hfiles-dc_mtgs-147-90015-005.pdf
gap-cheney-country-files,High,Triaged,Source Expansion,Screen Cheney Country Files before closing the source search,4,Page-boundary pull,Confirmed record,470426229,2.015,Pakistan,1990-06-30,"NSC/DC [Deputies Committee] Meeting - June 30, 1990 Re: Pakistan",470426229; CF01625-018,Richard N. Haass' Meeting Files | Records of the National Security Council (George H. W. Bush Administration) | Richard N. Haass' Meeting Files | CF01625-018 | 41-bpr-nsc-haass_meeting-cf01625-018.pdf,14 pages,Restricted - Possibly,high-priority gap target; folder or staff-file source pool; access review affects selection; source page range not fixed; catalog-derived title/source note,"Do Gates, Cheney, Haass, and H-Files companion records support or change the Pakistan nuclear/Pressler/F-16 selection arc?","Open the PDF, verify item-level page boundaries and title, then update source note or decision log if the folder contains multiple documents. Gap cue: Prioritize Gates Subject File 470437053 and Pakistan H-Files 470426231, 470426238, and 470426240.",https://catalog.archives.gov/id/470426229,https://s3.dualstack.us-east-1.amazonaws.com/NARAprodstorage/lz/presidential-libraries/bush/gb-nsc/haass/meeting_2554866/41-bpr-nsc-haass_meeting-cf01625-018.pdf
gap-cheney-country-files,High,Triaged,Source Expansion,Screen Cheney Country Files before closing the source search,4,Page-boundary pull,Confirmed record,470761146,2.016,Pakistan,1990-07-09,"NSC/DC 154 - July 09, 1990 - NSC/DC Meeting on Pakistan Nuclear Program, Keywords: Pakistan, Nuclear Matters",470761146; 90015-012,H-Files - National Security Council (NSC)/Deputies Committee (DC) Meetings Files | Records of the National Security Council (George H. W. Bush Administration) | H-Files - National Security Council (NSC)/Deputies Committee (DC) Meetings Files | 90015-012 | 41-bpr-nsc-hfiles-dc_mtgs-154-90015-012.pdf,10 pages,Restricted - Possibly,high-priority gap target; folder or staff-file source pool; access review affects selection; source page range not fixed; catalog-derived title/source note,"Do Gates, Cheney, Haass, and H-Files companion records support or change the Pakistan nuclear/Pressler/F-16 selection arc?","Open the PDF, verify item-level page boundaries and title, then update source note or decision log if the folder contains multiple documents. Gap cue: Search India with Rao, Venkataraman, Gandhi, Shankar, Kashmir, nuclear, nonproliferation, economic reform, trade, and defense terms.",https://catalog.archives.gov/id/470761146,https://s3.amazonaws.com/NARAprodstorage/lz/presidential-libraries/bush/gb-nsc/H-Files/NSC-DC_Mtgs_312294079/41-bpr-nsc-hfiles-dc_mtgs-154-90015-012.pdf
gap-cheney-country-files,High,Triaged,Source Expansion,Screen Cheney Country Files before closing the source search,4,Page-boundary pull,Confirmed record,470426231,2.017,Pakistan,1990-07-16,"NSC/DC Meeting - July 16, 1990 Re: Pakistan Nuclear Program",470426231; CF01625-020,Richard N. Haass' Meeting Files | Records of the National Security Council (George H. W. Bush Administration) | Richard N. Haass' Meeting Files | CF01625-020 | 41-bpr-nsc-haass_meeting-cf01625-020.pdf,29 pages,Restricted - Possibly,critical gap target; high-priority gap target; folder or staff-file source pool; access review affects selection; large PDF extent; source page range not fixed; catalog-derived title/source note,"Do Gates, Cheney, Haass, and H-Files companion records support or change the Pakistan nuclear/Pressler/F-16 selection arc?","Open the PDF, verify item-level page boundaries and title, then update source note or decision log if the folder contains multiple documents. Gap cue: Prioritize Haass Working Files 470426597, Haass Meeting File 470426255, Mojaddedi 470426381, Bangladesh Zia 428082145, and Pakistan nuclear meeting files 470426231, 470426238, and 470426240.",https://catalog.archives.gov/id/470426231,https://s3.dualstack.us-east-1.amazonaws.com/NARAprodstorage/lz/presidential-libraries/bush/gb-nsc/haass/meeting_2554866/41-bpr-nsc-haass_meeting-cf01625-020.pdf
gap-cheney-country-files,High,Triaged,Source Expansion,Screen Cheney Country Files before closing the source search,4,Page-boundary pull,Confirmed record,470761184,2.018,Pakistan,1990-08-31,"NSC/DC 190 - August 31, 1990 - NSC/DC Meeting on Pakistan Nuclear Program, Keywords: Pakistan, Nuclear Matters",470761184; 90016-018,H-Files - National Security Council (NSC)/Deputies Committee (DC) Meetings Files | Records of the National Security Council (George H. W. Bush Administration) | H-Files - National Security Council (NSC)/Deputies Committee (DC) Meetings Files | 90016-018 | 41-bpr-nsc-hfiles-dc_mtgs-190-90016-018.pdf,37 pages,Restricted - Possibly,high-priority gap target; folder or staff-file source pool; access review affects selection; large PDF extent; source page range not fixed; catalog-derived title/source note,"Do Gates, Cheney, Haass, and H-Files companion records support or change the Pakistan nuclear/Pressler/F-16 selection arc?","Open the PDF, verify item-level page boundaries and title, then update source note or decision log if the folder contains multiple documents. Gap cue: Search India with Rao, Venkataraman, Gandhi, Shankar, Kashmir, nuclear, nonproliferation, economic reform, trade, and defense terms.",https://catalog.archives.gov/id/470761184,https://s3.amazonaws.com/NARAprodstorage/lz/presidential-libraries/bush/gb-nsc/H-Files/NSC-DC_Mtgs_312294079/41-bpr-nsc-hfiles-dc_mtgs-190-90016-018.pdf
gap-cheney-country-files,High,Triaged,Source Expansion,Screen Cheney Country Files before closing the source search,4,Page-boundary pull,Confirmed record,470761189,2.019,Pakistan,1990-09-05,"NSC/DC 193A - September 05, 1990 - NSC/DC Meeting on Pakistan, Keywords: Pakistan, Nuclear Matters",470761189; 90016-023,H-Files - National Security Council (NSC)/Deputies Committee (DC) Meetings Files | Records of the National Security Council (George H. W. Bush Administration) | H-Files - National Security Council (NSC)/Deputies Committee (DC) Meetings Files | 90016-023 | 41-bpr-nsc-hfiles-dc_mtgs-193a-90016-023.pdf,11 pages,Restricted - Possibly,high-priority gap target; folder or staff-file source pool; access review affects selection; source page range not fixed; catalog-derived title/source note,"Do Gates, Cheney, Haass, and H-Files companion records support or change the Pakistan nuclear/Pressler/F-16 selection arc?","Open the PDF, verify item-level page boundaries and title, then update source note or decision log if the folder contains multiple documents. Gap cue: Search India with Rao, Venkataraman, Gandhi, Shankar, Kashmir, nuclear, nonproliferation, economic reform, trade, and defense terms.",https://catalog.archives.gov/id/470761189,https://s3.amazonaws.com/NARAprodstorage/lz/presidential-libraries/bush/gb-nsc/H-Files/NSC-DC_Mtgs_312294079/41-bpr-nsc-hfiles-dc_mtgs-193a-90016-023.pdf
gap-cheney-country-files,High,Triaged,Source Expansion,Screen Cheney Country Files before closing the source search,4,Page-boundary pull,Confirmed record,428081099,4.005,Regional,1990-10-01,Memorandum of Conversation,428081099; [Memorandum of Conversations (Memcons)-July 1990-December 1990]: October 1990,Presidential Memcon Files | Records of the National Security Council (George H. W. Bush Administration) | Presidential Memcon Files | [Memorandum of Conversations (Memcons)-July 1990-December 1990]: October 1990 | 1990-10-01--Ershad.pdf,5 pages,Full,high-priority gap target; source page range not fixed; catalog-derived title/source note,"Do Gates, Cheney, Haass, and H-Files companion records support or change the Pakistan nuclear/Pressler/F-16 selection arc?","Open the PDF, verify item-level page boundaries and title, then update source note or decision log if the folder contains multiple documents. Gap cue: Review Afghanistan files 645607685, 645607321, and 645607323.",https://catalog.archives.gov/id/428081099,https://s3.us-east-1.amazonaws.com/NARAprodstorage/lz/presidential-libraries/bush/gb-nsc/321498039/1990-10-01--Ershad.pdf
gap-cheney-country-files,High,Triaged,Source Expansion,Screen Cheney Country Files before closing the source search,4,Page-boundary pull,Confirmed record,470761204,2.020,Pakistan,1990-10-02,"NSC/DC 205 - October 02, 1990 - NSC/DC Meeting on Pakistan Nuclear Program via SVTS, Keywords: Pakistan, Nuclear Matters",470761204; 90016-038,H-Files - National Security Council (NSC)/Deputies Committee (DC) Meetings Files | Records of the National Security Council (George H. W. Bush Administration) | H-Files - National Security Council (NSC)/Deputies Committee (DC) Meetings Files | 90016-038 | 41-bpr-nsc-hfiles-dc_mtgs-205-90016-038.pdf,24 pages,Restricted - Possibly,high-priority gap target; folder or staff-file source pool; access review affects selection; large PDF extent; source page range not fixed; catalog-derived title/source note,"Do Gates, Cheney, Haass, and H-Files companion records support or change the Pakistan nuclear/Pressler/F-16 selection arc?","Open the PDF, verify item-level page boundaries and title, then update source note or decision log if the folder contains multiple documents. Gap cue: Search India with Rao, Venkataraman, Gandhi, Shankar, Kashmir, nuclear, nonproliferation, economic reform, trade, and defense terms.",https://catalog.archives.gov/id/470761204,https://s3.amazonaws.com/NARAprodstorage/lz/presidential-libraries/bush/gb-nsc/H-Files/NSC-DC_Mtgs_312294079/41-bpr-nsc-hfiles-dc_mtgs-205-90016-038.pdf
gap-cheney-country-files,High,Triaged,Source Expansion,Screen Cheney Country Files before closing the source search,4,Page-boundary pull,Confirmed record,470426235,1.016,Afghanistan,1990-10-04,"DC [Deputies Committee] Meeting - October 4, 1990 re: Afghanistan",470426235; CF01625-024,Richard N. Haass' Meeting Files | Records of the National Security Council (George H. W. Bush Administration) | Richard N. Haass' Meeting Files | CF01625-024 | 41-bpr-nsc-haass_meeting-cf01625-024.pdf,10 pages,Restricted - Possibly,high-priority gap target; folder or staff-file source pool; access review affects selection; source page range not fixed; catalog-derived title/source note,"Do Gates, Cheney, Haass, and H-Files companion records support or change the Pakistan nuclear/Pressler/F-16 selection arc?","Open the PDF, verify item-level page boundaries and title, then update source note or decision log if the folder contains multiple documents. Gap cue: Review Afghanistan files 645607685, 645607321, and 645607323.",https://catalog.archives.gov/id/470426235,https://s3.dualstack.us-east-1.amazonaws.com/NARAprodstorage/lz/presidential-libraries/bush/gb-nsc/haass/meeting_2554866/41-bpr-nsc-haass_meeting-cf01625-024.pdf
gap-cheney-country-files,High,Triaged,Source Expansion,Screen Cheney Country Files before closing the source search,4,Page-boundary pull,Confirmed record,470426238,2.021,Pakistan,1990-10-04,"NSC/DC [Deputies Committee] Meeting - October 4, 1990 Re: Pakistan",470426238; CF01625-027,Richard N. Haass' Meeting Files | Records of the National Security Council (George H. W. Bush Administration) | Richard N. Haass' Meeting Files | CF01625-027 | 41-bpr-nsc-haass_meeting-cf01625-027.pdf,8 pages,Restricted - Possibly,critical gap target; high-priority gap target; folder or staff-file source pool; access review affects selection; source page range not fixed; catalog-derived title/source note,"Do Gates, Cheney, Haass, and H-Files companion records support or change the Pakistan nuclear/Pressler/F-16 selection arc?","Open the PDF, verify item-level page boundaries and title, then update source note or decision log if the folder contains multiple documents. Gap cue: Prioritize Haass Working Files 470426597, Haass Meeting File 470426255, Mojaddedi 470426381, Bangladesh Zia 428082145, and Pakistan nuclear meeting files 470426231, 470426238, and 470426240.",https://catalog.archives.gov/id/470426238,https://s3.dualstack.us-east-1.amazonaws.com/NARAprodstorage/lz/presidential-libraries/bush/gb-nsc/haass/meeting_2554866/41-bpr-nsc-haass_meeting-cf01625-027.pdf
gap-cheney-country-files,High,Triaged,Source Expansion,Screen Cheney Country Files before closing the source search,4,Page-boundary pull,Confirmed record,470761206,1.017,Afghanistan,1990-10-05,"NSC/DC 207 - October 05, 1990 - NSC/DC Meeting on Afghanistan, Keywords: Afghanistan",470761206; 90016-040,H-Files - National Security Council (NSC)/Deputies Committee (DC) Meetings Files | Records of the National Security Council (George H. W. Bush Administration) | H-Files - National Security Council (NSC)/Deputies Committee (DC) Meetings Files | 90016-040 | 41-bpr-nsc-hfiles-dc_mtgs-207-90016-040.pdf,26 pages,Restricted - Possibly,high-priority gap target; folder or staff-file source pool; access review affects selection; large PDF extent; source page range not fixed; catalog-derived title/source note,"Do Gates, Cheney, Haass, and H-Files companion records support or change the Pakistan nuclear/Pressler/F-16 selection arc?","Open the PDF, verify item-level page boundaries and title, then update source note or decision log if the folder contains multiple documents. Gap cue: Review Afghanistan files 645607685, 645607321, and 645607323.",https://catalog.archives.gov/id/470761206,https://s3.amazonaws.com/NARAprodstorage/lz/presidential-libraries/bush/gb-nsc/H-Files/NSC-DC_Mtgs_312294079/41-bpr-nsc-hfiles-dc_mtgs-207-90016-040.pdf
gap-cheney-country-files,High,Triaged,Source Expansion,Screen Cheney Country Files before closing the source search,4,Page-boundary pull,Confirmed record,470761207,2.022,Pakistan,1990-10-05,"NSC/DC 208 - October 05, 1990 - NSC/DC Meeting on Pakistan via SVTS, Keywords: Pakistan",470761207; 90017-001,H-Files - National Security Council (NSC)/Deputies Committee (DC) Meetings Files | Records of the National Security Council (George H. W. Bush Administration) | H-Files - National Security Council (NSC)/Deputies Committee (DC) Meetings Files | 90017-001 | 41-bpr-nsc-hfiles-dc_mtgs-208-90017-001.pdf,11 pages,Restricted - Possibly,high-priority gap target; folder or staff-file source pool; access review affects selection; source page range not fixed; catalog-derived title/source note,"Do Gates, Cheney, Haass, and H-Files companion records support or change the Pakistan nuclear/Pressler/F-16 selection arc?","Open the PDF, verify item-level page boundaries and title, then update source note or decision log if the folder contains multiple documents. Gap cue: Prioritize Gates Subject File 470437053 and Pakistan H-Files 470426231, 470426238, and 470426240.",https://catalog.archives.gov/id/470761207,https://s3.amazonaws.com/NARAprodstorage/lz/presidential-libraries/bush/gb-nsc/H-Files/NSC-DC_Mtgs_312294079/41-bpr-nsc-hfiles-dc_mtgs-208-90017-001.pdf
gap-cheney-country-files,High,Triaged,Source Expansion,Screen Cheney Country Files before closing the source search,4,Page-boundary pull,Confirmed record,470426240,2.023,Pakistan,1990-10-09,"NSC/DC Meeting - October 9, 1990 Re: Pakistan",470426240; CF01625-029,Richard N. Haass' Meeting Files | Records of the National Security Council (George H. W. Bush Administration) | Richard N. Haass' Meeting Files | CF01625-029 | 41-bpr-nsc-haass_meeting-cf01625-029.pdf,81 pages,Restricted - Possibly,critical gap target; high-priority gap target; folder or staff-file source pool; access review affects selection; large PDF extent; source page range not fixed; catalog-derived title/source note,"Do Gates, Cheney, Haass, and H-Files companion records support or change the Pakistan nuclear/Pressler/F-16 selection arc?","Open the PDF, verify item-level page boundaries and title, then update source note or decision log if the folder contains multiple documents. Gap cue: Prioritize Haass Working Files 470426597, Haass Meeting File 470426255, Mojaddedi 470426381, Bangladesh Zia 428082145, and Pakistan nuclear meeting files 470426231, 470426238, and 470426240.",https://catalog.archives.gov/id/470426240,https://s3.dualstack.us-east-1.amazonaws.com/NARAprodstorage/lz/presidential-libraries/bush/gb-nsc/haass/meeting_2554866/41-bpr-nsc-haass_meeting-cf01625-029.pdf
gap-cheney-country-files,High,Triaged,Source Expansion,Screen Cheney Country Files before closing the source search,4,Page-boundary pull,Confirmed record,470760963,2.024,Pakistan,1990-10-09,"NSC0056 - October 09, 1990 - Nuclear Matters, Middle East and Gulf, Proliferation [1]",470760963; 90002-025,H-Files - National Security Council (NSC) Meeting Files | Records of the National Security Council (George H. W. Bush Administration) | H-Files - National Security Council (NSC) Meeting Files | 90002-025 | 41-bpr-nsc-hfiles-nsc_mtgs-56_1-90002-025.pdf,42 pages,Restricted - Possibly,high-priority gap target; folder or staff-file source pool; access review affects selection; large PDF extent; source page range not fixed; catalog-derived title/source note,"Do Gates, Cheney, Haass, and H-Files companion records support or change the Pakistan nuclear/Pressler/F-16 selection arc?","Open the PDF, verify item-level page boundaries and title, then update source note or decision log if the folder contains multiple documents. Gap cue: Search India with Rao, Venkataraman, Gandhi, Shankar, Kashmir, nuclear, nonproliferation, economic reform, trade, and defense terms.",https://catalog.archives.gov/id/470760963,https://s3.amazonaws.com/NARAprodstorage/lz/presidential-libraries/bush/gb-nsc/H-Files/NSC_Mtgs_312293887/41-bpr-nsc-hfiles-nsc_mtgs-56_1-90002-025.pdf
gap-cheney-country-files,High,Triaged,Source Expansion,Screen Cheney Country Files before closing the source search,4,Page-boundary pull,Confirmed record,470760964,2.025,Pakistan,1990-10-09,"NSC0056 - October 09, 1990 - Nuclear Matters, Middle East and Gulf, Proliferation [2]",470760964; 90002-026,H-Files - National Security Council (NSC) Meeting Files | Records of the National Security Council (George H. W. Bush Administration) | H-Files - National Security Council (NSC) Meeting Files | 90002-026 | 41-bpr-nsc-hfiles-nsc_mtgs-56_2-90002-026.pdf,42 pages,Restricted - Possibly,high-priority gap target; folder or staff-file source pool; access review affects selection; large PDF extent; source page range not fixed; catalog-derived title/source note,"Do Gates, Cheney, Haass, and H-Files companion records support or change the Pakistan nuclear/Pressler/F-16 selection arc?","Open the PDF, verify item-level page boundaries and title, then update source note or decision log if the folder contains multiple documents. Gap cue: Search India with Rao, Venkataraman, Gandhi, Shankar, Kashmir, nuclear, nonproliferation, economic reform, trade, and defense terms.",https://catalog.archives.gov/id/470760964,https://s3.amazonaws.com/NARAprodstorage/lz/presidential-libraries/bush/gb-nsc/H-Files/NSC_Mtgs_312293887/41-bpr-nsc-hfiles-nsc_mtgs-56_2-90002-026.pdf
gap-cheney-country-files,High,Triaged,Source Expansion,Screen Cheney Country Files before closing the source search,4,Page-boundary pull,Confirmed record,428081443,3.008,India,1991-02-08,Memorandum of Telephone Conversation,428081443; [Memorandum of Telephone Conversations (Telcons) - January 1991-April 1991]:  February 1991 [1],Presidential Telcon Files | Records of the National Security Council (George H. W. Bush Administration) | Presidential Telcon Files | [Memorandum of Telephone Conversations (Telcons) - January 1991-April 1991]:  February 1991 [1] | 1991-02-08--Shankar.pdf,4 pages,Full,high-priority gap target; catalog-derived title/source note,"Do Gates, Cheney, Haass, and H-Files companion records support or change the Pakistan nuclear/Pressler/F-16 selection arc?","Open the PDF, verify item-level page boundaries and title, then update source note or decision log if the folder contains multiple documents. Gap cue: Search India with Rao, Venkataraman, Gandhi, Shankar, Kashmir, nuclear, nonproliferation, economic reform, trade, and defense terms.",https://catalog.archives.gov/id/428081443,https://s3.us-east-1.amazonaws.com/NARAprodstorage/lz/presidential-libraries/bush/gb-nsc/321498139/1991-02-08--Shankar.pdf
gap-cheney-country-files,High,Triaged,Source Expansion,Screen Cheney Country Files before closing the source search,4,Page-boundary pull,Confirmed record,470761272,1.018,Afghanistan,1991-03-05,"NSC/DC 260 - March 05, 1991 - NSC/DC Meeting on Afghanistan, Keywords: Afghanistan (File located @ LM)",470761272; 90019-003,H-Files - National Security Council (NSC)/Deputies Committee (DC) Meetings Files | Records of the National Security Council (George H. W. Bush Administration) | H-Files - National Security Council (NSC)/Deputies Committee (DC) Meetings Files | 90019-003 | 41-bpr-nsc-hfiles-dc_mtgs-260-90019-003.pdf,9 pages,Restricted - Possibly,high-priority gap target; folder or staff-file source pool; access review affects selection; source page range not fixed; catalog-derived title/source note,"Do Gates, Cheney, Haass, and H-Files companion records support or change the Pakistan nuclear/Pressler/F-16 selection arc?","Open the PDF, verify item-level page boundaries and title, then update source note or decision log if the folder contains multiple documents. Gap cue: Review Afghanistan files 645607685, 645607321, and 645607323.",https://catalog.archives.gov/id/470761272,https://s3.amazonaws.com/NARAprodstorage/lz/presidential-libraries/bush/gb-nsc/H-Files/NSC-DC_Mtgs_312294079/41-bpr-nsc-hfiles-dc_mtgs-260-90019-003.pdf
gap-cheney-country-files,High,Triaged,Source Expansion,Screen Cheney Country Files before closing the source search,4,Page-boundary pull,Confirmed record,470761289,1.019,Afghanistan,1991-04-12,"NSC/DC 271 - April 12, 1991 - NSC/DC Meeting on Afghanistan, Keywords: Afghanistan (File located @ LM)",470761289; 90019-020,H-Files - National Security Council (NSC)/Deputies Committee (DC) Meetings Files | Records of the National Security Council (George H. W. Bush Administration) | H-Files - National Security Council (NSC)/Deputies Committee (DC) Meetings Files | 90019-020 | 41-bpr-nsc-hfiles-dc_mtgs-271-90019-020.pdf,7 pages,Restricted - Possibly,high-priority gap target; folder or staff-file source pool; access review affects selection; source page range not fixed; catalog-derived title/source note,"Do Gates, Cheney, Haass, and H-Files companion records support or change the Pakistan nuclear/Pressler/F-16 selection arc?","Open the PDF, verify item-level page boundaries and title, then update source note or decision log if the folder contains multiple documents. Gap cue: Review Afghanistan files 645607685, 645607321, and 645607323.",https://catalog.archives.gov/id/470761289,https://s3.amazonaws.com/NARAprodstorage/lz/presidential-libraries/bush/gb-nsc/H-Files/NSC-DC_Mtgs_312294079/41-bpr-nsc-hfiles-dc_mtgs-271-90019-020.pdf
gap-cheney-country-files,High,Triaged,Source Expansion,Screen Cheney Country Files before closing the source search,4,Page-boundary pull,Confirmed record,470761301,1.020,Afghanistan,1991-05-17,"NSC/DC 282 - May 17, 1991 - NSC/DC Meeting on Angola and Afghanistan, Keywords: Angola, Afghanistan (File located @ NLMS)",470761301; 90020-001,H-Files - National Security Council (NSC)/Deputies Committee (DC) Meetings Files | Records of the National Security Council (George H. W. Bush Administration) | H-Files - National Security Council (NSC)/Deputies Committee (DC) Meetings Files | 90020-001 | 41-bpr-nsc-hfiles-dc_mtgs-282-90020-001.pdf,1 page,Restricted - Possibly,high-priority gap target; folder or staff-file source pool; access review affects selection; source page range not fixed; catalog-derived title/source note,"Do Gates, Cheney, Haass, and H-Files companion records support or change the Pakistan nuclear/Pressler/F-16 selection arc?","Open the PDF, verify item-level page boundaries and title, then update source note or decision log if the folder contains multiple documents. Gap cue: Review Afghanistan files 645607685, 645607321, and 645607323.",https://catalog.archives.gov/id/470761301,https://s3.amazonaws.com/NARAprodstorage/lz/presidential-libraries/bush/gb-nsc/H-Files/NSC-DC_Mtgs_312294079/41-bpr-nsc-hfiles-dc_mtgs-282-90020-001.pdf
gap-cheney-country-files,High,Triaged,Source Expansion,Screen Cheney Country Files before closing the source search,4,Page-boundary pull,Confirmed record,428082103,3.009,India,1991-12-15,Memorandum of Telephone Conversation,428082103; [Memorandum of Telephone Conversations (Telcons) - May 1991-December 1991]:  December 1991,Presidential Telcon Files | Records of the National Security Council (George H. W. Bush Administration) | Presidential Telcon Files | [Memorandum of Telephone Conversations (Telcons) - May 1991-December 1991]:  December 1991 | 1991-12-15--Rao.pdf,1 page,Full,high-priority gap target; source page range not fixed; catalog-derived title/source note,"Do Gates, Cheney, Haass, and H-Files companion records support or change the Pakistan nuclear/Pressler/F-16 selection arc?","Open the PDF, verify item-level page boundaries and title, then update source note or decision log if the folder contains multiple documents. Gap cue: Search India with Rao, Venkataraman, Gandhi, Shankar, Kashmir, nuclear, nonproliferation, economic reform, trade, and defense terms.",https://catalog.archives.gov/id/428082103,https://s3.us-east-1.amazonaws.com/NARAprodstorage/lz/presidential-libraries/bush/gb-nsc/321498139/1991-12-15--Rao.pdf
gap-cheney-country-files,High,Triaged,Source Expansion,Screen Cheney Country Files before closing the source search,4,Page-boundary pull,Confirmed record,470761354,1.021,Afghanistan,1992-01-03,"NSC/DC 331 - January 03, 1992 - NSC/DC Meeting re: Afghanistan, Keywords: Afghanistan",470761354; 90021-019,H-Files - National Security Council (NSC)/Deputies Committee (DC) Meetings Files | Records of the National Security Council (George H. W. Bush Administration) | H-Files - National Security Council (NSC)/Deputies Committee (DC) Meetings Files | 90021-019 | 41-bpr-nsc-hfiles-dc_mtgs-331-90021-019.pdf,58 pages,Restricted - Possibly,high-priority gap target; folder or staff-file source pool; access review affects selection; large PDF extent; source page range not fixed; catalog-derived title/source note,"Do Gates, Cheney, Haass, and H-Files companion records support or change the Pakistan nuclear/Pressler/F-16 selection arc?","Open the PDF, verify item-level page boundaries and title, then update source note or decision log if the folder contains multiple documents. Gap cue: Review Afghanistan files 645607685, 645607321, and 645607323.",https://catalog.archives.gov/id/470761354,https://s3.amazonaws.com/NARAprodstorage/lz/presidential-libraries/bush/gb-nsc/H-Files/NSC-DC_Mtgs_312294079/41-bpr-nsc-hfiles-dc_mtgs-331-90021-019.pdf
gap-cheney-country-files,High,Triaged,Source Expansion,Screen Cheney Country Files before closing the source search,4,Page-boundary pull,Confirmed record,428082131,3.010,India,1992-01-31,Memorandum of Conversation,428082131; [Memorandum of Conversations (Memcons)-January 1992-June 1992]: January 1992,Presidential Memcon Files | Records of the National Security Council (George H. W. Bush Administration) | Presidential Memcon Files | [Memorandum of Conversations (Memcons)-January 1992-June 1992]: January 1992 | 1992-01-31--Rao.pdf,3 pages,Partial,high-priority gap target; source page range not fixed; catalog-derived title/source note,"Do Gates, Cheney, Haass, and H-Files companion records support or change the Pakistan nuclear/Pressler/F-16 selection arc?","Open the PDF, verify item-level page boundaries and title, then update source note or decision log if the folder contains multiple documents. Gap cue: Search India with Rao, Venkataraman, Gandhi, Shankar, Kashmir, nuclear, nonproliferation, economic reform, trade, and defense terms.",https://catalog.archives.gov/id/428082131,https://s3.us-east-1.amazonaws.com/NARAprodstorage/lz/presidential-libraries/bush/gb-nsc/321498039/1992-01-31--Rao.pdf
gap-cheney-country-files,High,Triaged,Source Expansion,Screen Cheney Country Files before closing the source search,4,Page-boundary pull,Confirmed record,428082145,4.006,Regional,1992-03-19,Memorandum of Conversation,428082145; [Memorandum of Conversations (Memcons)-January 1992-June 1992]: March 1992,Presidential Memcon Files | Records of the National Security Council (George H. W. Bush Administration) | Presidential Memcon Files | [Memorandum of Conversations (Memcons)-January 1992-June 1992]: March 1992 | 1992-03-19--Zia.pdf,6 pages,Full,critical gap target; high-priority gap target; folder or staff-file source pool; source page range not fixed; catalog-derived title/source note,"Do Gates, Cheney, Haass, and H-Files companion records support or change the Pakistan nuclear/Pressler/F-16 selection arc?","Open the PDF, verify item-level page boundaries and title, then update source note or decision log if the folder contains multiple documents. Gap cue: Prioritize Haass Working Files 470426597, Haass Meeting File 470426255, Mojaddedi 470426381, Bangladesh Zia 428082145, and Pakistan nuclear meeting files 470426231, 470426238, and 470426240.",https://catalog.archives.gov/id/428082145,https://s3.us-east-1.amazonaws.com/NARAprodstorage/lz/presidential-libraries/bush/gb-nsc/321498039/1992-03-19--Zia.pdf
gap-cheney-country-files,High,Triaged,Source Expansion,Screen Cheney Country Files before closing the source search,4,Page-boundary pull,Potential lead,470426266,,Regional,1992-03-19,"President's Meeting with Prime Minister Zia of Bangladesh - March 19, 1992",470426266,NSC files | Records of the National Security Council (George H. W. Bush Administration) | Richard N. Haass' Meeting Files | Richard N. Haass' Meeting Files | NAID 470426266 | 41-bpr-nsc-haass_meeting-cf01447-024.pdf,,Restricted - Possibly; Online object available,high-priority gap target; promotion requires PDF screening; folder or staff-file source pool; catalog-derived title/source note; page count unresolved,"Do Gates, Cheney, Haass, and H-Files companion records support or change the Pakistan nuclear/Pressler/F-16 selection arc?","Open the PDF, identify policy-bearing pages, assign page boundaries, and record promote/exclude/cite-only rationale. Gap cue: Review Afghanistan files 645607685, 645607321, and 645607323.",https://catalog.archives.gov/id/470426266,https://s3.dualstack.us-east-1.amazonaws.com/NARAprodstorage/lz/presidential-libraries/bush/gb-nsc/haass/meeting_2554866/41-bpr-nsc-haass_meeting-cf01447-024.pdf
gap-cheney-country-files,High,Triaged,Source Expansion,Screen Cheney Country Files before closing the source search,4,Page-boundary pull,Confirmed record,446396904,2.028,Pakistan,1992-07-10,"NSD-70 - July 10, 1992 - U.S. Nonproliferation Policy",446396904; 90005-020,H-Files - National Security Directive (NSD) Files | Records of the National Security Council (George H. W. Bush Administration) | H-Files - National Security Directive (NSD) Files | 90005-020 | 41-bpr-nsc-hfiles-nsd-70-90005-020.pdf,101 pages,Restricted - Possibly,high-priority gap target; folder or staff-file source pool; access review affects selection; large PDF extent; source page range not fixed; catalog-derived title/source note,"Do Gates, Cheney, Haass, and H-Files companion records support or change the Pakistan nuclear/Pressler/F-16 selection arc?","Open the PDF, verify item-level page boundaries and title, then update source note or decision log if the folder contains multiple documents. Gap cue: Prioritize Gates Subject File 470437053 and Pakistan H-Files 470426231, 470426238, and 470426240.",https://catalog.archives.gov/id/446396904,https://s3.amazonaws.com/NARAprodstorage/lz/presidential-libraries/bush/gb-nsc/H-Files/NSDs_313189290/41-bpr-nsc-hfiles-nsd-70-90005-020.pdf
gap-cheney-country-files,High,Triaged,Source Expansion,Screen Cheney Country Files before closing the source search,4,Page-boundary pull,Confirmed record,428082401,2.029,Pakistan,1992-12-03,Memorandum of Telephone Conversation,428082401; [Memorandum of Telephone Conversations (Telcons) - July 1992-January 1993]:  December 1992,Presidential Telcon Files | Records of the National Security Council (George H. W. Bush Administration) | Presidential Telcon Files | [Memorandum of Telephone Conversations (Telcons) - July 1992-January 1993]:  December 1992 | 1992-12-03--Sharif.pdf,2 pages,Partial,high-priority gap target; source page range not fixed; catalog-derived title/source note,"Do Gates, Cheney, Haass, and H-Files companion records support or change the Pakistan nuclear/Pressler/F-16 selection arc?","Open the PDF, verify item-level page boundaries and title, then update source note or decision log if the folder contains multiple documents. Gap cue: Prioritize Gates Subject File 470437053 and Pakistan H-Files 470426231, 470426238, and 470426240.",https://catalog.archives.gov/id/428082401,https://s3.us-east-1.amazonaws.com/NARAprodstorage/lz/presidential-libraries/bush/gb-nsc/321498139/1992-12-03--Sharif.pdf
gap-regional-kashmir-bangladesh-split,High,Triaged,Regional,"Split the Regional lane into Kashmir, Bangladesh, and other South Asia tracks",0,Gap brief,Gap brief,gap-regional-kashmir-bangladesh-split,,Regional,,"Split the Regional lane into Kashmir, Bangladesh, and other South Asia tracks",470426145; 470426225; 428082145; 470426266; 645608041; 286185941; 543965098,Richard N. Haass Correspondence Files; Richard N. Haass Meeting Files; Cheney Country Files; Public Papers; WHPO,,Triaged,Separate sub-lanes so Kashmir and Bangladesh can be evaluated on their own document merits while lower-confidence public references remain contextual.,"Can each candidate be assigned to India, Pakistan, Bangladesh, or true regional strategy with an explicit selection or exclusion rationale?",Promote Kashmir leads 470426145 and 470426225 into a focused review queue.,,
gap-regional-kashmir-bangladesh-split,High,Triaged,Regional,"Split the Regional lane into Kashmir, Bangladesh, and other South Asia tracks",1,Chapter lane,Chapter lane,Regional:Bangladesh and smaller South Asia states,,Regional,,Bangladesh and smaller South Asia states,470426145; 470426225; 428082145; 470426266; 645608041; 286185941; 543965098,Richard N. Haass Correspondence Files; Richard N. Haass Meeting Files; Cheney Country Files; Public Papers; WHPO,6 pages,Thin; promote or exclude leads,Confirmed 1; leads 2; related gaps 4.,"Can each candidate be assigned to India, Pakistan, Bangladesh, or true regional strategy with an explicit selection or exclusion rationale?","Resolve the Bangladesh Zia internal/public pair and keep Sri Lanka/Maldives public items contextual until internal files are located. Gap cue: Prioritize Haass Working Files 470426597, Haass Meeting File 470426255, Mojaddedi 470426381, Bangladesh Zia 428082145, and Pakistan nuclear meeting files 470426231, 470426238, and 470426240.",,
gap-regional-kashmir-bangladesh-split,High,Triaged,Regional,"Split the Regional lane into Kashmir, Bangladesh, and other South Asia tracks",1,Chapter lane,Chapter lane,"India:India Kashmir, nuclear, and regional security",,India,,"India Kashmir, nuclear, and regional security",470426145; 470426225; 428082145; 470426266; 645608041; 286185941; 543965098,Richard N. Haass Correspondence Files; Richard N. Haass Meeting Files; Cheney Country Files; Public Papers; WHPO,,Missing lane,Confirmed 0; leads 0; related gaps 5.,"Can each candidate be assigned to India, Pakistan, Bangladesh, or true regional strategy with an explicit selection or exclusion rationale?","Screen Kashmir, Gates, and Haass leads so the India chapter is not limited to leader calls and Cheney country folders. Gap cue: Prioritize Haass Working Files 470426597, Haass Meeting File 470426255, Mojaddedi 470426381, Bangladesh Zia 428082145, and Pakistan nuclear meeting files 470426231, 470426238, and 470426240.",,
gap-regional-kashmir-bangladesh-split,High,Triaged,Regional,"Split the Regional lane into Kashmir, Bangladesh, and other South Asia tracks",1,Chapter lane,Chapter lane,Regional:Kashmir cross-border crisis,,Regional,,Kashmir cross-border crisis,470426145; 470426225; 428082145; 470426266; 645608041; 286185941; 543965098,Richard N. Haass Correspondence Files; Richard N. Haass Meeting Files; Cheney Country Files; Public Papers; WHPO,,Lead-only lane,Confirmed 0; leads 2; related gaps 2.,"Can each candidate be assigned to India, Pakistan, Bangladesh, or true regional strategy with an explicit selection or exclusion rationale?","Screen the Kashmir letters and teleconference leads, then decide whether the material belongs in India, Pakistan, or a regional crisis sub-lane. Gap cue: Search India with Rao, Venkataraman, Gandhi, Shankar, Kashmir, nuclear, nonproliferation, economic reform, trade, and defense terms.",,
gap-regional-kashmir-bangladesh-split,High,Triaged,Regional,"Split the Regional lane into Kashmir, Bangladesh, and other South Asia tracks",1,Chapter lane,Chapter lane,Regional:Regional South Asia strategy,,Regional,,Regional South Asia strategy,470426145; 470426225; 428082145; 470426266; 645608041; 286185941; 543965098,Richard N. Haass Correspondence Files; Richard N. Haass Meeting Files; Cheney Country Files; Public Papers; WHPO,252 pages,Gap-linked review,Confirmed 5; leads 5; related gaps 2.,"Can each candidate be assigned to India, Pakistan, Bangladesh, or true regional strategy with an explicit selection or exclusion rationale?",Keep true regionwide strategy files distinct from Kashmir and Bangladesh so selection rationale stays clear. Gap cue: Promote Kashmir leads 470426145 and 470426225 into a focused review queue.,,
gap-regional-kashmir-bangladesh-split,High,Triaged,Regional,"Split the Regional lane into Kashmir, Bangladesh, and other South Asia tracks",2,Confirmed chronology anchor,Confirmed record,bush-library-428082145,4.006,Regional,1992-03-19,Memorandum of Conversation,428082145; [Memorandum of Conversations (Memcons)-January 1992-June 1992]: March 1992,Records of the National Security Council (George H. W. Bush Administration) | Presidential Memcon Files | [Memorandum of Conversations (Memcons)-January 1992-June 1992]: March 1992,6 pages,Full,catalog-derived-source-note,"Can each candidate be assigned to India, Pakistan, Bangladesh, or true regional strategy with an explicit selection or exclusion rationale?","Resolve compiler risk: catalog-derived-source-note. Use Daily Diary/Backup only for chronology, time, location, attendees, and call status.",https://catalog.archives.gov/id/428082145,https://s3.us-east-1.amazonaws.com/NARAprodstorage/lz/presidential-libraries/bush/gb-nsc/321498039/1992-03-19--Zia.pdf
gap-regional-kashmir-bangladesh-split,High,Triaged,Regional,"Split the Regional lane into Kashmir, Bangladesh, and other South Asia tracks",3,Potential lead to screen,Potential lead,catalog-lead-645608041,,Regional,1989-01-20,Bangladesh,645608041,Cheney collection | Richard Cheney Collection | Country Files | Country Files | NAID 645608041,,Critical; High-priority source review lead; Online object available,High-priority source review lead,"Can each candidate be assigned to India, Pakistan, Bangladesh, or true regional strategy with an explicit selection or exclusion rationale?","Screen PDF text and promote policy-bearing pages with page boundaries, source note, and exclusion rationale for nonselected pages.",https://catalog.archives.gov/id/645608041,https://s3.amazonaws.com/NARAprodstorage/lz/presidential-libraries/bush/gb-rbc/country_470572294/41-bpr-dhm-cheney-country-31842-009.pdf
gap-regional-kashmir-bangladesh-split,High,Triaged,Regional,"Split the Regional lane into Kashmir, Bangladesh, and other South Asia tracks",3,Potential lead to screen,Potential lead,catalog-lead-470426145,,Regional,1989-01-20,Letters on Kashmir,470426145,NSC files | Records of the National Security Council (George H. W. Bush Administration) | Richard N. Haass' Correspondence Files | Richard N. Haass' Correspondence Files | NAID 470426145,,Critical; High-priority source review lead; Online object available,High-priority source review lead,"Can each candidate be assigned to India, Pakistan, Bangladesh, or true regional strategy with an explicit selection or exclusion rationale?","Screen PDF text and promote policy-bearing pages with page boundaries, source note, and exclusion rationale for nonselected pages.",https://catalog.archives.gov/id/470426145,https://s3.dualstack.us-east-1.amazonaws.com/NARAprodstorage/lz/presidential-libraries/bush/gb-nsc/haass/correspondence_2554865/41-bpr-nsc-haass_correspondence-cf01479-008.pdf
gap-regional-kashmir-bangladesh-split,High,Triaged,Regional,"Split the Regional lane into Kashmir, Bangladesh, and other South Asia tracks",3,Potential lead to screen,Potential lead,catalog-lead-286185941,,Regional,1989-01-20,"Milam, William - AMB to Bangladesh",286185941,Catalog lead | Records of the White House Office of Presidential Personnel (George H. W. Bush Administration) | Katja Bullock Appointment Files | Katja Bullock Appointment Files | NAID 286185941,,Medium; Review lead; Online object available,Review lead,"Can each candidate be assigned to India, Pakistan, Bangladesh, or true regional strategy with an explicit selection or exclusion rationale?",Review before promotion.,https://catalog.archives.gov/id/286185941,https://s3.amazonaws.com/NARAprodstorage/lz/presidential-libraries/bush/foia/2000/Batch0001/41-bpr-pers-bullock-appt-07091-008.pdf
gap-regional-kashmir-bangladesh-split,High,Triaged,Regional,"Split the Regional lane into Kashmir, Bangladesh, and other South Asia tracks",3,Potential lead to screen,Potential lead,catalog-lead-470426225,,Regional,1990-03-26,"NSC/DC [Deputies Committee] Teleconference - March 26, 1990 Re: Kashmir",470426225,NSC files | Records of the National Security Council (George H. W. Bush Administration) | Richard N. Haass' Meeting Files | Richard N. Haass' Meeting Files | NAID 470426225,,Critical; High-priority source review lead; Online object available,High-priority source review lead,"Can each candidate be assigned to India, Pakistan, Bangladesh, or true regional strategy with an explicit selection or exclusion rationale?","Screen PDF text and promote policy-bearing pages with page boundaries, source note, and exclusion rationale for nonselected pages.",https://catalog.archives.gov/id/470426225,https://s3.dualstack.us-east-1.amazonaws.com/NARAprodstorage/lz/presidential-libraries/bush/gb-nsc/haass/meeting_2554866/41-bpr-nsc-haass_meeting-cf01625-014.pdf
gap-regional-kashmir-bangladesh-split,High,Triaged,Regional,"Split the Regional lane into Kashmir, Bangladesh, and other South Asia tracks",3,Potential lead to screen,Potential lead,catalog-lead-470426266,,Regional,1992-03-19,"President's Meeting with Prime Minister Zia of Bangladesh - March 19, 1992",470426266,NSC files | Records of the National Security Council (George H. W. Bush Administration) | Richard N. Haass' Meeting Files | Richard N. Haass' Meeting Files | NAID 470426266,,Critical; High-priority source review lead; Online object available,High-priority source review lead,"Can each candidate be assigned to India, Pakistan, Bangladesh, or true regional strategy with an explicit selection or exclusion rationale?","Screen PDF text and promote policy-bearing pages with page boundaries, source note, and exclusion rationale for nonselected pages.",https://catalog.archives.gov/id/470426266,https://s3.dualstack.us-east-1.amazonaws.com/NARAprodstorage/lz/presidential-libraries/bush/gb-nsc/haass/meeting_2554866/41-bpr-nsc-haass_meeting-cf01447-024.pdf
gap-regional-kashmir-bangladesh-split,High,Triaged,Regional,"Split the Regional lane into Kashmir, Bangladesh, and other South Asia tracks",3,Potential lead to screen,Potential lead,catalog-lead-543965098,,Regional,1992-11-02,WHPO-P37850,543965098,Catalog lead | Records of the White House Photograph Office | George H. W. Bush Presidential Photographs | NAID 543965098,,Low; Locator/context lead; Online object available,Locator/context lead,"Can each candidate be assigned to India, Pakistan, Bangladesh, or true regional strategy with an explicit selection or exclusion rationale?",Use only to locate event files or related internal memoranda.,https://catalog.archives.gov/id/543965098,https://s3.amazonaws.com/NARAprodstorage/lz/presidential-libraries/bush/gb-whpo/186364/P37850/41-AV-P37850-11021992.jpg
gap-regional-kashmir-bangladesh-split,High,Triaged,Regional,"Split the Regional lane into Kashmir, Bangladesh, and other South Asia tracks",4,Page-boundary pull,Potential lead,645608041,,Regional,1989-01-20,Bangladesh,645608041,Cheney collection | Richard Cheney Collection | Country Files | Country Files | NAID 645608041 | 41-bpr-dhm-cheney-country-31842-009.pdf,,Restricted - Partly; Online object available,high-priority gap target; promotion requires PDF screening; folder or staff-file source pool; catalog-derived title/source note; page count unresolved,"Can each candidate be assigned to India, Pakistan, Bangladesh, or true regional strategy with an explicit selection or exclusion rationale?","Open the PDF, identify policy-bearing pages, assign page boundaries, and record promote/exclude/cite-only rationale. Gap cue: Review Afghanistan files 645607685, 645607321, and 645607323.",https://catalog.archives.gov/id/645608041,https://s3.amazonaws.com/NARAprodstorage/lz/presidential-libraries/bush/gb-rbc/country_470572294/41-bpr-dhm-cheney-country-31842-009.pdf
gap-regional-kashmir-bangladesh-split,High,Triaged,Regional,"Split the Regional lane into Kashmir, Bangladesh, and other South Asia tracks",4,Page-boundary pull,Potential lead,645607415,,India,1989-01-20,India,645607415,Cheney collection | Richard Cheney Collection | Country Files | Country Files | NAID 645607415 | 41-bpr-dhm-cheney-country-31815-004.pdf,,Restricted - Partly; Online object available,high-priority gap target; promotion requires PDF screening; folder or staff-file source pool; catalog-derived title/source note; page count unresolved,"Can each candidate be assigned to India, Pakistan, Bangladesh, or true regional strategy with an explicit selection or exclusion rationale?","Open the PDF, identify policy-bearing pages, assign page boundaries, and record promote/exclude/cite-only rationale. Gap cue: Search India with Rao, Venkataraman, Gandhi, Shankar, Kashmir, nuclear, nonproliferation, economic reform, trade, and defense terms.",https://catalog.archives.gov/id/645607415,https://s3.amazonaws.com/NARAprodstorage/lz/presidential-libraries/bush/gb-rbc/country_470572294/41-bpr-dhm-cheney-country-31815-004.pdf
gap-regional-kashmir-bangladesh-split,High,Triaged,Regional,"Split the Regional lane into Kashmir, Bangladesh, and other South Asia tracks",4,Page-boundary pull,Potential lead,470426145,,Regional,1989-01-20,Letters on Kashmir,470426145,NSC files | Records of the National Security Council (George H. W. Bush Administration) | Richard N. Haass' Correspondence Files | Richard N. Haass' Correspondence Files | NAID 470426145 | 41-bpr-nsc-haass_correspondence-cf01479-008.pdf,,Restricted - Possibly; Online object available,high-priority gap target; promotion requires PDF screening; folder or staff-file source pool; catalog-derived title/source note; page count unresolved,"Can each candidate be assigned to India, Pakistan, Bangladesh, or true regional strategy with an explicit selection or exclusion rationale?","Open the PDF, identify policy-bearing pages, assign page boundaries, and record promote/exclude/cite-only rationale. Gap cue: Search India with Rao, Venkataraman, Gandhi, Shankar, Kashmir, nuclear, nonproliferation, economic reform, trade, and defense terms.",https://catalog.archives.gov/id/470426145,https://s3.dualstack.us-east-1.amazonaws.com/NARAprodstorage/lz/presidential-libraries/bush/gb-nsc/haass/correspondence_2554865/41-bpr-nsc-haass_correspondence-cf01479-008.pdf
gap-regional-kashmir-bangladesh-split,High,Triaged,Regional,"Split the Regional lane into Kashmir, Bangladesh, and other South Asia tracks",4,Page-boundary pull,Potential lead,286185941,,Regional,1989-01-20,"Milam, William - AMB to Bangladesh",286185941,Catalog lead | Records of the White House Office of Presidential Personnel (George H. W. Bush Administration) | Katja Bullock Appointment Files | Katja Bullock Appointment Files | NAID 286185941 | 41-bpr-pers-bullock-appt-07091-008.pdf,,Restricted - Possibly; Online object available,high-priority gap target; catalog-derived title/source note; page count unresolved,"Can each candidate be assigned to India, Pakistan, Bangladesh, or true regional strategy with an explicit selection or exclusion rationale?","Open the PDF, identify policy-bearing pages, assign page boundaries, and record promote/exclude/cite-only rationale. Gap cue: Review Afghanistan files 645607685, 645607321, and 645607323.",https://catalog.archives.gov/id/286185941,https://s3.amazonaws.com/NARAprodstorage/lz/presidential-libraries/bush/foia/2000/Batch0001/41-bpr-pers-bullock-appt-07091-008.pdf
gap-regional-kashmir-bangladesh-split,High,Triaged,Regional,"Split the Regional lane into Kashmir, Bangladesh, and other South Asia tracks",4,Page-boundary pull,Potential lead,645607905,,Pakistan,1989-01-20,Pakistan [A],645607905,Cheney collection | Richard Cheney Collection | Country Files | Country Files | NAID 645607905 | 41-bpr-dhm-cheney-country-31836-005.pdf,,Restricted - Partly; Online object available,high-priority gap target; promotion requires PDF screening; folder or staff-file source pool; catalog-derived title/source note; page count unresolved,"Can each candidate be assigned to India, Pakistan, Bangladesh, or true regional strategy with an explicit selection or exclusion rationale?","Open the PDF, identify policy-bearing pages, assign page boundaries, and record promote/exclude/cite-only rationale. Gap cue: Search India with Rao, Venkataraman, Gandhi, Shankar, Kashmir, nuclear, nonproliferation, economic reform, trade, and defense terms.",https://catalog.archives.gov/id/645607905,https://s3.amazonaws.com/NARAprodstorage/lz/presidential-libraries/bush/gb-rbc/country_470572294/41-bpr-dhm-cheney-country-31836-005.pdf
gap-regional-kashmir-bangladesh-split,High,Triaged,Regional,"Split the Regional lane into Kashmir, Bangladesh, and other South Asia tracks",4,Page-boundary pull,Potential lead,645607531,,Pakistan,1989-01-20,Pakistan [A],645607531,Cheney collection | Richard Cheney Collection | Country Files | Country Files | NAID 645607531 | 41-bpr-dhm-cheney-country-31820-001.pdf,,Restricted - Partly; Online object available,high-priority gap target; promotion requires PDF screening; folder or staff-file source pool; catalog-derived title/source note; page count unresolved,"Can each candidate be assigned to India, Pakistan, Bangladesh, or true regional strategy with an explicit selection or exclusion rationale?","Open the PDF, identify policy-bearing pages, assign page boundaries, and record promote/exclude/cite-only rationale. Gap cue: Search India with Rao, Venkataraman, Gandhi, Shankar, Kashmir, nuclear, nonproliferation, economic reform, trade, and defense terms.",https://catalog.archives.gov/id/645607531,https://s3.amazonaws.com/NARAprodstorage/lz/presidential-libraries/bush/gb-rbc/country_470572294/41-bpr-dhm-cheney-country-31820-001.pdf
gap-regional-kashmir-bangladesh-split,High,Triaged,Regional,"Split the Regional lane into Kashmir, Bangladesh, and other South Asia tracks",4,Page-boundary pull,Potential lead,645607907,,Pakistan,1989-01-20,Pakistan [B],645607907,Cheney collection | Richard Cheney Collection | Country Files | Country Files | NAID 645607907 | 41-bpr-dhm-cheney-country-31836-006.pdf,,Restricted - Partly; Online object available,high-priority gap target; promotion requires PDF screening; folder or staff-file source pool; catalog-derived title/source note; page count unresolved,"Can each candidate be assigned to India, Pakistan, Bangladesh, or true regional strategy with an explicit selection or exclusion rationale?","Open the PDF, identify policy-bearing pages, assign page boundaries, and record promote/exclude/cite-only rationale. Gap cue: Search India with Rao, Venkataraman, Gandhi, Shankar, Kashmir, nuclear, nonproliferation, economic reform, trade, and defense terms.",https://catalog.archives.gov/id/645607907,https://s3.amazonaws.com/NARAprodstorage/lz/presidential-libraries/bush/gb-rbc/country_470572294/41-bpr-dhm-cheney-country-31836-006.pdf
gap-regional-kashmir-bangladesh-split,High,Triaged,Regional,"Split the Regional lane into Kashmir, Bangladesh, and other South Asia tracks",4,Page-boundary pull,Potential lead,470426225,,Regional,1990-03-26,"NSC/DC [Deputies Committee] Teleconference - March 26, 1990 Re: Kashmir",470426225,NSC files | Records of the National Security Council (George H. W. Bush Administration) | Richard N. Haass' Meeting Files | Richard N. Haass' Meeting Files | NAID 470426225 | 41-bpr-nsc-haass_meeting-cf01625-014.pdf,,Restricted - Possibly; Online object available,high-priority gap target; promotion requires PDF screening; folder or staff-file source pool; catalog-derived title/source note; page count unresolved,"Can each candidate be assigned to India, Pakistan, Bangladesh, or true regional strategy with an explicit selection or exclusion rationale?","Open the PDF, identify policy-bearing pages, assign page boundaries, and record promote/exclude/cite-only rationale. Gap cue: Search India with Rao, Venkataraman, Gandhi, Shankar, Kashmir, nuclear, nonproliferation, economic reform, trade, and defense terms.",https://catalog.archives.gov/id/470426225,https://s3.dualstack.us-east-1.amazonaws.com/NARAprodstorage/lz/presidential-libraries/bush/gb-nsc/haass/meeting_2554866/41-bpr-nsc-haass_meeting-cf01625-014.pdf
gap-regional-kashmir-bangladesh-split,High,Triaged,Regional,"Split the Regional lane into Kashmir, Bangladesh, and other South Asia tracks",4,Page-boundary pull,Confirmed record,470761101,2.012,Pakistan,1990-03-26,"NSC/DC 112 - March 26, 1990 - NSC/DC Meeting on Kashmir, Keywords: Pakistan",470761101; 90013-024,H-Files - National Security Council (NSC)/Deputies Committee (DC) Meetings Files | Records of the National Security Council (George H. W. Bush Administration) | H-Files - National Security Council (NSC)/Deputies Committee (DC) Meetings Files | 90013-024 | 41-bpr-nsc-hfiles-dc_mtgs-112-90013-024.pdf,13 pages,Restricted - Possibly,high-priority gap target; folder or staff-file source pool; access review affects selection; source page range not fixed; catalog-derived title/source note,"Can each candidate be assigned to India, Pakistan, Bangladesh, or true regional strategy with an explicit selection or exclusion rationale?","Open the PDF, verify item-level page boundaries and title, then update source note or decision log if the folder contains multiple documents. Gap cue: Search India with Rao, Venkataraman, Gandhi, Shankar, Kashmir, nuclear, nonproliferation, economic reform, trade, and defense terms.",https://catalog.archives.gov/id/470761101,https://s3.amazonaws.com/NARAprodstorage/lz/presidential-libraries/bush/gb-nsc/H-Files/NSC-DC_Mtgs_312294079/41-bpr-nsc-hfiles-dc_mtgs-112-90013-024.pdf
gap-regional-kashmir-bangladesh-split,High,Triaged,Regional,"Split the Regional lane into Kashmir, Bangladesh, and other South Asia tracks",4,Page-boundary pull,Confirmed record,470761103,3.007,India,1990-04-04,"NSC/DC 113 - April 04, 1990 - NSC/DC Meeting on Kashmir via SVTS, Keywords: India",470761103; 90013-026,H-Files - National Security Council (NSC)/Deputies Committee (DC) Meetings Files | Records of the National Security Council (George H. W. Bush Administration) | H-Files - National Security Council (NSC)/Deputies Committee (DC) Meetings Files | 90013-026 | 41-bpr-nsc-hfiles-dc_mtgs-113-90013-026.pdf,41 pages,Restricted - Possibly,high-priority gap target; folder or staff-file source pool; access review affects selection; large PDF extent; source page range not fixed; catalog-derived title/source note,"Can each candidate be assigned to India, Pakistan, Bangladesh, or true regional strategy with an explicit selection or exclusion rationale?","Open the PDF, verify item-level page boundaries and title, then update source note or decision log if the folder contains multiple documents. Gap cue: Search India with Rao, Venkataraman, Gandhi, Shankar, Kashmir, nuclear, nonproliferation, economic reform, trade, and defense terms.",https://catalog.archives.gov/id/470761103,https://s3.amazonaws.com/NARAprodstorage/lz/presidential-libraries/bush/gb-nsc/H-Files/NSC-DC_Mtgs_312294079/41-bpr-nsc-hfiles-dc_mtgs-113-90013-026.pdf
gap-regional-kashmir-bangladesh-split,High,Triaged,Regional,"Split the Regional lane into Kashmir, Bangladesh, and other South Asia tracks",4,Page-boundary pull,Confirmed record,428081099,4.005,Regional,1990-10-01,Memorandum of Conversation,428081099; [Memorandum of Conversations (Memcons)-July 1990-December 1990]: October 1990,Presidential Memcon Files | Records of the National Security Council (George H. W. Bush Administration) | Presidential Memcon Files | [Memorandum of Conversations (Memcons)-July 1990-December 1990]: October 1990 | 1990-10-01--Ershad.pdf,5 pages,Full,high-priority gap target; source page range not fixed; catalog-derived title/source note,"Can each candidate be assigned to India, Pakistan, Bangladesh, or true regional strategy with an explicit selection or exclusion rationale?","Open the PDF, verify item-level page boundaries and title, then update source note or decision log if the folder contains multiple documents. Gap cue: Review Afghanistan files 645607685, 645607321, and 645607323.",https://catalog.archives.gov/id/428081099,https://s3.us-east-1.amazonaws.com/NARAprodstorage/lz/presidential-libraries/bush/gb-nsc/321498039/1990-10-01--Ershad.pdf
gap-regional-kashmir-bangladesh-split,High,Triaged,Regional,"Split the Regional lane into Kashmir, Bangladesh, and other South Asia tracks",4,Page-boundary pull,Confirmed record,428082145,4.006,Regional,1992-03-19,Memorandum of Conversation,428082145; [Memorandum of Conversations (Memcons)-January 1992-June 1992]: March 1992,Presidential Memcon Files | Records of the National Security Council (George H. W. Bush Administration) | Presidential Memcon Files | [Memorandum of Conversations (Memcons)-January 1992-June 1992]: March 1992 | 1992-03-19--Zia.pdf,6 pages,Full,critical gap target; high-priority gap target; folder or staff-file source pool; source page range not fixed; catalog-derived title/source note,"Can each candidate be assigned to India, Pakistan, Bangladesh, or true regional strategy with an explicit selection or exclusion rationale?","Open the PDF, verify item-level page boundaries and title, then update source note or decision log if the folder contains multiple documents. Gap cue: Prioritize Haass Working Files 470426597, Haass Meeting File 470426255, Mojaddedi 470426381, Bangladesh Zia 428082145, and Pakistan nuclear meeting files 470426231, 470426238, and 470426240.",https://catalog.archives.gov/id/428082145,https://s3.us-east-1.amazonaws.com/NARAprodstorage/lz/presidential-libraries/bush/gb-nsc/321498039/1992-03-19--Zia.pdf
gap-regional-kashmir-bangladesh-split,High,Triaged,Regional,"Split the Regional lane into Kashmir, Bangladesh, and other South Asia tracks",4,Page-boundary pull,Potential lead,470426266,,Regional,1992-03-19,"President's Meeting with Prime Minister Zia of Bangladesh - March 19, 1992",470426266,NSC files | Records of the National Security Council (George H. W. Bush Administration) | Richard N. Haass' Meeting Files | Richard N. Haass' Meeting Files | NAID 470426266 | 41-bpr-nsc-haass_meeting-cf01447-024.pdf,,Restricted - Possibly; Online object available,high-priority gap target; promotion requires PDF screening; folder or staff-file source pool; catalog-derived title/source note; page count unresolved,"Can each candidate be assigned to India, Pakistan, Bangladesh, or true regional strategy with an explicit selection or exclusion rationale?","Open the PDF, identify policy-bearing pages, assign page boundaries, and record promote/exclude/cite-only rationale. Gap cue: Review Afghanistan files 645607685, 645607321, and 645607323.",https://catalog.archives.gov/id/470426266,https://s3.dualstack.us-east-1.amazonaws.com/NARAprodstorage/lz/presidential-libraries/bush/gb-nsc/haass/meeting_2554866/41-bpr-nsc-haass_meeting-cf01447-024.pdf
gap-regional-kashmir-bangladesh-split,High,Triaged,Regional,"Split the Regional lane into Kashmir, Bangladesh, and other South Asia tracks",4,Page-boundary pull,Potential lead,543965098,,Regional,1992-11-02,WHPO-P37850,543965098,Catalog lead | Records of the White House Photograph Office | George H. W. Bush Presidential Photographs | NAID 543965098 | 41-AV-P37850-11021992.jpg,,Unrestricted; Online object available,high-priority gap target; catalog-derived title/source note; page count unresolved,"Can each candidate be assigned to India, Pakistan, Bangladesh, or true regional strategy with an explicit selection or exclusion rationale?","Open the PDF, identify policy-bearing pages, assign page boundaries, and record promote/exclude/cite-only rationale. Gap cue: Promote Kashmir leads 470426145 and 470426225 into a focused review queue.",https://catalog.archives.gov/id/543965098,https://s3.amazonaws.com/NARAprodstorage/lz/presidential-libraries/bush/gb-whpo/186364/P37850/41-AV-P37850-11021992.jpg
gap-source-note-quality,Medium,Open,Metadata Quality,"Audit source notes, titles, and provenance before final numbering",0,Gap brief,Gap brief,gap-source-note-quality,,Metadata Quality,,"Audit source notes, titles, and provenance before final numbering",428080057; 428080317; 428081443; 428082145,Brent Scowcroft Papers; Bush Library Memcons and Telcons; National Archives Catalog,,Open,Run a metadata audit after the page-level pass and before treating compiler numbering as final.,"Do title, date, source location, page extent, access language, and provenance agree with the PDF/citation sheet or catalog item?",Spot-check Scowcroft-derived presidential conversation titles against PDF or catalog title pages.,,
gap-source-note-quality,Medium,Open,Metadata Quality,"Audit source notes, titles, and provenance before final numbering",1,Chapter lane,Chapter lane,Regional:Bangladesh and smaller South Asia states,,Regional,,Bangladesh and smaller South Asia states,428080057; 428080317; 428081443; 428082145,Brent Scowcroft Papers; Bush Library Memcons and Telcons; National Archives Catalog,6 pages,Thin; promote or exclude leads,Confirmed 1; leads 2; related gaps 4.,"Do title, date, source location, page extent, access language, and provenance agree with the PDF/citation sheet or catalog item?","Resolve the Bangladesh Zia internal/public pair and keep Sri Lanka/Maldives public items contextual until internal files are located. Gap cue: Prioritize Haass Working Files 470426597, Haass Meeting File 470426255, Mojaddedi 470426381, Bangladesh Zia 428082145, and Pakistan nuclear meeting files 470426231, 470426238, and 470426240.",,
gap-source-note-quality,Medium,Open,Metadata Quality,"Audit source notes, titles, and provenance before final numbering",1,Chapter lane,Chapter lane,India:India leadership and bilateral policy,,India,,India leadership and bilateral policy,428080057; 428080317; 428081443; 428082145,Brent Scowcroft Papers; Bush Library Memcons and Telcons; National Archives Catalog,122 pages,Gap-linked review,Confirmed 10; leads 8; related gaps 3.,"Do title, date, source location, page extent, access language, and provenance agree with the PDF/citation sheet or catalog item?","Build staff-file support for the leadership chronology, especially around the 1991-1992 transition to Rao-era policy. Gap cue: Search India with Rao, Venkataraman, Gandhi, Shankar, Kashmir, nuclear, nonproliferation, economic reform, trade, and defense terms.",,
gap-source-note-quality,Medium,Open,Metadata Quality,"Audit source notes, titles, and provenance before final numbering",1,Chapter lane,Chapter lane,"Pakistan:Pakistan leadership, aid, and bilateral management",,Pakistan,,"Pakistan leadership, aid, and bilateral management",428080057; 428080317; 428081443; 428082145,Brent Scowcroft Papers; Bush Library Memcons and Telcons; National Archives Catalog,348 pages,Gap-linked review,Confirmed 26; leads 10; related gaps 6.,"Do title, date, source location, page extent, access language, and provenance agree with the PDF/citation sheet or catalog item?","Separate policy-bearing presidential conversations from public/context locators and verify source notes against the PDF or citation sheet. Gap cue: Prioritize Haass Working Files 470426597, Haass Meeting File 470426255, Mojaddedi 470426381, Bangladesh Zia 428082145, and Pakistan nuclear meeting files 470426231, 470426238, and 470426240.",,
gap-source-note-quality,Medium,Open,Metadata Quality,"Audit source notes, titles, and provenance before final numbering",2,Confirmed chronology anchor,Confirmed record,bush-library-428080057,3.004,India,1989-06-08,Memorandum of Telephone Conversation,428080057; [Memorandum of Telephone Conversations (Telcons) - January 1989-July 1989]: June 1989,Records of the National Security Council (George H. W. Bush Administration) | Presidential Telcon Files | [Memorandum of Telephone Conversations (Telcons) - January 1989-July 1989]: June 1989,4 pages,Full,catalog-derived-source-note,"Do title, date, source location, page extent, access language, and provenance agree with the PDF/citation sheet or catalog item?","Resolve compiler risk: catalog-derived-source-note. Use Daily Diary/Backup only for chronology, time, location, attendees, and call status.",https://catalog.archives.gov/id/428080057,https://s3.us-east-1.amazonaws.com/NARAprodstorage/lz/presidential-libraries/bush/gb-nsc/321498139/1989-06-08--Gandhi.pdf
gap-source-note-quality,Medium,Open,Metadata Quality,"Audit source notes, titles, and provenance before final numbering",2,Confirmed chronology anchor,Confirmed record,bush-library-428080317,2.011,Pakistan,1989-11-01,Memorandum of Telephone Conversation,428080317; [Memorandum of Telephone Conversations (Telcons) - August 1989-December 1989]: November 1989,Records of the National Security Council (George H. W. Bush Administration) | Presidential Telcon Files | [Memorandum of Telephone Conversations (Telcons) - August 1989-December 1989]: November 1989,3 pages,Full,catalog-derived-source-note,"Do title, date, source location, page extent, access language, and provenance agree with the PDF/citation sheet or catalog item?","Resolve compiler risk: catalog-derived-source-note. Use Daily Diary/Backup only for chronology, time, location, attendees, and call status.",https://catalog.archives.gov/id/428080317,https://s3.us-east-1.amazonaws.com/NARAprodstorage/lz/presidential-libraries/bush/gb-nsc/321498139/1989-11-01--Bhutto.pdf
gap-source-note-quality,Medium,Open,Metadata Quality,"Audit source notes, titles, and provenance before final numbering",2,Confirmed chronology anchor,Confirmed record,bush-library-428081443,3.008,India,1991-02-08,Memorandum of Telephone Conversation,428081443; [Memorandum of Telephone Conversations (Telcons) - January 1991-April 1991]:  February 1991 [1],Records of the National Security Council (George H. W. Bush Administration) | Presidential Telcon Files | [Memorandum of Telephone Conversations (Telcons) - January 1991-April 1991]:  February 1991 [1],4 pages,Full,catalog-derived-source-note,"Do title, date, source location, page extent, access language, and provenance agree with the PDF/citation sheet or catalog item?",Resolve compiler risk: catalog-derived-source-note.,https://catalog.archives.gov/id/428081443,https://s3.us-east-1.amazonaws.com/NARAprodstorage/lz/presidential-libraries/bush/gb-nsc/321498139/1991-02-08--Shankar.pdf
gap-source-note-quality,Medium,Open,Metadata Quality,"Audit source notes, titles, and provenance before final numbering",2,Confirmed chronology anchor,Confirmed record,bush-library-428082145,4.006,Regional,1992-03-19,Memorandum of Conversation,428082145; [Memorandum of Conversations (Memcons)-January 1992-June 1992]: March 1992,Records of the National Security Council (George H. W. Bush Administration) | Presidential Memcon Files | [Memorandum of Conversations (Memcons)-January 1992-June 1992]: March 1992,6 pages,Full,catalog-derived-source-note,"Do title, date, source location, page extent, access language, and provenance agree with the PDF/citation sheet or catalog item?","Resolve compiler risk: catalog-derived-source-note. Use Daily Diary/Backup only for chronology, time, location, attendees, and call status.",https://catalog.archives.gov/id/428082145,https://s3.us-east-1.amazonaws.com/NARAprodstorage/lz/presidential-libraries/bush/gb-nsc/321498039/1992-03-19--Zia.pdf
gap-source-note-quality,Medium,Open,Metadata Quality,"Audit source notes, titles, and provenance before final numbering",4,Page-boundary pull,Confirmed record,428079777,2.001,Pakistan,1989-01-23,Memorandum of Telephone Conversation,428079777; [Memorandum of Telephone Conversations (Telcons) - January 1989-July 1989]: January 1989,Presidential Telcon Files | Records of the National Security Council (George H. W. Bush Administration) | Presidential Telcon Files | [Memorandum of Telephone Conversations (Telcons) - January 1989-July 1989]: January 1989 | 1989-01-23--Bhutto.pdf,1 page,Full,high-priority gap target; source page range not fixed; catalog-derived title/source note,"Do title, date, source location, page extent, access language, and provenance agree with the PDF/citation sheet or catalog item?","Open the PDF, verify item-level page boundaries and title, then update source note or decision log if the folder contains multiple documents. Gap cue: Prioritize Gates Subject File 470437053 and Pakistan H-Files 470426231, 470426238, and 470426240.",https://catalog.archives.gov/id/428079777,https://s3.us-east-1.amazonaws.com/NARAprodstorage/lz/presidential-libraries/bush/gb-nsc/321498139/1989-01-23--Bhutto.pdf
gap-source-note-quality,Medium,Open,Metadata Quality,"Audit source notes, titles, and provenance before final numbering",4,Page-boundary pull,Confirmed record,428079809,2.002,Pakistan,1989-01-25,Memorandum of Telephone Conversation,428079809; [Memorandum of Telephone Conversations (Telcons) - January 1989-July 1989]: January 1989,Presidential Telcon Files | Records of the National Security Council (George H. W. Bush Administration) | Presidential Telcon Files | [Memorandum of Telephone Conversations (Telcons) - January 1989-July 1989]: January 1989 | 1989-01-25--Khan.pdf,1 page,Full,high-priority gap target; source page range not fixed; catalog-derived title/source note,"Do title, date, source location, page extent, access language, and provenance agree with the PDF/citation sheet or catalog item?","Open the PDF, verify item-level page boundaries and title, then update source note or decision log if the folder contains multiple documents. Gap cue: Prioritize Gates Subject File 470437053 and Pakistan H-Files 470426231, 470426238, and 470426240.",https://catalog.archives.gov/id/428079809,https://s3.us-east-1.amazonaws.com/NARAprodstorage/lz/presidential-libraries/bush/gb-nsc/321498139/1989-01-25--Khan.pdf
gap-source-note-quality,Medium,Open,Metadata Quality,"Audit source notes, titles, and provenance before final numbering",4,Page-boundary pull,Confirmed record,446394923,1.001,Afghanistan,1989-02-07,"NSR-1 - February 07, 1989 - Afghanistan",446394923; 90006-001,H-Files - National Security Review (NSR) Files | Records of the National Security Council (George H. W. Bush Administration) | H-Files - National Security Review (NSR) Files | 90006-001 | 41-bpr-nsc-hfiles-nsr-1-90006-001.pdf,30 pages,Restricted - Possibly,high-priority gap target; folder or staff-file source pool; access review affects selection; large PDF extent; source page range not fixed; catalog-derived title/source note,"Do title, date, source location, page extent, access language, and provenance agree with the PDF/citation sheet or catalog item?","Open the PDF, verify item-level page boundaries and title, then update source note or decision log if the folder contains multiple documents. Gap cue: Review Afghanistan files 645607685, 645607321, and 645607323.",https://catalog.archives.gov/id/446394923,https://s3.amazonaws.com/NARAprodstorage/lz/presidential-libraries/bush/gb-nsc/H-Files/NSRs_313189297/41-bpr-nsc-hfiles-nsr-1-90006-001.pdf
gap-source-note-quality,Medium,Open,Metadata Quality,"Audit source notes, titles, and provenance before final numbering",4,Page-boundary pull,Confirmed record,470760975,1.002,Afghanistan,1989-02-08,"NSC/DC 001 - February 08, 1989 - NSC/DC Meeting on Afghanistan, Keywords: Afghanistan",470760975; 90009-001,H-Files - National Security Council (NSC)/Deputies Committee (DC) Meetings Files | Records of the National Security Council (George H. W. Bush Administration) | H-Files - National Security Council (NSC)/Deputies Committee (DC) Meetings Files | 90009-001 | 41-bpr-nsc-hfiles-dc_mtgs-1-90009-001.pdf,52 pages,Restricted - Possibly,high-priority gap target; folder or staff-file source pool; access review affects selection; large PDF extent; source page range not fixed; catalog-derived title/source note,"Do title, date, source location, page extent, access language, and provenance agree with the PDF/citation sheet or catalog item?","Open the PDF, verify item-level page boundaries and title, then update source note or decision log if the folder contains multiple documents. Gap cue: Review Afghanistan files 645607685, 645607321, and 645607323.",https://catalog.archives.gov/id/470760975,https://s3.amazonaws.com/NARAprodstorage/lz/presidential-libraries/bush/gb-nsc/H-Files/NSC-DC_Mtgs_312294079/41-bpr-nsc-hfiles-dc_mtgs-1-90009-001.pdf
gap-source-note-quality,Medium,Open,Metadata Quality,"Audit source notes, titles, and provenance before final numbering",4,Page-boundary pull,Confirmed record,470760885,1.003,Afghanistan,1989-02-10,"NSC0001 - February 10, 1989 - Afghanistan",470760885; 90000-001,H-Files - National Security Council (NSC) Meeting Files | Records of the National Security Council (George H. W. Bush Administration) | H-Files - National Security Council (NSC) Meeting Files | 90000-001 | 41-bpr-nsc-hfiles-nsc_mtgs-1-90000-001.pdf,20 pages,Restricted - Possibly,high-priority gap target; folder or staff-file source pool; access review affects selection; large PDF extent; source page range not fixed; catalog-derived title/source note,"Do title, date, source location, page extent, access language, and provenance agree with the PDF/citation sheet or catalog item?","Open the PDF, verify item-level page boundaries and title, then update source note or decision log if the folder contains multiple documents. Gap cue: Review Afghanistan files 645607685, 645607321, and 645607323.",https://catalog.archives.gov/id/470760885,https://s3.amazonaws.com/NARAprodstorage/lz/presidential-libraries/bush/gb-nsc/H-Files/NSC_Mtgs_312293887/41-bpr-nsc-hfiles-nsc_mtgs-1-90000-001.pdf
gap-source-note-quality,Medium,Open,Metadata Quality,"Audit source notes, titles, and provenance before final numbering",4,Page-boundary pull,Confirmed record,446396813,1.004,Afghanistan,1989-02-13,"NSD-3 - February 13, 1989 - U.S. Policy toward Afghanistan (File located @ LM)",446396813; 90003-004,H-Files - National Security Directive (NSD) Files | Records of the National Security Council (George H. W. Bush Administration) | H-Files - National Security Directive (NSD) Files | 90003-004 | 41-bpr-nsc-hfiles-nsd-3-90003-004.pdf,52 pages,Restricted - Possibly,high-priority gap target; folder or staff-file source pool; access review affects selection; large PDF extent; source page range not fixed; catalog-derived title/source note,"Do title, date, source location, page extent, access language, and provenance agree with the PDF/citation sheet or catalog item?","Open the PDF, verify item-level page boundaries and title, then update source note or decision log if the folder contains multiple documents. Gap cue: Review Afghanistan files 645607685, 645607321, and 645607323.",https://catalog.archives.gov/id/446396813,https://s3.amazonaws.com/NARAprodstorage/lz/presidential-libraries/bush/gb-nsc/H-Files/NSDs_313189290/41-bpr-nsc-hfiles-nsd-3-90003-004.pdf
gap-source-note-quality,Medium,Open,Metadata Quality,"Audit source notes, titles, and provenance before final numbering",4,Page-boundary pull,Confirmed record,446394933,4.001,Regional,1989-02-22,"NSR-8 - February 22, 1989 - U.S. Policy Toward South Asia",446394933; 90006-011,H-Files - National Security Review (NSR) Files | Records of the National Security Council (George H. W. Bush Administration) | H-Files - National Security Review (NSR) Files | 90006-011 | 41-bpr-nsc-hfiles-nsr-8-90006-011.pdf,95 pages,Restricted - Possibly,folder or staff-file source pool; access review affects selection; large PDF extent; source page range not fixed; catalog-derived title/source note,"Do title, date, source location, page extent, access language, and provenance agree with the PDF/citation sheet or catalog item?","Open the PDF, verify item-level page boundaries and title, then update source note or decision log if the folder contains multiple documents. Gap cue: Spot-check Scowcroft-derived presidential conversation titles against PDF or catalog title pages.",https://catalog.archives.gov/id/446394933,https://s3.amazonaws.com/NARAprodstorage/lz/presidential-libraries/bush/gb-nsc/H-Files/NSRs_313189297/41-bpr-nsc-hfiles-nsr-8-90006-011.pdf
gap-source-note-quality,Medium,Open,Metadata Quality,"Audit source notes, titles, and provenance before final numbering",4,Page-boundary pull,Confirmed record,428079855,3.001,India,1989-02-23,Memorandum of Conversation,428079855; [Memorandum of Conversations (Memcons)-January 1989-May 1989]: February 1989,Presidential Memcon Files | Records of the National Security Council (George H. W. Bush Administration) | Presidential Memcon Files | [Memorandum of Conversations (Memcons)-January 1989-May 1989]: February 1989 | 1989-02-23--Venkataraman.pdf,9 pages,Full,high-priority gap target; source page range not fixed; catalog-derived title/source note,"Do title, date, source location, page extent, access language, and provenance agree with the PDF/citation sheet or catalog item?","Open the PDF, verify item-level page boundaries and title, then update source note or decision log if the folder contains multiple documents. Gap cue: Search India with Rao, Venkataraman, Gandhi, Shankar, Kashmir, nuclear, nonproliferation, economic reform, trade, and defense terms.",https://catalog.archives.gov/id/428079855,https://s3.us-east-1.amazonaws.com/NARAprodstorage/lz/presidential-libraries/bush/gb-nsc/321498039/1989-02-23--Venkataraman.pdf
gap-source-note-quality,Medium,Open,Metadata Quality,"Audit source notes, titles, and provenance before final numbering",4,Page-boundary pull,Confirmed record,428079859,2.003,Pakistan,1989-02-24,Memorandum of Conversation,428079859; [Memorandum of Conversations (Memcons)-January 1989-May 1989]: February 1989,Presidential Memcon Files | Records of the National Security Council (George H. W. Bush Administration) | Presidential Memcon Files | [Memorandum of Conversations (Memcons)-January 1989-May 1989]: February 1989 | 1989-02-24--Bhutto.pdf,7 pages,Full,high-priority gap target; source page range not fixed; catalog-derived title/source note,"Do title, date, source location, page extent, access language, and provenance agree with the PDF/citation sheet or catalog item?","Open the PDF, verify item-level page boundaries and title, then update source note or decision log if the folder contains multiple documents. Gap cue: Prioritize Gates Subject File 470437053 and Pakistan H-Files 470426231, 470426238, and 470426240.",https://catalog.archives.gov/id/428079859,https://s3.us-east-1.amazonaws.com/NARAprodstorage/lz/presidential-libraries/bush/gb-nsc/321498039/1989-02-24--Bhutto.pdf
gap-source-note-quality,Medium,Open,Metadata Quality,"Audit source notes, titles, and provenance before final numbering",4,Page-boundary pull,Confirmed record,470760979,1.006,Afghanistan,1989-03-08,"NSC/DC 005 - March 08, 1989 - NSC/DC Meeting on Non-Lethal Finding and Transfer of Funds re: Afghanistan, Keywords: Afghanistan",470760979; 90009-005,H-Files - National Security Council (NSC)/Deputies Committee (DC) Meetings Files | Records of the National Security Council (George H. W. Bush Administration) | H-Files - National Security Council (NSC)/Deputies Committee (DC) Meetings Files | 90009-005 | 41-bpr-nsc-hfiles-dc_mtgs-5-90009-005.pdf,6 pages,Restricted - Possibly,high-priority gap target; folder or staff-file source pool; access review affects selection; source page range not fixed; catalog-derived title/source note,"Do title, date, source location, page extent, access language, and provenance agree with the PDF/citation sheet or catalog item?","Open the PDF, verify item-level page boundaries and title, then update source note or decision log if the folder contains multiple documents. Gap cue: Review Afghanistan files 645607685, 645607321, and 645607323.",https://catalog.archives.gov/id/470760979,https://s3.amazonaws.com/NARAprodstorage/lz/presidential-libraries/bush/gb-nsc/H-Files/NSC-DC_Mtgs_312294079/41-bpr-nsc-hfiles-dc_mtgs-5-90009-005.pdf
gap-source-note-quality,Medium,Open,Metadata Quality,"Audit source notes, titles, and provenance before final numbering",4,Page-boundary pull,Confirmed record,470760888,1.007,Afghanistan,1989-03-14,"NSC0004 - March 14, 1989 - Panama, Nicaragua, Afghanistan (File located @ LM)",470760888; 90000-004,H-Files - National Security Council (NSC) Meeting Files | Records of the National Security Council (George H. W. Bush Administration) | H-Files - National Security Council (NSC) Meeting Files | 90000-004 | 41-bpr-nsc-hfiles-nsc_mtgs-4-90000-004.pdf,1 page,Restricted - Possibly,high-priority gap target; folder or staff-file source pool; access review affects selection; source page range not fixed; catalog-derived title/source note,"Do title, date, source location, page extent, access language, and provenance agree with the PDF/citation sheet or catalog item?","Open the PDF, verify item-level page boundaries and title, then update source note or decision log if the folder contains multiple documents. Gap cue: Review Afghanistan files 645607685, 645607321, and 645607323.",https://catalog.archives.gov/id/470760888,https://s3.amazonaws.com/NARAprodstorage/lz/presidential-libraries/bush/gb-nsc/H-Files/NSC_Mtgs_312293887/41-bpr-nsc-hfiles-nsc_mtgs-4-90000-004.pdf
gap-source-note-quality,Medium,Open,Metadata Quality,"Audit source notes, titles, and provenance before final numbering",4,Page-boundary pull,Confirmed record,446396815,1.008,Afghanistan,1989-03-18,"NSD-5 - March 18, 1989 - Legislation to Authorize the Transfer of Funds to the Agency for International Development (AID) for Humanitarian Assistance to Afghanistan (File located @ LM)",446396815; 90003-006,H-Files - National Security Directive (NSD) Files | Records of the National Security Council (George H. W. Bush Administration) | H-Files - National Security Directive (NSD) Files | 90003-006 | 41-bpr-nsc-hfiles-nsd-5-90003-006.pdf,43 pages,Restricted - Possibly,high-priority gap target; folder or staff-file source pool; access review affects selection; large PDF extent; source page range not fixed; catalog-derived title/source note,"Do title, date, source location, page extent, access language, and provenance agree with the PDF/citation sheet or catalog item?","Open the PDF, verify item-level page boundaries and title, then update source note or decision log if the folder contains multiple documents. Gap cue: Review Afghanistan files 645607685, 645607321, and 645607323.",https://catalog.archives.gov/id/446396815,https://s3.amazonaws.com/NARAprodstorage/lz/presidential-libraries/bush/gb-nsc/H-Files/NSDs_313189290/41-bpr-nsc-hfiles-nsd-5-90003-006.pdf
gap-source-note-quality,Medium,Open,Metadata Quality,"Audit source notes, titles, and provenance before final numbering",4,Page-boundary pull,Confirmed record,470760991,4.002,Regional,1989-04-07,"NSC/DC 017 - April 07, 1989 - NSC/DC Meeting on South Asia, Keywords: South Asia",470760991; 90009-017,H-Files - National Security Council (NSC)/Deputies Committee (DC) Meetings Files | Records of the National Security Council (George H. W. Bush Administration) | H-Files - National Security Council (NSC)/Deputies Committee (DC) Meetings Files | 90009-017 | 41-bpr-nsc-hfiles-dc_mtgs-17-90009-017.pdf,102 pages,Restricted - Possibly,folder or staff-file source pool; access review affects selection; large PDF extent; source page range not fixed; catalog-derived title/source note,"Do title, date, source location, page extent, access language, and provenance agree with the PDF/citation sheet or catalog item?","Open the PDF, verify item-level page boundaries and title, then update source note or decision log if the folder contains multiple documents. Gap cue: Spot-check Scowcroft-derived presidential conversation titles against PDF or catalog title pages.",https://catalog.archives.gov/id/470760991,https://s3.amazonaws.com/NARAprodstorage/lz/presidential-libraries/bush/gb-nsc/H-Files/NSC-DC_Mtgs_312294079/41-bpr-nsc-hfiles-dc_mtgs-17-90009-017.pdf
gap-source-note-quality,Medium,Open,Metadata Quality,"Audit source notes, titles, and provenance before final numbering",4,Page-boundary pull,Confirmed record,470760996,3.003,India,1989-05-04,"NSC/DC 022 - May 04, 1989 - NSC/DC Meeting on South Asia, Keywords: South Asia, India (File located @ LM)",470760996; 90010-001,H-Files - National Security Council (NSC)/Deputies Committee (DC) Meetings Files | Records of the National Security Council (George H. W. Bush Administration) | H-Files - National Security Council (NSC)/Deputies Committee (DC) Meetings Files | 90010-001 | 41-bpr-nsc-hfiles-dc_mtgs-22-90010-001.pdf,45 pages,Restricted - Possibly,high-priority gap target; folder or staff-file source pool; access review affects selection; large PDF extent; source page range not fixed; catalog-derived title/source note,"Do title, date, source location, page extent, access language, and provenance agree with the PDF/citation sheet or catalog item?","Open the PDF, verify item-level page boundaries and title, then update source note or decision log if the folder contains multiple documents. Gap cue: Search India with Rao, Venkataraman, Gandhi, Shankar, Kashmir, nuclear, nonproliferation, economic reform, trade, and defense terms.",https://catalog.archives.gov/id/470760996,https://s3.amazonaws.com/NARAprodstorage/lz/presidential-libraries/bush/gb-nsc/H-Files/NSC-DC_Mtgs_312294079/41-bpr-nsc-hfiles-dc_mtgs-22-90010-001.pdf
gap-source-note-quality,Medium,Open,Metadata Quality,"Audit source notes, titles, and provenance before final numbering",4,Page-boundary pull,Confirmed record,428080031,2.005,Pakistan,1989-06-06,Memorandum of Conversation,428080031; [Memorandum of Conversations (Memcons) - June 1989-December 1989]: June 1989,Presidential Memcon Files | Records of the National Security Council (George H. W. Bush Administration) | Presidential Memcon Files | [Memorandum of Conversations (Memcons) - June 1989-December 1989]: June 1989 | 1989-06-06--Bhutto.pdf,3 pages,Full,high-priority gap target; folder or staff-file source pool; source page range not fixed; catalog-derived title/source note,"Do title, date, source location, page extent, access language, and provenance agree with the PDF/citation sheet or catalog item?","Open the PDF, verify item-level page boundaries and title, then update source note or decision log if the folder contains multiple documents. Gap cue: Prioritize Gates Subject File 470437053 and Pakistan H-Files 470426231, 470426238, and 470426240.",https://catalog.archives.gov/id/428080031,https://s3.us-east-1.amazonaws.com/NARAprodstorage/lz/presidential-libraries/bush/gb-nsc/321498039/1989-06-06--Bhutto.pdf
gap-source-note-quality,Medium,Open,Metadata Quality,"Audit source notes, titles, and provenance before final numbering",4,Page-boundary pull,Confirmed record,428080057,3.004,India,1989-06-08,Memorandum of Telephone Conversation,428080057; [Memorandum of Telephone Conversations (Telcons) - January 1989-July 1989]: June 1989,Presidential Telcon Files | Records of the National Security Council (George H. W. Bush Administration) | Presidential Telcon Files | [Memorandum of Telephone Conversations (Telcons) - January 1989-July 1989]: June 1989 | 1989-06-08--Gandhi.pdf,4 pages,Full,high-priority gap target; catalog-derived title/source note,"Do title, date, source location, page extent, access language, and provenance agree with the PDF/citation sheet or catalog item?","Open the PDF, verify item-level page boundaries and title, then update source note or decision log if the folder contains multiple documents. Gap cue: Search India with Rao, Venkataraman, Gandhi, Shankar, Kashmir, nuclear, nonproliferation, economic reform, trade, and defense terms.",https://catalog.archives.gov/id/428080057,https://s3.us-east-1.amazonaws.com/NARAprodstorage/lz/presidential-libraries/bush/gb-nsc/321498139/1989-06-08--Gandhi.pdf
gap-source-note-quality,Medium,Open,Metadata Quality,"Audit source notes, titles, and provenance before final numbering",4,Page-boundary pull,Confirmed record,428080061,2.009,Pakistan,1989-06-10,Memorandum of Telephone Conversation,428080061; [Memorandum of Telephone Conversations (Telcons) - January 1989-July 1989]: June 1989,Presidential Telcon Files | Records of the National Security Council (George H. W. Bush Administration) | Presidential Telcon Files | [Memorandum of Telephone Conversations (Telcons) - January 1989-July 1989]: June 1989 | 1989-06-10--Bhutto.pdf,1 page,Full,high-priority gap target; source page range not fixed; catalog-derived title/source note,"Do title, date, source location, page extent, access language, and provenance agree with the PDF/citation sheet or catalog item?","Open the PDF, verify item-level page boundaries and title, then update source note or decision log if the folder contains multiple documents. Gap cue: Prioritize Gates Subject File 470437053 and Pakistan H-Files 470426231, 470426238, and 470426240.",https://catalog.archives.gov/id/428080061,https://s3.us-east-1.amazonaws.com/NARAprodstorage/lz/presidential-libraries/bush/gb-nsc/321498139/1989-06-10--Bhutto.pdf
gap-source-note-quality,Medium,Open,Metadata Quality,"Audit source notes, titles, and provenance before final numbering",4,Page-boundary pull,Confirmed record,428080113,3.005,India,1989-07-04,Memorandum of Telephone Conversation,428080113; [Memorandum of Telephone Conversations (Telcons) - January 1989-July 1989]: July 1989,Presidential Telcon Files | Records of the National Security Council (George H. W. Bush Administration) | Presidential Telcon Files | [Memorandum of Telephone Conversations (Telcons) - January 1989-July 1989]: July 1989 | 1989-07-04--Gandhi.pdf,2 pages,Full,high-priority gap target; source page range not fixed; catalog-derived title/source note,"Do title, date, source location, page extent, access language, and provenance agree with the PDF/citation sheet or catalog item?","Open the PDF, verify item-level page boundaries and title, then update source note or decision log if the folder contains multiple documents. Gap cue: Search India with Rao, Venkataraman, Gandhi, Shankar, Kashmir, nuclear, nonproliferation, economic reform, trade, and defense terms.",https://catalog.archives.gov/id/428080113,https://s3.us-east-1.amazonaws.com/NARAprodstorage/lz/presidential-libraries/bush/gb-nsc/321498139/1989-07-04--Gandhi.pdf
gap-source-note-quality,Medium,Open,Metadata Quality,"Audit source notes, titles, and provenance before final numbering",4,Page-boundary pull,Confirmed record,428080169,2.010,Pakistan,1989-08-05,Memorandum of Telephone Conversation,428080169; [Memorandum of Telephone Conversations (Telcons) - August 1989-December 1989]: August 1989,Presidential Telcon Files | Records of the National Security Council (George H. W. Bush Administration) | Presidential Telcon Files | [Memorandum of Telephone Conversations (Telcons) - August 1989-December 1989]: August 1989 | 1989-08-05--Bhutto.pdf,2 pages,Full,high-priority gap target; source page range not fixed; catalog-derived title/source note,"Do title, date, source location, page extent, access language, and provenance agree with the PDF/citation sheet or catalog item?","Open the PDF, verify item-level page boundaries and title, then update source note or decision log if the folder contains multiple documents. Gap cue: Prioritize Gates Subject File 470437053 and Pakistan H-Files 470426231, 470426238, and 470426240.",https://catalog.archives.gov/id/428080169,https://s3.us-east-1.amazonaws.com/NARAprodstorage/lz/presidential-libraries/bush/gb-nsc/321498139/1989-08-05--Bhutto.pdf
gap-source-note-quality,Medium,Open,Metadata Quality,"Audit source notes, titles, and provenance before final numbering",4,Page-boundary pull,Confirmed record,446396836,4.003,Regional,1989-08-29,"NSD-20 - August 29, 1989 - U.S. Policy toward South Asia",446396836; 90003-027,H-Files - National Security Directive (NSD) Files | Records of the National Security Council (George H. W. Bush Administration) | H-Files - National Security Directive (NSD) Files | 90003-027 | 41-bpr-nsc-hfiles-nsd-20-90003-027.pdf,45 pages,Restricted - Possibly,folder or staff-file source pool; access review affects selection; large PDF extent; source page range not fixed; catalog-derived title/source note,"Do title, date, source location, page extent, access language, and provenance agree with the PDF/citation sheet or catalog item?","Open the PDF, verify item-level page boundaries and title, then update source note or decision log if the folder contains multiple documents. Gap cue: Spot-check Scowcroft-derived presidential conversation titles against PDF or catalog title pages.",https://catalog.archives.gov/id/446396836,https://s3.amazonaws.com/NARAprodstorage/lz/presidential-libraries/bush/gb-nsc/H-Files/NSDs_313189290/41-bpr-nsc-hfiles-nsd-20-90003-027.pdf
gap-source-note-quality,Medium,Open,Metadata Quality,"Audit source notes, titles, and provenance before final numbering",4,Page-boundary pull,Confirmed record,470426218,1.010,Afghanistan,1989-10-16,"NSC/DC [Deputies Committee] Meeting - October 16, 1989 re: Afghanistan",470426218; CF01625-007,Richard N. Haass' Meeting Files | Records of the National Security Council (George H. W. Bush Administration) | Richard N. Haass' Meeting Files | CF01625-007 | 41-bpr-nsc-haass_meeting-cf01625-007.pdf,18 pages,Restricted - Possibly,high-priority gap target; folder or staff-file source pool; access review affects selection; source page range not fixed; catalog-derived title/source note,"Do title, date, source location, page extent, access language, and provenance agree with the PDF/citation sheet or catalog item?","Open the PDF, verify item-level page boundaries and title, then update source note or decision log if the folder contains multiple documents. Gap cue: Review Afghanistan files 645607685, 645607321, and 645607323.",https://catalog.archives.gov/id/470426218,https://s3.dualstack.us-east-1.amazonaws.com/NARAprodstorage/lz/presidential-libraries/bush/gb-nsc/haass/meeting_2554866/41-bpr-nsc-haass_meeting-cf01625-007.pdf
gap-source-note-quality,Medium,Open,Metadata Quality,"Audit source notes, titles, and provenance before final numbering",4,Page-boundary pull,Confirmed record,428080301,3.006,India,1989-10-18,Memorandum of Telephone Conversation,428080301; [Memorandum of Telephone Conversations (Telcons) - August 1989-December 1989]: October 1989,Presidential Telcon Files | Records of the National Security Council (George H. W. Bush Administration) | Presidential Telcon Files | [Memorandum of Telephone Conversations (Telcons) - August 1989-December 1989]: October 1989 | 1989-10-18--Gandhi.pdf,1 page,Full,high-priority gap target; source page range not fixed; catalog-derived title/source note,"Do title, date, source location, page extent, access language, and provenance agree with the PDF/citation sheet or catalog item?","Open the PDF, verify item-level page boundaries and title, then update source note or decision log if the folder contains multiple documents. Gap cue: Search India with Rao, Venkataraman, Gandhi, Shankar, Kashmir, nuclear, nonproliferation, economic reform, trade, and defense terms.",https://catalog.archives.gov/id/428080301,https://s3.us-east-1.amazonaws.com/NARAprodstorage/lz/presidential-libraries/bush/gb-nsc/321498139/1989-10-18--Gandhi.pdf
gap-source-note-quality,Medium,Open,Metadata Quality,"Audit source notes, titles, and provenance before final numbering",4,Page-boundary pull,Confirmed record,470761041,1.011,Afghanistan,1989-10-18,"NSC/DC 065A - October 18, 1989 - NSC/DC Meeting on Afghanistan, Keywords: Afghanistan (File located @ LM)",470761041; 90011-020,H-Files - National Security Council (NSC)/Deputies Committee (DC) Meetings Files | Records of the National Security Council (George H. W. Bush Administration) | H-Files - National Security Council (NSC)/Deputies Committee (DC) Meetings Files | 90011-020 | 41-bpr-nsc-hfiles-dc_mtgs-65a-90011-020.pdf,8 pages,Restricted - Possibly,high-priority gap target; folder or staff-file source pool; access review affects selection; source page range not fixed; catalog-derived title/source note,"Do title, date, source location, page extent, access language, and provenance agree with the PDF/citation sheet or catalog item?","Open the PDF, verify item-level page boundaries and title, then update source note or decision log if the folder contains multiple documents. Gap cue: Review Afghanistan files 645607685, 645607321, and 645607323.",https://catalog.archives.gov/id/470761041,https://s3.amazonaws.com/NARAprodstorage/lz/presidential-libraries/bush/gb-nsc/H-Files/NSC-DC_Mtgs_312294079/41-bpr-nsc-hfiles-dc_mtgs-65a-90011-020.pdf
gap-source-note-quality,Medium,Open,Metadata Quality,"Audit source notes, titles, and provenance before final numbering",4,Page-boundary pull,Confirmed record,470426219,1.012,Afghanistan,1989-10-23,"NSC Meeting - October 23, 1989 re: Afghanistan",470426219; CF01625-008,Richard N. Haass' Meeting Files | Records of the National Security Council (George H. W. Bush Administration) | Richard N. Haass' Meeting Files | CF01625-008 | 41-bpr-nsc-haass_meeting-cf01625-008.pdf,24 pages,Restricted - Possibly,high-priority gap target; folder or staff-file source pool; access review affects selection; large PDF extent; source page range not fixed; catalog-derived title/source note,"Do title, date, source location, page extent, access language, and provenance agree with the PDF/citation sheet or catalog item?","Open the PDF, verify item-level page boundaries and title, then update source note or decision log if the folder contains multiple documents. Gap cue: Review Afghanistan files 645607685, 645607321, and 645607323.",https://catalog.archives.gov/id/470426219,https://s3.dualstack.us-east-1.amazonaws.com/NARAprodstorage/lz/presidential-libraries/bush/gb-nsc/haass/meeting_2554866/41-bpr-nsc-haass_meeting-cf01625-008.pdf
gap-source-note-quality,Medium,Open,Metadata Quality,"Audit source notes, titles, and provenance before final numbering",4,Page-boundary pull,Confirmed record,428080317,2.011,Pakistan,1989-11-01,Memorandum of Telephone Conversation,428080317; [Memorandum of Telephone Conversations (Telcons) - August 1989-December 1989]: November 1989,Presidential Telcon Files | Records of the National Security Council (George H. W. Bush Administration) | Presidential Telcon Files | [Memorandum of Telephone Conversations (Telcons) - August 1989-December 1989]: November 1989 | 1989-11-01--Bhutto.pdf,3 pages,Full,high-priority gap target; catalog-derived title/source note,"Do title, date, source location, page extent, access language, and provenance agree with the PDF/citation sheet or catalog item?","Open the PDF, verify item-level page boundaries and title, then update source note or decision log if the folder contains multiple documents. Gap cue: Prioritize Gates Subject File 470437053 and Pakistan H-Files 470426231, 470426238, and 470426240.",https://catalog.archives.gov/id/428080317,https://s3.us-east-1.amazonaws.com/NARAprodstorage/lz/presidential-libraries/bush/gb-nsc/321498139/1989-11-01--Bhutto.pdf
gap-source-note-quality,Medium,Open,Metadata Quality,"Audit source notes, titles, and provenance before final numbering",4,Page-boundary pull,Confirmed record,470426381,1.014,Afghanistan,1989-11-27,"Presidential Visit of President [of Afghanistan Interim Government Sibgahtullah] Mojaddedi - November 27, 1989",470426381; CF01404-028,Richard N. Haass' Presidential Meeting Files | Records of the National Security Council (George H. W. Bush Administration) | Richard N. Haass' Presidential Meeting Files | CF01404-028 | 41-bpr-nsc-haass_pres_mtg-cf01404-028.pdf,35 pages,Restricted - Possibly,critical gap target; high-priority gap target; folder or staff-file source pool; access review affects selection; large PDF extent; source page range not fixed; catalog-derived title/source note,"Do title, date, source location, page extent, access language, and provenance agree with the PDF/citation sheet or catalog item?","Open the PDF, verify item-level page boundaries and title, then update source note or decision log if the folder contains multiple documents. Gap cue: Prioritize Haass Working Files 470426597, Haass Meeting File 470426255, Mojaddedi 470426381, Bangladesh Zia 428082145, and Pakistan nuclear meeting files 470426231, 470426238, and 470426240.",https://catalog.archives.gov/id/470426381,https://s3.dualstack.us-east-1.amazonaws.com/NARAprodstorage/lz/presidential-libraries/bush/gb-nsc/haass/pres_mtg_2554869/41-bpr-nsc-haass_pres_mtg-cf01404-028.pdf
gap-source-note-quality,Medium,Open,Metadata Quality,"Audit source notes, titles, and provenance before final numbering",4,Page-boundary pull,Confirmed record,470761101,2.012,Pakistan,1990-03-26,"NSC/DC 112 - March 26, 1990 - NSC/DC Meeting on Kashmir, Keywords: Pakistan",470761101; 90013-024,H-Files - National Security Council (NSC)/Deputies Committee (DC) Meetings Files | Records of the National Security Council (George H. W. Bush Administration) | H-Files - National Security Council (NSC)/Deputies Committee (DC) Meetings Files | 90013-024 | 41-bpr-nsc-hfiles-dc_mtgs-112-90013-024.pdf,13 pages,Restricted - Possibly,high-priority gap target; folder or staff-file source pool; access review affects selection; source page range not fixed; catalog-derived title/source note,"Do title, date, source location, page extent, access language, and provenance agree with the PDF/citation sheet or catalog item?","Open the PDF, verify item-level page boundaries and title, then update source note or decision log if the folder contains multiple documents. Gap cue: Search India with Rao, Venkataraman, Gandhi, Shankar, Kashmir, nuclear, nonproliferation, economic reform, trade, and defense terms.",https://catalog.archives.gov/id/470761101,https://s3.amazonaws.com/NARAprodstorage/lz/presidential-libraries/bush/gb-nsc/H-Files/NSC-DC_Mtgs_312294079/41-bpr-nsc-hfiles-dc_mtgs-112-90013-024.pdf
gap-source-note-quality,Medium,Open,Metadata Quality,"Audit source notes, titles, and provenance before final numbering",4,Page-boundary pull,Confirmed record,470761103,3.007,India,1990-04-04,"NSC/DC 113 - April 04, 1990 - NSC/DC Meeting on Kashmir via SVTS, Keywords: India",470761103; 90013-026,H-Files - National Security Council (NSC)/Deputies Committee (DC) Meetings Files | Records of the National Security Council (George H. W. Bush Administration) | H-Files - National Security Council (NSC)/Deputies Committee (DC) Meetings Files | 90013-026 | 41-bpr-nsc-hfiles-dc_mtgs-113-90013-026.pdf,41 pages,Restricted - Possibly,high-priority gap target; folder or staff-file source pool; access review affects selection; large PDF extent; source page range not fixed; catalog-derived title/source note,"Do title, date, source location, page extent, access language, and provenance agree with the PDF/citation sheet or catalog item?","Open the PDF, verify item-level page boundaries and title, then update source note or decision log if the folder contains multiple documents. Gap cue: Search India with Rao, Venkataraman, Gandhi, Shankar, Kashmir, nuclear, nonproliferation, economic reform, trade, and defense terms.",https://catalog.archives.gov/id/470761103,https://s3.amazonaws.com/NARAprodstorage/lz/presidential-libraries/bush/gb-nsc/H-Files/NSC-DC_Mtgs_312294079/41-bpr-nsc-hfiles-dc_mtgs-113-90013-026.pdf
gap-source-note-quality,Medium,Open,Metadata Quality,"Audit source notes, titles, and provenance before final numbering",4,Page-boundary pull,Confirmed record,470761116,2.013,Pakistan,1990-05-07,"NSC/DC 124 - May 07, 1990 - NSC/DC Meeting re: Pakistan Stingers, Keywords: Pakistan (File located @ LM)",470761116; 90014-013,H-Files - National Security Council (NSC)/Deputies Committee (DC) Meetings Files | Records of the National Security Council (George H. W. Bush Administration) | H-Files - National Security Council (NSC)/Deputies Committee (DC) Meetings Files | 90014-013 | 41-bpr-nsc-hfiles-dc_mtgs-124-90014-013.pdf,42 pages,Restricted - Possibly,high-priority gap target; folder or staff-file source pool; access review affects selection; large PDF extent; source page range not fixed; catalog-derived title/source note,"Do title, date, source location, page extent, access language, and provenance agree with the PDF/citation sheet or catalog item?","Open the PDF, verify item-level page boundaries and title, then update source note or decision log if the folder contains multiple documents. Gap cue: Prioritize Gates Subject File 470437053 and Pakistan H-Files 470426231, 470426238, and 470426240.",https://catalog.archives.gov/id/470761116,https://s3.amazonaws.com/NARAprodstorage/lz/presidential-libraries/bush/gb-nsc/H-Files/NSC-DC_Mtgs_312294079/41-bpr-nsc-hfiles-dc_mtgs-124-90014-013.pdf
gap-source-note-quality,Medium,Open,Metadata Quality,"Audit source notes, titles, and provenance before final numbering",4,Page-boundary pull,Confirmed record,470761140,2.014,Pakistan,1990-06-28,"NSC/DC 147 - June 28, 1990 - NSC/DC Meeting on Pakistan's Nuclear Program, Keywords: Pakistan, Nuclear Matters",470761140; 90015-005,H-Files - National Security Council (NSC)/Deputies Committee (DC) Meetings Files | Records of the National Security Council (George H. W. Bush Administration) | H-Files - National Security Council (NSC)/Deputies Committee (DC) Meetings Files | 90015-005 | 41-bpr-nsc-hfiles-dc_mtgs-147-90015-005.pdf,24 pages,Restricted - Possibly,high-priority gap target; folder or staff-file source pool; access review affects selection; large PDF extent; source page range not fixed; catalog-derived title/source note,"Do title, date, source location, page extent, access language, and provenance agree with the PDF/citation sheet or catalog item?","Open the PDF, verify item-level page boundaries and title, then update source note or decision log if the folder contains multiple documents. Gap cue: Search India with Rao, Venkataraman, Gandhi, Shankar, Kashmir, nuclear, nonproliferation, economic reform, trade, and defense terms.",https://catalog.archives.gov/id/470761140,https://s3.amazonaws.com/NARAprodstorage/lz/presidential-libraries/bush/gb-nsc/H-Files/NSC-DC_Mtgs_312294079/41-bpr-nsc-hfiles-dc_mtgs-147-90015-005.pdf
gap-source-note-quality,Medium,Open,Metadata Quality,"Audit source notes, titles, and provenance before final numbering",4,Page-boundary pull,Confirmed record,470426229,2.015,Pakistan,1990-06-30,"NSC/DC [Deputies Committee] Meeting - June 30, 1990 Re: Pakistan",470426229; CF01625-018,Richard N. Haass' Meeting Files | Records of the National Security Council (George H. W. Bush Administration) | Richard N. Haass' Meeting Files | CF01625-018 | 41-bpr-nsc-haass_meeting-cf01625-018.pdf,14 pages,Restricted - Possibly,high-priority gap target; folder or staff-file source pool; access review affects selection; source page range not fixed; catalog-derived title/source note,"Do title, date, source location, page extent, access language, and provenance agree with the PDF/citation sheet or catalog item?","Open the PDF, verify item-level page boundaries and title, then update source note or decision log if the folder contains multiple documents. Gap cue: Prioritize Gates Subject File 470437053 and Pakistan H-Files 470426231, 470426238, and 470426240.",https://catalog.archives.gov/id/470426229,https://s3.dualstack.us-east-1.amazonaws.com/NARAprodstorage/lz/presidential-libraries/bush/gb-nsc/haass/meeting_2554866/41-bpr-nsc-haass_meeting-cf01625-018.pdf
gap-source-note-quality,Medium,Open,Metadata Quality,"Audit source notes, titles, and provenance before final numbering",4,Page-boundary pull,Confirmed record,470761146,2.016,Pakistan,1990-07-09,"NSC/DC 154 - July 09, 1990 - NSC/DC Meeting on Pakistan Nuclear Program, Keywords: Pakistan, Nuclear Matters",470761146; 90015-012,H-Files - National Security Council (NSC)/Deputies Committee (DC) Meetings Files | Records of the National Security Council (George H. W. Bush Administration) | H-Files - National Security Council (NSC)/Deputies Committee (DC) Meetings Files | 90015-012 | 41-bpr-nsc-hfiles-dc_mtgs-154-90015-012.pdf,10 pages,Restricted - Possibly,high-priority gap target; folder or staff-file source pool; access review affects selection; source page range not fixed; catalog-derived title/source note,"Do title, date, source location, page extent, access language, and provenance agree with the PDF/citation sheet or catalog item?","Open the PDF, verify item-level page boundaries and title, then update source note or decision log if the folder contains multiple documents. Gap cue: Search India with Rao, Venkataraman, Gandhi, Shankar, Kashmir, nuclear, nonproliferation, economic reform, trade, and defense terms.",https://catalog.archives.gov/id/470761146,https://s3.amazonaws.com/NARAprodstorage/lz/presidential-libraries/bush/gb-nsc/H-Files/NSC-DC_Mtgs_312294079/41-bpr-nsc-hfiles-dc_mtgs-154-90015-012.pdf
gap-source-note-quality,Medium,Open,Metadata Quality,"Audit source notes, titles, and provenance before final numbering",4,Page-boundary pull,Confirmed record,470426231,2.017,Pakistan,1990-07-16,"NSC/DC Meeting - July 16, 1990 Re: Pakistan Nuclear Program",470426231; CF01625-020,Richard N. Haass' Meeting Files | Records of the National Security Council (George H. W. Bush Administration) | Richard N. Haass' Meeting Files | CF01625-020 | 41-bpr-nsc-haass_meeting-cf01625-020.pdf,29 pages,Restricted - Possibly,critical gap target; high-priority gap target; folder or staff-file source pool; access review affects selection; large PDF extent; source page range not fixed; catalog-derived title/source note,"Do title, date, source location, page extent, access language, and provenance agree with the PDF/citation sheet or catalog item?","Open the PDF, verify item-level page boundaries and title, then update source note or decision log if the folder contains multiple documents. Gap cue: Prioritize Haass Working Files 470426597, Haass Meeting File 470426255, Mojaddedi 470426381, Bangladesh Zia 428082145, and Pakistan nuclear meeting files 470426231, 470426238, and 470426240.",https://catalog.archives.gov/id/470426231,https://s3.dualstack.us-east-1.amazonaws.com/NARAprodstorage/lz/presidential-libraries/bush/gb-nsc/haass/meeting_2554866/41-bpr-nsc-haass_meeting-cf01625-020.pdf
gap-source-note-quality,Medium,Open,Metadata Quality,"Audit source notes, titles, and provenance before final numbering",4,Page-boundary pull,Confirmed record,470761184,2.018,Pakistan,1990-08-31,"NSC/DC 190 - August 31, 1990 - NSC/DC Meeting on Pakistan Nuclear Program, Keywords: Pakistan, Nuclear Matters",470761184; 90016-018,H-Files - National Security Council (NSC)/Deputies Committee (DC) Meetings Files | Records of the National Security Council (George H. W. Bush Administration) | H-Files - National Security Council (NSC)/Deputies Committee (DC) Meetings Files | 90016-018 | 41-bpr-nsc-hfiles-dc_mtgs-190-90016-018.pdf,37 pages,Restricted - Possibly,high-priority gap target; folder or staff-file source pool; access review affects selection; large PDF extent; source page range not fixed; catalog-derived title/source note,"Do title, date, source location, page extent, access language, and provenance agree with the PDF/citation sheet or catalog item?","Open the PDF, verify item-level page boundaries and title, then update source note or decision log if the folder contains multiple documents. Gap cue: Search India with Rao, Venkataraman, Gandhi, Shankar, Kashmir, nuclear, nonproliferation, economic reform, trade, and defense terms.",https://catalog.archives.gov/id/470761184,https://s3.amazonaws.com/NARAprodstorage/lz/presidential-libraries/bush/gb-nsc/H-Files/NSC-DC_Mtgs_312294079/41-bpr-nsc-hfiles-dc_mtgs-190-90016-018.pdf
gap-source-note-quality,Medium,Open,Metadata Quality,"Audit source notes, titles, and provenance before final numbering",4,Page-boundary pull,Confirmed record,470761189,2.019,Pakistan,1990-09-05,"NSC/DC 193A - September 05, 1990 - NSC/DC Meeting on Pakistan, Keywords: Pakistan, Nuclear Matters",470761189; 90016-023,H-Files - National Security Council (NSC)/Deputies Committee (DC) Meetings Files | Records of the National Security Council (George H. W. Bush Administration) | H-Files - National Security Council (NSC)/Deputies Committee (DC) Meetings Files | 90016-023 | 41-bpr-nsc-hfiles-dc_mtgs-193a-90016-023.pdf,11 pages,Restricted - Possibly,high-priority gap target; folder or staff-file source pool; access review affects selection; source page range not fixed; catalog-derived title/source note,"Do title, date, source location, page extent, access language, and provenance agree with the PDF/citation sheet or catalog item?","Open the PDF, verify item-level page boundaries and title, then update source note or decision log if the folder contains multiple documents. Gap cue: Search India with Rao, Venkataraman, Gandhi, Shankar, Kashmir, nuclear, nonproliferation, economic reform, trade, and defense terms.",https://catalog.archives.gov/id/470761189,https://s3.amazonaws.com/NARAprodstorage/lz/presidential-libraries/bush/gb-nsc/H-Files/NSC-DC_Mtgs_312294079/41-bpr-nsc-hfiles-dc_mtgs-193a-90016-023.pdf
gap-source-note-quality,Medium,Open,Metadata Quality,"Audit source notes, titles, and provenance before final numbering",4,Page-boundary pull,Confirmed record,428081099,4.005,Regional,1990-10-01,Memorandum of Conversation,428081099; [Memorandum of Conversations (Memcons)-July 1990-December 1990]: October 1990,Presidential Memcon Files | Records of the National Security Council (George H. W. Bush Administration) | Presidential Memcon Files | [Memorandum of Conversations (Memcons)-July 1990-December 1990]: October 1990 | 1990-10-01--Ershad.pdf,5 pages,Full,high-priority gap target; source page range not fixed; catalog-derived title/source note,"Do title, date, source location, page extent, access language, and provenance agree with the PDF/citation sheet or catalog item?","Open the PDF, verify item-level page boundaries and title, then update source note or decision log if the folder contains multiple documents. Gap cue: Review Afghanistan files 645607685, 645607321, and 645607323.",https://catalog.archives.gov/id/428081099,https://s3.us-east-1.amazonaws.com/NARAprodstorage/lz/presidential-libraries/bush/gb-nsc/321498039/1990-10-01--Ershad.pdf
gap-source-note-quality,Medium,Open,Metadata Quality,"Audit source notes, titles, and provenance before final numbering",4,Page-boundary pull,Confirmed record,470761204,2.020,Pakistan,1990-10-02,"NSC/DC 205 - October 02, 1990 - NSC/DC Meeting on Pakistan Nuclear Program via SVTS, Keywords: Pakistan, Nuclear Matters",470761204; 90016-038,H-Files - National Security Council (NSC)/Deputies Committee (DC) Meetings Files | Records of the National Security Council (George H. W. Bush Administration) | H-Files - National Security Council (NSC)/Deputies Committee (DC) Meetings Files | 90016-038 | 41-bpr-nsc-hfiles-dc_mtgs-205-90016-038.pdf,24 pages,Restricted - Possibly,high-priority gap target; folder or staff-file source pool; access review affects selection; large PDF extent; source page range not fixed; catalog-derived title/source note,"Do title, date, source location, page extent, access language, and provenance agree with the PDF/citation sheet or catalog item?","Open the PDF, verify item-level page boundaries and title, then update source note or decision log if the folder contains multiple documents. Gap cue: Search India with Rao, Venkataraman, Gandhi, Shankar, Kashmir, nuclear, nonproliferation, economic reform, trade, and defense terms.",https://catalog.archives.gov/id/470761204,https://s3.amazonaws.com/NARAprodstorage/lz/presidential-libraries/bush/gb-nsc/H-Files/NSC-DC_Mtgs_312294079/41-bpr-nsc-hfiles-dc_mtgs-205-90016-038.pdf
gap-source-note-quality,Medium,Open,Metadata Quality,"Audit source notes, titles, and provenance before final numbering",4,Page-boundary pull,Confirmed record,470426235,1.016,Afghanistan,1990-10-04,"DC [Deputies Committee] Meeting - October 4, 1990 re: Afghanistan",470426235; CF01625-024,Richard N. Haass' Meeting Files | Records of the National Security Council (George H. W. Bush Administration) | Richard N. Haass' Meeting Files | CF01625-024 | 41-bpr-nsc-haass_meeting-cf01625-024.pdf,10 pages,Restricted - Possibly,high-priority gap target; folder or staff-file source pool; access review affects selection; source page range not fixed; catalog-derived title/source note,"Do title, date, source location, page extent, access language, and provenance agree with the PDF/citation sheet or catalog item?","Open the PDF, verify item-level page boundaries and title, then update source note or decision log if the folder contains multiple documents. Gap cue: Review Afghanistan files 645607685, 645607321, and 645607323.",https://catalog.archives.gov/id/470426235,https://s3.dualstack.us-east-1.amazonaws.com/NARAprodstorage/lz/presidential-libraries/bush/gb-nsc/haass/meeting_2554866/41-bpr-nsc-haass_meeting-cf01625-024.pdf
gap-source-note-quality,Medium,Open,Metadata Quality,"Audit source notes, titles, and provenance before final numbering",4,Page-boundary pull,Confirmed record,470426238,2.021,Pakistan,1990-10-04,"NSC/DC [Deputies Committee] Meeting - October 4, 1990 Re: Pakistan",470426238; CF01625-027,Richard N. Haass' Meeting Files | Records of the National Security Council (George H. W. Bush Administration) | Richard N. Haass' Meeting Files | CF01625-027 | 41-bpr-nsc-haass_meeting-cf01625-027.pdf,8 pages,Restricted - Possibly,critical gap target; high-priority gap target; folder or staff-file source pool; access review affects selection; source page range not fixed; catalog-derived title/source note,"Do title, date, source location, page extent, access language, and provenance agree with the PDF/citation sheet or catalog item?","Open the PDF, verify item-level page boundaries and title, then update source note or decision log if the folder contains multiple documents. Gap cue: Prioritize Haass Working Files 470426597, Haass Meeting File 470426255, Mojaddedi 470426381, Bangladesh Zia 428082145, and Pakistan nuclear meeting files 470426231, 470426238, and 470426240.",https://catalog.archives.gov/id/470426238,https://s3.dualstack.us-east-1.amazonaws.com/NARAprodstorage/lz/presidential-libraries/bush/gb-nsc/haass/meeting_2554866/41-bpr-nsc-haass_meeting-cf01625-027.pdf
gap-source-note-quality,Medium,Open,Metadata Quality,"Audit source notes, titles, and provenance before final numbering",4,Page-boundary pull,Confirmed record,470761206,1.017,Afghanistan,1990-10-05,"NSC/DC 207 - October 05, 1990 - NSC/DC Meeting on Afghanistan, Keywords: Afghanistan",470761206; 90016-040,H-Files - National Security Council (NSC)/Deputies Committee (DC) Meetings Files | Records of the National Security Council (George H. W. Bush Administration) | H-Files - National Security Council (NSC)/Deputies Committee (DC) Meetings Files | 90016-040 | 41-bpr-nsc-hfiles-dc_mtgs-207-90016-040.pdf,26 pages,Restricted - Possibly,high-priority gap target; folder or staff-file source pool; access review affects selection; large PDF extent; source page range not fixed; catalog-derived title/source note,"Do title, date, source location, page extent, access language, and provenance agree with the PDF/citation sheet or catalog item?","Open the PDF, verify item-level page boundaries and title, then update source note or decision log if the folder contains multiple documents. Gap cue: Review Afghanistan files 645607685, 645607321, and 645607323.",https://catalog.archives.gov/id/470761206,https://s3.amazonaws.com/NARAprodstorage/lz/presidential-libraries/bush/gb-nsc/H-Files/NSC-DC_Mtgs_312294079/41-bpr-nsc-hfiles-dc_mtgs-207-90016-040.pdf
gap-source-note-quality,Medium,Open,Metadata Quality,"Audit source notes, titles, and provenance before final numbering",4,Page-boundary pull,Confirmed record,470761207,2.022,Pakistan,1990-10-05,"NSC/DC 208 - October 05, 1990 - NSC/DC Meeting on Pakistan via SVTS, Keywords: Pakistan",470761207; 90017-001,H-Files - National Security Council (NSC)/Deputies Committee (DC) Meetings Files | Records of the National Security Council (George H. W. Bush Administration) | H-Files - National Security Council (NSC)/Deputies Committee (DC) Meetings Files | 90017-001 | 41-bpr-nsc-hfiles-dc_mtgs-208-90017-001.pdf,11 pages,Restricted - Possibly,high-priority gap target; folder or staff-file source pool; access review affects selection; source page range not fixed; catalog-derived title/source note,"Do title, date, source location, page extent, access language, and provenance agree with the PDF/citation sheet or catalog item?","Open the PDF, verify item-level page boundaries and title, then update source note or decision log if the folder contains multiple documents. Gap cue: Prioritize Gates Subject File 470437053 and Pakistan H-Files 470426231, 470426238, and 470426240.",https://catalog.archives.gov/id/470761207,https://s3.amazonaws.com/NARAprodstorage/lz/presidential-libraries/bush/gb-nsc/H-Files/NSC-DC_Mtgs_312294079/41-bpr-nsc-hfiles-dc_mtgs-208-90017-001.pdf
gap-source-note-quality,Medium,Open,Metadata Quality,"Audit source notes, titles, and provenance before final numbering",4,Page-boundary pull,Confirmed record,470426240,2.023,Pakistan,1990-10-09,"NSC/DC Meeting - October 9, 1990 Re: Pakistan",470426240; CF01625-029,Richard N. Haass' Meeting Files | Records of the National Security Council (George H. W. Bush Administration) | Richard N. Haass' Meeting Files | CF01625-029 | 41-bpr-nsc-haass_meeting-cf01625-029.pdf,81 pages,Restricted - Possibly,critical gap target; high-priority gap target; folder or staff-file source pool; access review affects selection; large PDF extent; source page range not fixed; catalog-derived title/source note,"Do title, date, source location, page extent, access language, and provenance agree with the PDF/citation sheet or catalog item?","Open the PDF, verify item-level page boundaries and title, then update source note or decision log if the folder contains multiple documents. Gap cue: Prioritize Haass Working Files 470426597, Haass Meeting File 470426255, Mojaddedi 470426381, Bangladesh Zia 428082145, and Pakistan nuclear meeting files 470426231, 470426238, and 470426240.",https://catalog.archives.gov/id/470426240,https://s3.dualstack.us-east-1.amazonaws.com/NARAprodstorage/lz/presidential-libraries/bush/gb-nsc/haass/meeting_2554866/41-bpr-nsc-haass_meeting-cf01625-029.pdf
gap-source-note-quality,Medium,Open,Metadata Quality,"Audit source notes, titles, and provenance before final numbering",4,Page-boundary pull,Confirmed record,470760963,2.024,Pakistan,1990-10-09,"NSC0056 - October 09, 1990 - Nuclear Matters, Middle East and Gulf, Proliferation [1]",470760963; 90002-025,H-Files - National Security Council (NSC) Meeting Files | Records of the National Security Council (George H. W. Bush Administration) | H-Files - National Security Council (NSC) Meeting Files | 90002-025 | 41-bpr-nsc-hfiles-nsc_mtgs-56_1-90002-025.pdf,42 pages,Restricted - Possibly,high-priority gap target; folder or staff-file source pool; access review affects selection; large PDF extent; source page range not fixed; catalog-derived title/source note,"Do title, date, source location, page extent, access language, and provenance agree with the PDF/citation sheet or catalog item?","Open the PDF, verify item-level page boundaries and title, then update source note or decision log if the folder contains multiple documents. Gap cue: Search India with Rao, Venkataraman, Gandhi, Shankar, Kashmir, nuclear, nonproliferation, economic reform, trade, and defense terms.",https://catalog.archives.gov/id/470760963,https://s3.amazonaws.com/NARAprodstorage/lz/presidential-libraries/bush/gb-nsc/H-Files/NSC_Mtgs_312293887/41-bpr-nsc-hfiles-nsc_mtgs-56_1-90002-025.pdf
gap-source-note-quality,Medium,Open,Metadata Quality,"Audit source notes, titles, and provenance before final numbering",4,Page-boundary pull,Confirmed record,470760964,2.025,Pakistan,1990-10-09,"NSC0056 - October 09, 1990 - Nuclear Matters, Middle East and Gulf, Proliferation [2]",470760964; 90002-026,H-Files - National Security Council (NSC) Meeting Files | Records of the National Security Council (George H. W. Bush Administration) | H-Files - National Security Council (NSC) Meeting Files | 90002-026 | 41-bpr-nsc-hfiles-nsc_mtgs-56_2-90002-026.pdf,42 pages,Restricted - Possibly,high-priority gap target; folder or staff-file source pool; access review affects selection; large PDF extent; source page range not fixed; catalog-derived title/source note,"Do title, date, source location, page extent, access language, and provenance agree with the PDF/citation sheet or catalog item?","Open the PDF, verify item-level page boundaries and title, then update source note or decision log if the folder contains multiple documents. Gap cue: Search India with Rao, Venkataraman, Gandhi, Shankar, Kashmir, nuclear, nonproliferation, economic reform, trade, and defense terms.",https://catalog.archives.gov/id/470760964,https://s3.amazonaws.com/NARAprodstorage/lz/presidential-libraries/bush/gb-nsc/H-Files/NSC_Mtgs_312293887/41-bpr-nsc-hfiles-nsc_mtgs-56_2-90002-026.pdf
gap-source-note-quality,Medium,Open,Metadata Quality,"Audit source notes, titles, and provenance before final numbering",4,Page-boundary pull,Confirmed record,428081443,3.008,India,1991-02-08,Memorandum of Telephone Conversation,428081443; [Memorandum of Telephone Conversations (Telcons) - January 1991-April 1991]:  February 1991 [1],Presidential Telcon Files | Records of the National Security Council (George H. W. Bush Administration) | Presidential Telcon Files | [Memorandum of Telephone Conversations (Telcons) - January 1991-April 1991]:  February 1991 [1] | 1991-02-08--Shankar.pdf,4 pages,Full,high-priority gap target; catalog-derived title/source note,"Do title, date, source location, page extent, access language, and provenance agree with the PDF/citation sheet or catalog item?","Open the PDF, verify item-level page boundaries and title, then update source note or decision log if the folder contains multiple documents. Gap cue: Search India with Rao, Venkataraman, Gandhi, Shankar, Kashmir, nuclear, nonproliferation, economic reform, trade, and defense terms.",https://catalog.archives.gov/id/428081443,https://s3.us-east-1.amazonaws.com/NARAprodstorage/lz/presidential-libraries/bush/gb-nsc/321498139/1991-02-08--Shankar.pdf
gap-source-note-quality,Medium,Open,Metadata Quality,"Audit source notes, titles, and provenance before final numbering",4,Page-boundary pull,Confirmed record,470761272,1.018,Afghanistan,1991-03-05,"NSC/DC 260 - March 05, 1991 - NSC/DC Meeting on Afghanistan, Keywords: Afghanistan (File located @ LM)",470761272; 90019-003,H-Files - National Security Council (NSC)/Deputies Committee (DC) Meetings Files | Records of the National Security Council (George H. W. Bush Administration) | H-Files - National Security Council (NSC)/Deputies Committee (DC) Meetings Files | 90019-003 | 41-bpr-nsc-hfiles-dc_mtgs-260-90019-003.pdf,9 pages,Restricted - Possibly,high-priority gap target; folder or staff-file source pool; access review affects selection; source page range not fixed; catalog-derived title/source note,"Do title, date, source location, page extent, access language, and provenance agree with the PDF/citation sheet or catalog item?","Open the PDF, verify item-level page boundaries and title, then update source note or decision log if the folder contains multiple documents. Gap cue: Review Afghanistan files 645607685, 645607321, and 645607323.",https://catalog.archives.gov/id/470761272,https://s3.amazonaws.com/NARAprodstorage/lz/presidential-libraries/bush/gb-nsc/H-Files/NSC-DC_Mtgs_312294079/41-bpr-nsc-hfiles-dc_mtgs-260-90019-003.pdf
gap-source-note-quality,Medium,Open,Metadata Quality,"Audit source notes, titles, and provenance before final numbering",4,Page-boundary pull,Confirmed record,470761289,1.019,Afghanistan,1991-04-12,"NSC/DC 271 - April 12, 1991 - NSC/DC Meeting on Afghanistan, Keywords: Afghanistan (File located @ LM)",470761289; 90019-020,H-Files - National Security Council (NSC)/Deputies Committee (DC) Meetings Files | Records of the National Security Council (George H. W. Bush Administration) | H-Files - National Security Council (NSC)/Deputies Committee (DC) Meetings Files | 90019-020 | 41-bpr-nsc-hfiles-dc_mtgs-271-90019-020.pdf,7 pages,Restricted - Possibly,high-priority gap target; folder or staff-file source pool; access review affects selection; source page range not fixed; catalog-derived title/source note,"Do title, date, source location, page extent, access language, and provenance agree with the PDF/citation sheet or catalog item?","Open the PDF, verify item-level page boundaries and title, then update source note or decision log if the folder contains multiple documents. Gap cue: Review Afghanistan files 645607685, 645607321, and 645607323.",https://catalog.archives.gov/id/470761289,https://s3.amazonaws.com/NARAprodstorage/lz/presidential-libraries/bush/gb-nsc/H-Files/NSC-DC_Mtgs_312294079/41-bpr-nsc-hfiles-dc_mtgs-271-90019-020.pdf
gap-source-note-quality,Medium,Open,Metadata Quality,"Audit source notes, titles, and provenance before final numbering",4,Page-boundary pull,Confirmed record,470761301,1.020,Afghanistan,1991-05-17,"NSC/DC 282 - May 17, 1991 - NSC/DC Meeting on Angola and Afghanistan, Keywords: Angola, Afghanistan (File located @ NLMS)",470761301; 90020-001,H-Files - National Security Council (NSC)/Deputies Committee (DC) Meetings Files | Records of the National Security Council (George H. W. Bush Administration) | H-Files - National Security Council (NSC)/Deputies Committee (DC) Meetings Files | 90020-001 | 41-bpr-nsc-hfiles-dc_mtgs-282-90020-001.pdf,1 page,Restricted - Possibly,high-priority gap target; folder or staff-file source pool; access review affects selection; source page range not fixed; catalog-derived title/source note,"Do title, date, source location, page extent, access language, and provenance agree with the PDF/citation sheet or catalog item?","Open the PDF, verify item-level page boundaries and title, then update source note or decision log if the folder contains multiple documents. Gap cue: Review Afghanistan files 645607685, 645607321, and 645607323.",https://catalog.archives.gov/id/470761301,https://s3.amazonaws.com/NARAprodstorage/lz/presidential-libraries/bush/gb-nsc/H-Files/NSC-DC_Mtgs_312294079/41-bpr-nsc-hfiles-dc_mtgs-282-90020-001.pdf
gap-source-note-quality,Medium,Open,Metadata Quality,"Audit source notes, titles, and provenance before final numbering",4,Page-boundary pull,Confirmed record,428082103,3.009,India,1991-12-15,Memorandum of Telephone Conversation,428082103; [Memorandum of Telephone Conversations (Telcons) - May 1991-December 1991]:  December 1991,Presidential Telcon Files | Records of the National Security Council (George H. W. Bush Administration) | Presidential Telcon Files | [Memorandum of Telephone Conversations (Telcons) - May 1991-December 1991]:  December 1991 | 1991-12-15--Rao.pdf,1 page,Full,high-priority gap target; source page range not fixed; catalog-derived title/source note,"Do title, date, source location, page extent, access language, and provenance agree with the PDF/citation sheet or catalog item?","Open the PDF, verify item-level page boundaries and title, then update source note or decision log if the folder contains multiple documents. Gap cue: Search India with Rao, Venkataraman, Gandhi, Shankar, Kashmir, nuclear, nonproliferation, economic reform, trade, and defense terms.",https://catalog.archives.gov/id/428082103,https://s3.us-east-1.amazonaws.com/NARAprodstorage/lz/presidential-libraries/bush/gb-nsc/321498139/1991-12-15--Rao.pdf
gap-source-note-quality,Medium,Open,Metadata Quality,"Audit source notes, titles, and provenance before final numbering",4,Page-boundary pull,Confirmed record,470761354,1.021,Afghanistan,1992-01-03,"NSC/DC 331 - January 03, 1992 - NSC/DC Meeting re: Afghanistan, Keywords: Afghanistan",470761354; 90021-019,H-Files - National Security Council (NSC)/Deputies Committee (DC) Meetings Files | Records of the National Security Council (George H. W. Bush Administration) | H-Files - National Security Council (NSC)/Deputies Committee (DC) Meetings Files | 90021-019 | 41-bpr-nsc-hfiles-dc_mtgs-331-90021-019.pdf,58 pages,Restricted - Possibly,high-priority gap target; folder or staff-file source pool; access review affects selection; large PDF extent; source page range not fixed; catalog-derived title/source note,"Do title, date, source location, page extent, access language, and provenance agree with the PDF/citation sheet or catalog item?","Open the PDF, verify item-level page boundaries and title, then update source note or decision log if the folder contains multiple documents. Gap cue: Review Afghanistan files 645607685, 645607321, and 645607323.",https://catalog.archives.gov/id/470761354,https://s3.amazonaws.com/NARAprodstorage/lz/presidential-libraries/bush/gb-nsc/H-Files/NSC-DC_Mtgs_312294079/41-bpr-nsc-hfiles-dc_mtgs-331-90021-019.pdf
gap-source-note-quality,Medium,Open,Metadata Quality,"Audit source notes, titles, and provenance before final numbering",4,Page-boundary pull,Confirmed record,428082131,3.010,India,1992-01-31,Memorandum of Conversation,428082131; [Memorandum of Conversations (Memcons)-January 1992-June 1992]: January 1992,Presidential Memcon Files | Records of the National Security Council (George H. W. Bush Administration) | Presidential Memcon Files | [Memorandum of Conversations (Memcons)-January 1992-June 1992]: January 1992 | 1992-01-31--Rao.pdf,3 pages,Partial,high-priority gap target; source page range not fixed; catalog-derived title/source note,"Do title, date, source location, page extent, access language, and provenance agree with the PDF/citation sheet or catalog item?","Open the PDF, verify item-level page boundaries and title, then update source note or decision log if the folder contains multiple documents. Gap cue: Search India with Rao, Venkataraman, Gandhi, Shankar, Kashmir, nuclear, nonproliferation, economic reform, trade, and defense terms.",https://catalog.archives.gov/id/428082131,https://s3.us-east-1.amazonaws.com/NARAprodstorage/lz/presidential-libraries/bush/gb-nsc/321498039/1992-01-31--Rao.pdf
gap-source-note-quality,Medium,Open,Metadata Quality,"Audit source notes, titles, and provenance before final numbering",4,Page-boundary pull,Confirmed record,428082145,4.006,Regional,1992-03-19,Memorandum of Conversation,428082145; [Memorandum of Conversations (Memcons)-January 1992-June 1992]: March 1992,Presidential Memcon Files | Records of the National Security Council (George H. W. Bush Administration) | Presidential Memcon Files | [Memorandum of Conversations (Memcons)-January 1992-June 1992]: March 1992 | 1992-03-19--Zia.pdf,6 pages,Full,critical gap target; high-priority gap target; folder or staff-file source pool; source page range not fixed; catalog-derived title/source note,"Do title, date, source location, page extent, access language, and provenance agree with the PDF/citation sheet or catalog item?","Open the PDF, verify item-level page boundaries and title, then update source note or decision log if the folder contains multiple documents. Gap cue: Prioritize Haass Working Files 470426597, Haass Meeting File 470426255, Mojaddedi 470426381, Bangladesh Zia 428082145, and Pakistan nuclear meeting files 470426231, 470426238, and 470426240.",https://catalog.archives.gov/id/428082145,https://s3.us-east-1.amazonaws.com/NARAprodstorage/lz/presidential-libraries/bush/gb-nsc/321498039/1992-03-19--Zia.pdf
gap-source-note-quality,Medium,Open,Metadata Quality,"Audit source notes, titles, and provenance before final numbering",4,Page-boundary pull,Confirmed record,446396904,2.028,Pakistan,1992-07-10,"NSD-70 - July 10, 1992 - U.S. Nonproliferation Policy",446396904; 90005-020,H-Files - National Security Directive (NSD) Files | Records of the National Security Council (George H. W. Bush Administration) | H-Files - National Security Directive (NSD) Files | 90005-020 | 41-bpr-nsc-hfiles-nsd-70-90005-020.pdf,101 pages,Restricted - Possibly,high-priority gap target; folder or staff-file source pool; access review affects selection; large PDF extent; source page range not fixed; catalog-derived title/source note,"Do title, date, source location, page extent, access language, and provenance agree with the PDF/citation sheet or catalog item?","Open the PDF, verify item-level page boundaries and title, then update source note or decision log if the folder contains multiple documents. Gap cue: Prioritize Gates Subject File 470437053 and Pakistan H-Files 470426231, 470426238, and 470426240.",https://catalog.archives.gov/id/446396904,https://s3.amazonaws.com/NARAprodstorage/lz/presidential-libraries/bush/gb-nsc/H-Files/NSDs_313189290/41-bpr-nsc-hfiles-nsd-70-90005-020.pdf
gap-source-note-quality,Medium,Open,Metadata Quality,"Audit source notes, titles, and provenance before final numbering",4,Page-boundary pull,Confirmed record,428082401,2.029,Pakistan,1992-12-03,Memorandum of Telephone Conversation,428082401; [Memorandum of Telephone Conversations (Telcons) - July 1992-January 1993]:  December 1992,Presidential Telcon Files | Records of the National Security Council (George H. W. Bush Administration) | Presidential Telcon Files | [Memorandum of Telephone Conversations (Telcons) - July 1992-January 1993]:  December 1992 | 1992-12-03--Sharif.pdf,2 pages,Partial,high-priority gap target; source page range not fixed; catalog-derived title/source note,"Do title, date, source location, page extent, access language, and provenance agree with the PDF/citation sheet or catalog item?","Open the PDF, verify item-level page boundaries and title, then update source note or decision log if the folder contains multiple documents. Gap cue: Prioritize Gates Subject File 470437053 and Pakistan H-Files 470426231, 470426238, and 470426240.",https://catalog.archives.gov/id/428082401,https://s3.us-east-1.amazonaws.com/NARAprodstorage/lz/presidential-libraries/bush/gb-nsc/321498139/1992-12-03--Sharif.pdf
gap-public-papers-curation,Medium,Triaged,Public Record,"Curate Public Papers as locators, not automatic document candidates",0,Gap brief,Gap brief,gap-public-papers-curation,,Public Record,,"Curate Public Papers as locators, not automatic document candidates",,Public Papers of the Presidents; GovInfo; WHORM; Bush Library event files,,Triaged,"Classify each public item as selected text, locator for internal files, chronology-only context, or out-of-scope mention.","Can the compiler record Select, Exclude, Defer, Cite only, or Resolved with a stable rationale and source note?",Keep broad news conferences and speeches out of the confirmed record set unless they contain document-level South Asia policy decisions.,,
gap-public-papers-curation,Medium,Triaged,Public Record,"Curate Public Papers as locators, not automatic document candidates",1,Chapter lane,Chapter lane,"India:India economic reform, trade, and embassy files",,India,,"India economic reform, trade, and embassy files",,Public Papers of the Presidents; GovInfo; WHORM; Bush Library event files,,Missing lane,Confirmed 0; leads 0; related gaps 2.,"Can the compiler record Select, Exclude, Defer, Cite only, or Resolved with a stable rationale and source note?","Use this as a search lane for WHORM, State, and embassy files; do not close the India chapter until this lane has been consciously ruled in or out. Gap cue: Search India with Rao, Venkataraman, Gandhi, Shankar, Kashmir, nuclear, nonproliferation, economic reform, trade, and defense terms.",,
gap-public-papers-curation,Medium,Triaged,Public Record,"Curate Public Papers as locators, not automatic document candidates",1,Chapter lane,Chapter lane,"India:India Kashmir, nuclear, and regional security",,India,,"India Kashmir, nuclear, and regional security",,Public Papers of the Presidents; GovInfo; WHORM; Bush Library event files,,Missing lane,Confirmed 0; leads 0; related gaps 5.,"Can the compiler record Select, Exclude, Defer, Cite only, or Resolved with a stable rationale and source note?","Screen Kashmir, Gates, and Haass leads so the India chapter is not limited to leader calls and Cheney country folders. Gap cue: Prioritize Haass Working Files 470426597, Haass Meeting File 470426255, Mojaddedi 470426381, Bangladesh Zia 428082145, and Pakistan nuclear meeting files 470426231, 470426238, and 470426240.",,
gap-public-papers-curation,Medium,Triaged,Public Record,"Curate Public Papers as locators, not automatic document candidates",1,Chapter lane,Chapter lane,India:India leadership and bilateral policy,,India,,India leadership and bilateral policy,,Public Papers of the Presidents; GovInfo; WHORM; Bush Library event files,122 pages,Gap-linked review,Confirmed 10; leads 8; related gaps 3.,"Can the compiler record Select, Exclude, Defer, Cite only, or Resolved with a stable rationale and source note?","Build staff-file support for the leadership chronology, especially around the 1991-1992 transition to Rao-era policy. Gap cue: Search India with Rao, Venkataraman, Gandhi, Shankar, Kashmir, nuclear, nonproliferation, economic reform, trade, and defense terms.",,
gap-public-papers-curation,Medium,Triaged,Public Record,"Curate Public Papers as locators, not automatic document candidates",1,Chapter lane,Chapter lane,"Pakistan:Pakistan leadership, aid, and bilateral management",,Pakistan,,"Pakistan leadership, aid, and bilateral management",,Public Papers of the Presidents; GovInfo; WHORM; Bush Library event files,348 pages,Gap-linked review,Confirmed 26; leads 10; related gaps 6.,"Can the compiler record Select, Exclude, Defer, Cite only, or Resolved with a stable rationale and source note?","Separate policy-bearing presidential conversations from public/context locators and verify source notes against the PDF or citation sheet. Gap cue: Prioritize Haass Working Files 470426597, Haass Meeting File 470426255, Mojaddedi 470426381, Bangladesh Zia 428082145, and Pakistan nuclear meeting files 470426231, 470426238, and 470426240.",,
gap-public-papers-curation,Medium,Triaged,Public Record,"Curate Public Papers as locators, not automatic document candidates",1,Chapter lane,Chapter lane,"Pakistan:Pakistan nuclear, sanctions, and security",,Pakistan,,"Pakistan nuclear, sanctions, and security",,Public Papers of the Presidents; GovInfo; WHORM; Bush Library event files,185 pages,Access-heavy,Confirmed 3; leads 1; related gaps 4.,"Can the compiler record Select, Exclude, Defer, Cite only, or Resolved with a stable rationale and source note?","Pair the restricted H-Files nuclear sequence with Gates, Cheney, and Haass companion files before treating the 1990 policy arc as complete. Gap cue: Prioritize Haass Working Files 470426597, Haass Meeting File 470426255, Mojaddedi 470426381, Bangladesh Zia 428082145, and Pakistan nuclear meeting files 470426231, 470426238, and 470426240.",,
gap-public-papers-curation,Medium,Triaged,Public Record,"Curate Public Papers as locators, not automatic document candidates",1,Chapter lane,Chapter lane,Regional:Regional South Asia strategy,,Regional,,Regional South Asia strategy,,Public Papers of the Presidents; GovInfo; WHORM; Bush Library event files,252 pages,Gap-linked review,Confirmed 5; leads 5; related gaps 2.,"Can the compiler record Select, Exclude, Defer, Cite only, or Resolved with a stable rationale and source note?",Keep true regionwide strategy files distinct from Kashmir and Bangladesh so selection rationale stays clear. Gap cue: Promote Kashmir leads 470426145 and 470426225 into a focused review queue.,,
gap-public-papers-curation,Medium,Triaged,Public Record,"Curate Public Papers as locators, not automatic document candidates",2,Confirmed chronology anchor,Confirmed record,nsc-source-446396904,2.028,Pakistan,1992-07-10,"NSD-70 - July 10, 1992 - U.S. Nonproliferation Policy",446396904; 90005-020,Records of the National Security Council (George H. W. Bush Administration) | H-Files - National Security Directive (NSD) Files | 90005-020,101 pages,Restricted - Possibly,catalog-derived-source-note; declassification-review,"Can the compiler record Select, Exclude, Defer, Cite only, or Resolved with a stable rationale and source note?",Review access status and confirm whether the item can be selected or only cited as withheld/restricted context. Resolve compiler risk: catalog-derived-source-note; declassification-review.,https://catalog.archives.gov/id/446396904,https://s3.amazonaws.com/NARAprodstorage/lz/presidential-libraries/bush/gb-nsc/H-Files/NSDs_313189290/41-bpr-nsc-hfiles-nsd-70-90005-020.pdf
gap-public-papers-curation,Medium,Triaged,Public Record,"Curate Public Papers as locators, not automatic document candidates",3,Potential lead to screen,Potential lead,public-paper-lead-PPP-1992-book1-doc-pg351,,Afghanistan,1992-02-28,Presidential Determination No. 92-18--Memorandum on Certification for Major Narcotics Producing and Transit Countries,,Public Papers | Public Papers of the Presidents of the United States: George H. W. Bush | PPP-1992-book1,,Medium; Locator for internal decision file; Public presidential statement,Locator for internal decision file,"Can the compiler record Select, Exclude, Defer, Cite only, or Resolved with a stable rationale and source note?","Use to find clearance, certification, sanctions, aid, trade, or congressional-reporting files; promote only if the public text itself is selected.",,https://www.govinfo.gov/content/pkg/PPP-1992-book1/pdf/PPP-1992-book1-doc-pg351.pdf
gap-public-papers-curation,Medium,Triaged,Public Record,"Curate Public Papers as locators, not automatic document candidates",3,Potential lead to screen,Potential lead,public-paper-lead-PPP-1992-book1-doc-pg473,,Regional,1992-03-19,Statement by Press Secretary Fitzwater on the President's Meeting With Prime Minister Begum Khaleda Zia of Bangladesh,,Public Papers | Public Papers of the Presidents of the United States: George H. W. Bush | PPP-1992-book1,,Medium; Review lead; Public presidential statement,Review lead,"Can the compiler record Select, Exclude, Defer, Cite only, or Resolved with a stable rationale and source note?",Review before promotion.,,https://www.govinfo.gov/content/pkg/PPP-1992-book1/pdf/PPP-1992-book1-doc-pg473.pdf
gap-public-papers-curation,Medium,Triaged,Public Record,"Curate Public Papers as locators, not automatic document candidates",3,Potential lead to screen,Potential lead,public-paper-lead-PPP-1992-book2-doc-pg1729,,Pakistan,1992-09-30,Presidential Determination No. 92-49--Memorandum on Disaster Assistance for Pakistan,,Public Papers | Public Papers of the Presidents of the United States: George H. W. Bush | PPP-1992-book2,,Medium; Locator for internal decision file; Public presidential statement,Locator for internal decision file,"Can the compiler record Select, Exclude, Defer, Cite only, or Resolved with a stable rationale and source note?","Use to find clearance, certification, sanctions, aid, trade, or congressional-reporting files; promote only if the public text itself is selected.",,https://www.govinfo.gov/content/pkg/PPP-1992-book2/pdf/PPP-1992-book2-doc-pg1729.pdf
gap-public-papers-curation,Medium,Triaged,Public Record,"Curate Public Papers as locators, not automatic document candidates",3,Potential lead to screen,Potential lead,public-paper-lead-PPP-1992-book2-doc-pg1740,,Regional,1992-10-02,Presidential Determination No. 93-1--Memorandum on Refugee Admissions,,Public Papers | Public Papers of the Presidents of the United States: George H. W. Bush | PPP-1992-book2,,Medium; Locator for internal decision file; Public presidential statement,Locator for internal decision file,"Can the compiler record Select, Exclude, Defer, Cite only, or Resolved with a stable rationale and source note?","Use to find clearance, certification, sanctions, aid, trade, or congressional-reporting files; promote only if the public text itself is selected.",,https://www.govinfo.gov/content/pkg/PPP-1992-book2/pdf/PPP-1992-book2-doc-pg1740.pdf
gap-public-papers-curation,Medium,Triaged,Public Record,"Curate Public Papers as locators, not automatic document candidates",3,Potential lead to screen,Potential lead,public-paper-lead-PPP-1992-book2-doc-pg1772,,Afghanistan,1992-10-07,Presidential Determination No. 93-3--Memorandum on Trade With Afghanistan,,Public Papers | Public Papers of the Presidents of the United States: George H. W. Bush | PPP-1992-book2,,Medium; Locator for internal decision file; Public presidential statement,Locator for internal decision file,"Can the compiler record Select, Exclude, Defer, Cite only, or Resolved with a stable rationale and source note?","Use to find clearance, certification, sanctions, aid, trade, or congressional-reporting files; promote only if the public text itself is selected.",,https://www.govinfo.gov/content/pkg/PPP-1992-book2/pdf/PPP-1992-book2-doc-pg1772.pdf
gap-public-papers-curation,Medium,Triaged,Public Record,"Curate Public Papers as locators, not automatic document candidates",3,Potential lead to screen,Potential lead,public-paper-lead-PPP-1992-book2-doc-pg2264,,Pakistan,1993-01-19,Letter to Congressional Leaders Reporting on Nuclear Nonproliferation,,Public Papers | Public Papers of the Presidents of the United States: George H. W. Bush | PPP-1992-book2,,Medium; Locator for internal decision file; Public presidential statement,Locator for internal decision file,"Can the compiler record Select, Exclude, Defer, Cite only, or Resolved with a stable rationale and source note?","Use to find clearance, certification, sanctions, aid, trade, or congressional-reporting files; promote only if the public text itself is selected.",,https://www.govinfo.gov/content/pkg/PPP-1992-book2/pdf/PPP-1992-book2-doc-pg2264.pdf
gap-public-papers-curation,Medium,Triaged,Public Record,"Curate Public Papers as locators, not automatic document candidates",4,Page-boundary pull,Confirmed record,446396904,2.028,Pakistan,1992-07-10,"NSD-70 - July 10, 1992 - U.S. Nonproliferation Policy",446396904; 90005-020,H-Files - National Security Directive (NSD) Files | Records of the National Security Council (George H. W. Bush Administration) | H-Files - National Security Directive (NSD) Files | 90005-020 | 41-bpr-nsc-hfiles-nsd-70-90005-020.pdf,101 pages,Restricted - Possibly,high-priority gap target; folder or staff-file source pool; access review affects selection; large PDF extent; source page range not fixed; catalog-derived title/source note,"Can the compiler record Select, Exclude, Defer, Cite only, or Resolved with a stable rationale and source note?","Open the PDF, verify item-level page boundaries and title, then update source note or decision log if the folder contains multiple documents. Gap cue: Prioritize Gates Subject File 470437053 and Pakistan H-Files 470426231, 470426238, and 470426240.",https://catalog.archives.gov/id/446396904,https://s3.amazonaws.com/NARAprodstorage/lz/presidential-libraries/bush/gb-nsc/H-Files/NSDs_313189290/41-bpr-nsc-hfiles-nsd-70-90005-020.pdf
