Item type,Review order,Priority,Boundary score,Compiler #,Chapter or lane,Date,Title,Release or status,Pages,Page basis,NAID,Local identifier,Source family,Source locator,Matched gaps,Boundary reasons,Boundary question,Next action,Source note,Catalog URL,PDF URL
Potential lead,1,Critical,141,,Afghanistan,1989-01-01,Working Files - Afghanistan 1989-1992 [2],Restricted - Possibly; Online object available,,No stable page count recorded.,470426597,,NSC files,Records of the National Security Council (George H. W. Bush Administration) | Richard N. Haass' Working Files | Richard N. Haass' Working Files | NAID 470426597 | 41-bpr-nsc-haass_working-cf01304-011.pdf,Critical: Recover page-level boundaries in Haass and meeting-file PDFs; High: Screen Cheney Country Files before closing the source search,critical gap target; high-priority gap target; promotion requires PDF screening; folder or staff-file source pool; catalog-derived title/source note; page count unresolved,"Which pages contain policy-bearing material, and should any part be promoted to the confirmed chronology?","Open the PDF, identify policy-bearing pages, assign page boundaries, and record promote/exclude/cite-only rationale. Gap cue: Prioritize Haass Working Files 470426597, Haass Meeting File 470426255, Mojaddedi 470426381, Bangladesh Zia 428082145, and Pakistan nuclear meeting files 470426231, 470426238, and 470426240.","Source: George H.W. Bush Library, Bush Presidential Records, National Security Council, Richard N. Haass' Working Files, Working Files - Afghanistan 1989-1992 [2].",https://catalog.archives.gov/id/470426597,https://s3.dualstack.us-east-1.amazonaws.com/NARAprodstorage/lz/presidential-libraries/bush/gb-nsc/haass/working_2554877/41-bpr-nsc-haass_working-cf01304-011.pdf
Potential lead,2,Critical,141,,Afghanistan,1989-01-20,Afghanistan - Charles,Restricted - Possibly; Online object available,,No stable page count recorded.,470426255,,NSC files,Records of the National Security Council (George H. W. Bush Administration) | Richard N. Haass' Meeting Files | Richard N. Haass' Meeting Files | NAID 470426255 | 41-bpr-nsc-haass_meeting-cf01447-013.pdf,Critical: Recover page-level boundaries in Haass and meeting-file PDFs; High: Screen Cheney Country Files before closing the source search,critical gap target; high-priority gap target; promotion requires PDF screening; folder or staff-file source pool; catalog-derived title/source note; page count unresolved,"Which pages contain policy-bearing material, and should any part be promoted to the confirmed chronology?","Open the PDF, identify policy-bearing pages, assign page boundaries, and record promote/exclude/cite-only rationale. Gap cue: Prioritize Haass Working Files 470426597, Haass Meeting File 470426255, Mojaddedi 470426381, Bangladesh Zia 428082145, and Pakistan nuclear meeting files 470426231, 470426238, and 470426240.","Source: George H.W. Bush Library, Bush Presidential Records, National Security Council, Richard N. Haass' Meeting Files, Afghanistan - Charles.",https://catalog.archives.gov/id/470426255,https://s3.dualstack.us-east-1.amazonaws.com/NARAprodstorage/lz/presidential-libraries/bush/gb-nsc/haass/meeting_2554866/41-bpr-nsc-haass_meeting-cf01447-013.pdf
Confirmed record,3,Critical,115,1.014,Afghanistan,1989-11-27,"Presidential Visit of President [of Afghanistan Interim Government Sibgahtullah] Mojaddedi - November 27, 1989",Restricted - Possibly,35 pages,Recorded extent; still verify selected item boundaries before final numbering.,470426381,CF01404-028,Richard N. Haass' Presidential Meeting Files,Records of the National Security Council (George H. W. Bush Administration) | Richard N. Haass' Presidential Meeting Files | CF01404-028 | 41-bpr-nsc-haass_pres_mtg-cf01404-028.pdf,"Critical: Recover page-level boundaries in Haass and meeting-file PDFs; High: Screen Cheney Country Files before closing the source search; Medium: Audit source notes, titles, and provenance before final numbering",critical gap target; high-priority gap target; folder or staff-file source pool; access review affects selection; large PDF extent; source page range not fixed; catalog-derived title/source note,"Does the PDF represent one selectable document, a folder-level bundle, or cite-only restricted context?","Open the PDF, verify item-level page boundaries and title, then update source note or decision log if the folder contains multiple documents. Gap cue: Prioritize Haass Working Files 470426597, Haass Meeting File 470426255, Mojaddedi 470426381, Bangladesh Zia 428082145, and Pakistan nuclear meeting files 470426231, 470426238, and 470426240.","Source: George H.W. Bush Library, Bush Presidential Records, National Security Council, Richard N. Haass' Presidential Meeting Files, Presidential Visit of President [of Afghanistan Interim Government Sibgahtullah] Mojaddedi - November 27, 1989, OA/ID CF01404-028.",https://catalog.archives.gov/id/470426381,https://s3.dualstack.us-east-1.amazonaws.com/NARAprodstorage/lz/presidential-libraries/bush/gb-nsc/haass/pres_mtg_2554869/41-bpr-nsc-haass_pres_mtg-cf01404-028.pdf
Confirmed record,4,Critical,115,2.017,Pakistan,1990-07-16,"NSC/DC Meeting - July 16, 1990 Re: Pakistan Nuclear Program",Restricted - Possibly,29 pages,Recorded extent; still verify selected item boundaries before final numbering.,470426231,CF01625-020,Richard N. Haass' Meeting Files,Records of the National Security Council (George H. W. Bush Administration) | Richard N. Haass' Meeting Files | CF01625-020 | 41-bpr-nsc-haass_meeting-cf01625-020.pdf,"Critical: Recover page-level boundaries in Haass and meeting-file PDFs; High: Build an India policy lane beyond leader conversations; High: Pair the Pakistan nuclear sequence with non-H-Files sources; High: Screen Cheney Country Files before closing the source search; Medium: Audit source notes, titles, and provenance before final numbering",critical gap target; high-priority gap target; folder or staff-file source pool; access review affects selection; large PDF extent; source page range not fixed; catalog-derived title/source note,"Does the PDF represent one selectable document, a folder-level bundle, or cite-only restricted context?","Open the PDF, verify item-level page boundaries and title, then update source note or decision log if the folder contains multiple documents. Gap cue: Prioritize Haass Working Files 470426597, Haass Meeting File 470426255, Mojaddedi 470426381, Bangladesh Zia 428082145, and Pakistan nuclear meeting files 470426231, 470426238, and 470426240.","Source: George H.W. Bush Library, Bush Presidential Records, National Security Council, Richard N. Haass' Meeting Files, NSC/DC Meeting - July 16, 1990 Re: Pakistan Nuclear Program, OA/ID CF01625-020.",https://catalog.archives.gov/id/470426231,https://s3.dualstack.us-east-1.amazonaws.com/NARAprodstorage/lz/presidential-libraries/bush/gb-nsc/haass/meeting_2554866/41-bpr-nsc-haass_meeting-cf01625-020.pdf
Confirmed record,5,Critical,115,2.023,Pakistan,1990-10-09,"NSC/DC Meeting - October 9, 1990 Re: Pakistan",Restricted - Possibly,81 pages,Recorded extent; still verify selected item boundaries before final numbering.,470426240,CF01625-029,Richard N. Haass' Meeting Files,Records of the National Security Council (George H. W. Bush Administration) | Richard N. Haass' Meeting Files | CF01625-029 | 41-bpr-nsc-haass_meeting-cf01625-029.pdf,"Critical: Recover page-level boundaries in Haass and meeting-file PDFs; High: Pair the Pakistan nuclear sequence with non-H-Files sources; High: Screen Cheney Country Files before closing the source search; Medium: Audit source notes, titles, and provenance before final numbering",critical gap target; high-priority gap target; folder or staff-file source pool; access review affects selection; large PDF extent; source page range not fixed; catalog-derived title/source note,"Does the PDF represent one selectable document, a folder-level bundle, or cite-only restricted context?","Open the PDF, verify item-level page boundaries and title, then update source note or decision log if the folder contains multiple documents. Gap cue: Prioritize Haass Working Files 470426597, Haass Meeting File 470426255, Mojaddedi 470426381, Bangladesh Zia 428082145, and Pakistan nuclear meeting files 470426231, 470426238, and 470426240.","Source: George H.W. Bush Library, Bush Presidential Records, National Security Council, Richard N. Haass' Meeting Files, NSC/DC Meeting - October 9, 1990 Re: Pakistan, OA/ID CF01625-029.",https://catalog.archives.gov/id/470426240,https://s3.dualstack.us-east-1.amazonaws.com/NARAprodstorage/lz/presidential-libraries/bush/gb-nsc/haass/meeting_2554866/41-bpr-nsc-haass_meeting-cf01625-029.pdf
Potential lead,6,Critical,108,,Regional,1989-01-20,Bangladesh,Restricted - Partly; Online object available,,No stable page count recorded.,645608041,,Cheney collection,Richard Cheney Collection | Country Files | Country Files | NAID 645608041 | 41-bpr-dhm-cheney-country-31842-009.pdf,"High: Screen Cheney Country Files before closing the source search; High: Split the Regional lane into Kashmir, Bangladesh, and other South Asia tracks",high-priority gap target; promotion requires PDF screening; folder or staff-file source pool; catalog-derived title/source note; page count unresolved,"Which pages contain policy-bearing material, and should any part be promoted to the confirmed chronology?","Open the PDF, identify policy-bearing pages, assign page boundaries, and record promote/exclude/cite-only rationale. Gap cue: Review Afghanistan files 645607685, 645607321, and 645607323.","Source: George H.W. Bush Library, Richard Cheney Collection, Country Files, Bangladesh.",https://catalog.archives.gov/id/645608041,https://s3.amazonaws.com/NARAprodstorage/lz/presidential-libraries/bush/gb-rbc/country_470572294/41-bpr-dhm-cheney-country-31842-009.pdf
Potential lead,7,Critical,108,,Regional,1989-01-20,Letters on Kashmir,Restricted - Possibly; Online object available,,No stable page count recorded.,470426145,,NSC files,Records of the National Security Council (George H. W. Bush Administration) | Richard N. Haass' Correspondence Files | Richard N. Haass' Correspondence Files | NAID 470426145 | 41-bpr-nsc-haass_correspondence-cf01479-008.pdf,"High: Build an India policy lane beyond leader conversations; High: Split the Regional lane into Kashmir, Bangladesh, and other South Asia tracks",high-priority gap target; promotion requires PDF screening; folder or staff-file source pool; catalog-derived title/source note; page count unresolved,"Which pages contain policy-bearing material, and should any part be promoted to the confirmed chronology?","Open the PDF, identify policy-bearing pages, assign page boundaries, and record promote/exclude/cite-only rationale. Gap cue: Search India with Rao, Venkataraman, Gandhi, Shankar, Kashmir, nuclear, nonproliferation, economic reform, trade, and defense terms.","Source: George H.W. Bush Library, Bush Presidential Records, National Security Council, Richard N. Haass' Correspondence Files, Letters on Kashmir.",https://catalog.archives.gov/id/470426145,https://s3.dualstack.us-east-1.amazonaws.com/NARAprodstorage/lz/presidential-libraries/bush/gb-nsc/haass/correspondence_2554865/41-bpr-nsc-haass_correspondence-cf01479-008.pdf
Potential lead,8,Critical,108,,Regional,1990-03-26,"NSC/DC [Deputies Committee] Teleconference - March 26, 1990 Re: Kashmir",Restricted - Possibly; Online object available,,No stable page count recorded.,470426225,,NSC files,Records of the National Security Council (George H. W. Bush Administration) | Richard N. Haass' Meeting Files | Richard N. Haass' Meeting Files | NAID 470426225 | 41-bpr-nsc-haass_meeting-cf01625-014.pdf,"High: Build an India policy lane beyond leader conversations; High: Split the Regional lane into Kashmir, Bangladesh, and other South Asia tracks",high-priority gap target; promotion requires PDF screening; folder or staff-file source pool; catalog-derived title/source note; page count unresolved,"Which pages contain policy-bearing material, and should any part be promoted to the confirmed chronology?","Open the PDF, identify policy-bearing pages, assign page boundaries, and record promote/exclude/cite-only rationale. Gap cue: Search India with Rao, Venkataraman, Gandhi, Shankar, Kashmir, nuclear, nonproliferation, economic reform, trade, and defense terms.","Source: George H.W. Bush Library, Bush Presidential Records, National Security Council, Richard N. Haass' Meeting Files, NSC/DC [Deputies Committee] Teleconference - March 26, 1990 Re: Kashmir.",https://catalog.archives.gov/id/470426225,https://s3.dualstack.us-east-1.amazonaws.com/NARAprodstorage/lz/presidential-libraries/bush/gb-nsc/haass/meeting_2554866/41-bpr-nsc-haass_meeting-cf01625-014.pdf
Potential lead,9,Critical,108,,Regional,1992-03-19,"President's Meeting with Prime Minister Zia of Bangladesh - March 19, 1992",Restricted - Possibly; Online object available,,No stable page count recorded.,470426266,,NSC files,Records of the National Security Council (George H. W. Bush Administration) | Richard N. Haass' Meeting Files | Richard N. Haass' Meeting Files | NAID 470426266 | 41-bpr-nsc-haass_meeting-cf01447-024.pdf,"High: Screen Cheney Country Files before closing the source search; High: Split the Regional lane into Kashmir, Bangladesh, and other South Asia tracks",high-priority gap target; promotion requires PDF screening; folder or staff-file source pool; catalog-derived title/source note; page count unresolved,"Which pages contain policy-bearing material, and should any part be promoted to the confirmed chronology?","Open the PDF, identify policy-bearing pages, assign page boundaries, and record promote/exclude/cite-only rationale. Gap cue: Review Afghanistan files 645607685, 645607321, and 645607323.","Source: George H.W. Bush Library, Bush Presidential Records, National Security Council, Richard N. Haass' Meeting Files, President's Meeting with Prime Minister Zia of Bangladesh - March 19, 1992.",https://catalog.archives.gov/id/470426266,https://s3.dualstack.us-east-1.amazonaws.com/NARAprodstorage/lz/presidential-libraries/bush/gb-nsc/haass/meeting_2554866/41-bpr-nsc-haass_meeting-cf01447-024.pdf
Confirmed record,10,Critical,107,2.021,Pakistan,1990-10-04,"NSC/DC [Deputies Committee] Meeting - October 4, 1990 Re: Pakistan",Restricted - Possibly,8 pages,Recorded extent; still verify selected item boundaries before final numbering.,470426238,CF01625-027,Richard N. Haass' Meeting Files,Records of the National Security Council (George H. W. Bush Administration) | Richard N. Haass' Meeting Files | CF01625-027 | 41-bpr-nsc-haass_meeting-cf01625-027.pdf,"Critical: Recover page-level boundaries in Haass and meeting-file PDFs; High: Pair the Pakistan nuclear sequence with non-H-Files sources; High: Screen Cheney Country Files before closing the source search; Medium: Audit source notes, titles, and provenance before final numbering",critical gap target; high-priority gap target; folder or staff-file source pool; access review affects selection; source page range not fixed; catalog-derived title/source note,"Does the PDF represent one selectable document, a folder-level bundle, or cite-only restricted context?","Open the PDF, verify item-level page boundaries and title, then update source note or decision log if the folder contains multiple documents. Gap cue: Prioritize Haass Working Files 470426597, Haass Meeting File 470426255, Mojaddedi 470426381, Bangladesh Zia 428082145, and Pakistan nuclear meeting files 470426231, 470426238, and 470426240.","Source: George H.W. Bush Library, Bush Presidential Records, National Security Council, Richard N. Haass' Meeting Files, NSC/DC [Deputies Committee] Meeting - October 4, 1990 Re: Pakistan, OA/ID CF01625-027.",https://catalog.archives.gov/id/470426238,https://s3.dualstack.us-east-1.amazonaws.com/NARAprodstorage/lz/presidential-libraries/bush/gb-nsc/haass/meeting_2554866/41-bpr-nsc-haass_meeting-cf01625-027.pdf
Confirmed record,11,Critical,101,4.006,Regional,1992-03-19,Memorandum of Conversation,Full,6 pages,Recorded extent; still verify selected item boundaries before final numbering.,428082145,[Memorandum of Conversations (Memcons)-January 1992-June 1992]: March 1992,Presidential Memcon Files,Records of the National Security Council (George H. W. Bush Administration) | Presidential Memcon Files | [Memorandum of Conversations (Memcons)-January 1992-June 1992]: March 1992 | 1992-03-19--Zia.pdf,"Critical: Recover page-level boundaries in Haass and meeting-file PDFs; High: Screen Cheney Country Files before closing the source search; High: Split the Regional lane into Kashmir, Bangladesh, and other South Asia tracks; Medium: Audit source notes, titles, and provenance before final numbering",critical gap target; high-priority gap target; folder or staff-file source pool; source page range not fixed; catalog-derived title/source note,Are the exact source pages and item title stable enough for final citation?,"Open the PDF, verify item-level page boundaries and title, then update source note or decision log if the folder contains multiple documents. Gap cue: Prioritize Haass Working Files 470426597, Haass Meeting File 470426255, Mojaddedi 470426381, Bangladesh Zia 428082145, and Pakistan nuclear meeting files 470426231, 470426238, and 470426240.","Source: George H.W. Bush Library, Bush Presidential Records, Scowcroft, Brent, Collection, Presidential Correspondence Files, Presidential Memcons Files, OA/ID 91109-007, Presidential Meetings - Memorandum of Conversations 3/3/92 - 4/28/92. Confidential.",https://catalog.archives.gov/id/428082145,https://s3.us-east-1.amazonaws.com/NARAprodstorage/lz/presidential-libraries/bush/gb-nsc/321498039/1992-03-19--Zia.pdf
Potential lead,12,High,96,,Afghanistan,1989-01-20,Afghanistan,Unrestricted; Online object available,,No stable page count recorded.,645607685,,Cheney collection,Richard Cheney Collection | Country Files | Country Files | NAID 645607685 | 41-bpr-dhm-cheney-country-31827-001.pdf,High: Screen Cheney Country Files before closing the source search,high-priority gap target; promotion requires PDF screening; folder or staff-file source pool; catalog-derived title/source note; page count unresolved,"Which pages contain policy-bearing material, and should any part be promoted to the confirmed chronology?","Open the PDF, identify policy-bearing pages, assign page boundaries, and record promote/exclude/cite-only rationale. Gap cue: Review Afghanistan files 645607685, 645607321, and 645607323.","Source: George H.W. Bush Library, Richard Cheney Collection, Country Files, Afghanistan.",https://catalog.archives.gov/id/645607685,https://s3.amazonaws.com/NARAprodstorage/lz/presidential-libraries/bush/gb-rbc/country_470572294/41-bpr-dhm-cheney-country-31827-001.pdf
Potential lead,13,High,96,,Afghanistan,1989-01-20,Afghanistan [1],Restricted - Partly; Online object available,,No stable page count recorded.,645607321,,Cheney collection,Richard Cheney Collection | Country Files | Country Files | NAID 645607321 | 41-bpr-dhm-cheney-country-31812-001.pdf,High: Screen Cheney Country Files before closing the source search,high-priority gap target; promotion requires PDF screening; folder or staff-file source pool; catalog-derived title/source note; page count unresolved,"Which pages contain policy-bearing material, and should any part be promoted to the confirmed chronology?","Open the PDF, identify policy-bearing pages, assign page boundaries, and record promote/exclude/cite-only rationale. Gap cue: Review Afghanistan files 645607685, 645607321, and 645607323.","Source: George H.W. Bush Library, Richard Cheney Collection, Country Files, Afghanistan [1].",https://catalog.archives.gov/id/645607321,https://s3.amazonaws.com/NARAprodstorage/lz/presidential-libraries/bush/gb-rbc/country_470572294/41-bpr-dhm-cheney-country-31812-001.pdf
Potential lead,14,High,96,,Afghanistan,1989-01-20,Afghanistan [2],Restricted - Partly; Online object available,,No stable page count recorded.,645607323,,Cheney collection,Richard Cheney Collection | Country Files | Country Files | NAID 645607323 | 41-bpr-dhm-cheney-country-31812-002.pdf,High: Screen Cheney Country Files before closing the source search,high-priority gap target; promotion requires PDF screening; folder or staff-file source pool; catalog-derived title/source note; page count unresolved,"Which pages contain policy-bearing material, and should any part be promoted to the confirmed chronology?","Open the PDF, identify policy-bearing pages, assign page boundaries, and record promote/exclude/cite-only rationale. Gap cue: Review Afghanistan files 645607685, 645607321, and 645607323.","Source: George H.W. Bush Library, Richard Cheney Collection, Country Files, Afghanistan [2].",https://catalog.archives.gov/id/645607323,https://s3.amazonaws.com/NARAprodstorage/lz/presidential-libraries/bush/gb-rbc/country_470572294/41-bpr-dhm-cheney-country-31812-002.pdf
Potential lead,15,High,96,,India,1989-01-20,India,Restricted - Partly; Online object available,,No stable page count recorded.,645607415,,Cheney collection,Richard Cheney Collection | Country Files | Country Files | NAID 645607415 | 41-bpr-dhm-cheney-country-31815-004.pdf,"High: Build an India policy lane beyond leader conversations; High: Screen Cheney Country Files before closing the source search; High: Split the Regional lane into Kashmir, Bangladesh, and other South Asia tracks",high-priority gap target; promotion requires PDF screening; folder or staff-file source pool; catalog-derived title/source note; page count unresolved,"Which pages contain policy-bearing material, and should any part be promoted to the confirmed chronology?","Open the PDF, identify policy-bearing pages, assign page boundaries, and record promote/exclude/cite-only rationale. Gap cue: Search India with Rao, Venkataraman, Gandhi, Shankar, Kashmir, nuclear, nonproliferation, economic reform, trade, and defense terms.","Source: George H.W. Bush Library, Richard Cheney Collection, Country Files, India.",https://catalog.archives.gov/id/645607415,https://s3.amazonaws.com/NARAprodstorage/lz/presidential-libraries/bush/gb-rbc/country_470572294/41-bpr-dhm-cheney-country-31815-004.pdf
Potential lead,16,High,96,,India,1989-01-20,India [1],Restricted - Partly; Online object available,,No stable page count recorded.,645608141,,Cheney collection,Richard Cheney Collection | Country Files | Country Files | NAID 645608141 | 41-bpr-dhm-cheney-country-31847-001.pdf,High: Build an India policy lane beyond leader conversations; High: Screen Cheney Country Files before closing the source search,high-priority gap target; promotion requires PDF screening; folder or staff-file source pool; catalog-derived title/source note; page count unresolved,"Which pages contain policy-bearing material, and should any part be promoted to the confirmed chronology?","Open the PDF, identify policy-bearing pages, assign page boundaries, and record promote/exclude/cite-only rationale. Gap cue: Search India with Rao, Venkataraman, Gandhi, Shankar, Kashmir, nuclear, nonproliferation, economic reform, trade, and defense terms.","Source: George H.W. Bush Library, Richard Cheney Collection, Country Files, India [1].",https://catalog.archives.gov/id/645608141,https://s3.amazonaws.com/NARAprodstorage/lz/presidential-libraries/bush/gb-rbc/country_470572294/41-bpr-dhm-cheney-country-31847-001.pdf
Potential lead,17,High,96,,India,1989-01-20,India [1],Restricted - Partly; Online object available,,No stable page count recorded.,645607135,,Cheney collection,Richard Cheney Collection | Country Files | Country Files | NAID 645607135 | 41-bpr-dhm-cheney-country-31802-007.pdf,High: Build an India policy lane beyond leader conversations; High: Screen Cheney Country Files before closing the source search,high-priority gap target; promotion requires PDF screening; folder or staff-file source pool; catalog-derived title/source note; page count unresolved,"Which pages contain policy-bearing material, and should any part be promoted to the confirmed chronology?","Open the PDF, identify policy-bearing pages, assign page boundaries, and record promote/exclude/cite-only rationale. Gap cue: Search India with Rao, Venkataraman, Gandhi, Shankar, Kashmir, nuclear, nonproliferation, economic reform, trade, and defense terms.","Source: George H.W. Bush Library, Richard Cheney Collection, Country Files, India [1].",https://catalog.archives.gov/id/645607135,https://s3.amazonaws.com/NARAprodstorage/lz/presidential-libraries/bush/gb-rbc/country_470572294/41-bpr-dhm-cheney-country-31802-007.pdf
Potential lead,18,High,96,,India,1989-01-20,India [2],Restricted - Partly; Online object available,,No stable page count recorded.,645608143,,Cheney collection,Richard Cheney Collection | Country Files | Country Files | NAID 645608143 | 41-bpr-dhm-cheney-country-31847-002.pdf,High: Build an India policy lane beyond leader conversations; High: Screen Cheney Country Files before closing the source search,high-priority gap target; promotion requires PDF screening; folder or staff-file source pool; catalog-derived title/source note; page count unresolved,"Which pages contain policy-bearing material, and should any part be promoted to the confirmed chronology?","Open the PDF, identify policy-bearing pages, assign page boundaries, and record promote/exclude/cite-only rationale. Gap cue: Search India with Rao, Venkataraman, Gandhi, Shankar, Kashmir, nuclear, nonproliferation, economic reform, trade, and defense terms.","Source: George H.W. Bush Library, Richard Cheney Collection, Country Files, India [2].",https://catalog.archives.gov/id/645608143,https://s3.amazonaws.com/NARAprodstorage/lz/presidential-libraries/bush/gb-rbc/country_470572294/41-bpr-dhm-cheney-country-31847-002.pdf
Potential lead,19,High,96,,India,1989-01-20,India [2],Restricted - Partly; Online object available,,No stable page count recorded.,645607137,,Cheney collection,Richard Cheney Collection | Country Files | Country Files | NAID 645607137 | 41-bpr-dhm-cheney-country-31802-008.pdf,High: Build an India policy lane beyond leader conversations; High: Screen Cheney Country Files before closing the source search,high-priority gap target; promotion requires PDF screening; folder or staff-file source pool; catalog-derived title/source note; page count unresolved,"Which pages contain policy-bearing material, and should any part be promoted to the confirmed chronology?","Open the PDF, identify policy-bearing pages, assign page boundaries, and record promote/exclude/cite-only rationale. Gap cue: Search India with Rao, Venkataraman, Gandhi, Shankar, Kashmir, nuclear, nonproliferation, economic reform, trade, and defense terms.","Source: George H.W. Bush Library, Richard Cheney Collection, Country Files, India [2].",https://catalog.archives.gov/id/645607137,https://s3.amazonaws.com/NARAprodstorage/lz/presidential-libraries/bush/gb-rbc/country_470572294/41-bpr-dhm-cheney-country-31802-008.pdf
Potential lead,20,High,96,,India,1989-01-20,India [A],Restricted - Partly; Online object available,,No stable page count recorded.,645607805,,Cheney collection,Richard Cheney Collection | Country Files | Country Files | NAID 645607805 | 41-bpr-dhm-cheney-country-31832-001.pdf,High: Build an India policy lane beyond leader conversations; High: Screen Cheney Country Files before closing the source search,high-priority gap target; promotion requires PDF screening; folder or staff-file source pool; catalog-derived title/source note; page count unresolved,"Which pages contain policy-bearing material, and should any part be promoted to the confirmed chronology?","Open the PDF, identify policy-bearing pages, assign page boundaries, and record promote/exclude/cite-only rationale. Gap cue: Search India with Rao, Venkataraman, Gandhi, Shankar, Kashmir, nuclear, nonproliferation, economic reform, trade, and defense terms.","Source: George H.W. Bush Library, Richard Cheney Collection, Country Files, India [A].",https://catalog.archives.gov/id/645607805,https://s3.amazonaws.com/NARAprodstorage/lz/presidential-libraries/bush/gb-rbc/country_470572294/41-bpr-dhm-cheney-country-31832-001.pdf
Potential lead,21,High,96,,India,1989-01-20,India [B],Restricted - Partly; Online object available,,No stable page count recorded.,645607807,,Cheney collection,Richard Cheney Collection | Country Files | Country Files | NAID 645607807 | 41-bpr-dhm-cheney-country-31832-002.pdf,High: Build an India policy lane beyond leader conversations; High: Screen Cheney Country Files before closing the source search,high-priority gap target; promotion requires PDF screening; folder or staff-file source pool; catalog-derived title/source note; page count unresolved,"Which pages contain policy-bearing material, and should any part be promoted to the confirmed chronology?","Open the PDF, identify policy-bearing pages, assign page boundaries, and record promote/exclude/cite-only rationale. Gap cue: Search India with Rao, Venkataraman, Gandhi, Shankar, Kashmir, nuclear, nonproliferation, economic reform, trade, and defense terms.","Source: George H.W. Bush Library, Richard Cheney Collection, Country Files, India [B].",https://catalog.archives.gov/id/645607807,https://s3.amazonaws.com/NARAprodstorage/lz/presidential-libraries/bush/gb-rbc/country_470572294/41-bpr-dhm-cheney-country-31832-002.pdf
Potential lead,22,High,96,,Pakistan,1989-01-20,Pakistan,Restricted - Partly; Online object available,,No stable page count recorded.,645608235,,Cheney collection,Richard Cheney Collection | Country Files | Country Files | NAID 645608235 | 41-bpr-dhm-cheney-country-31850-010.pdf,High: Build an India policy lane beyond leader conversations; High: Pair the Pakistan nuclear sequence with non-H-Files sources; High: Screen Cheney Country Files before closing the source search,high-priority gap target; promotion requires PDF screening; folder or staff-file source pool; catalog-derived title/source note; page count unresolved,"Which pages contain policy-bearing material, and should any part be promoted to the confirmed chronology?","Open the PDF, identify policy-bearing pages, assign page boundaries, and record promote/exclude/cite-only rationale. Gap cue: Search India with Rao, Venkataraman, Gandhi, Shankar, Kashmir, nuclear, nonproliferation, economic reform, trade, and defense terms.","Source: George H.W. Bush Library, Richard Cheney Collection, Country Files, Pakistan.",https://catalog.archives.gov/id/645608235,https://s3.amazonaws.com/NARAprodstorage/lz/presidential-libraries/bush/gb-rbc/country_470572294/41-bpr-dhm-cheney-country-31850-010.pdf
Potential lead,23,High,96,,Pakistan,1989-01-20,Pakistan [A],Restricted - Partly; Online object available,,No stable page count recorded.,645607905,,Cheney collection,Richard Cheney Collection | Country Files | Country Files | NAID 645607905 | 41-bpr-dhm-cheney-country-31836-005.pdf,"High: Build an India policy lane beyond leader conversations; High: Pair the Pakistan nuclear sequence with non-H-Files sources; High: Screen Cheney Country Files before closing the source search; High: Split the Regional lane into Kashmir, Bangladesh, and other South Asia tracks",high-priority gap target; promotion requires PDF screening; folder or staff-file source pool; catalog-derived title/source note; page count unresolved,"Which pages contain policy-bearing material, and should any part be promoted to the confirmed chronology?","Open the PDF, identify policy-bearing pages, assign page boundaries, and record promote/exclude/cite-only rationale. Gap cue: Search India with Rao, Venkataraman, Gandhi, Shankar, Kashmir, nuclear, nonproliferation, economic reform, trade, and defense terms.","Source: George H.W. Bush Library, Richard Cheney Collection, Country Files, Pakistan [A].",https://catalog.archives.gov/id/645607905,https://s3.amazonaws.com/NARAprodstorage/lz/presidential-libraries/bush/gb-rbc/country_470572294/41-bpr-dhm-cheney-country-31836-005.pdf
Potential lead,24,High,96,,Pakistan,1989-01-20,Pakistan [A],Restricted - Partly; Online object available,,No stable page count recorded.,645607531,,Cheney collection,Richard Cheney Collection | Country Files | Country Files | NAID 645607531 | 41-bpr-dhm-cheney-country-31820-001.pdf,"High: Build an India policy lane beyond leader conversations; High: Pair the Pakistan nuclear sequence with non-H-Files sources; High: Screen Cheney Country Files before closing the source search; High: Split the Regional lane into Kashmir, Bangladesh, and other South Asia tracks",high-priority gap target; promotion requires PDF screening; folder or staff-file source pool; catalog-derived title/source note; page count unresolved,"Which pages contain policy-bearing material, and should any part be promoted to the confirmed chronology?","Open the PDF, identify policy-bearing pages, assign page boundaries, and record promote/exclude/cite-only rationale. Gap cue: Search India with Rao, Venkataraman, Gandhi, Shankar, Kashmir, nuclear, nonproliferation, economic reform, trade, and defense terms.","Source: George H.W. Bush Library, Richard Cheney Collection, Country Files, Pakistan [A].",https://catalog.archives.gov/id/645607531,https://s3.amazonaws.com/NARAprodstorage/lz/presidential-libraries/bush/gb-rbc/country_470572294/41-bpr-dhm-cheney-country-31820-001.pdf
Potential lead,25,High,96,,Pakistan,1989-01-20,Pakistan [B],Restricted - Partly; Online object available,,No stable page count recorded.,645607533,,Cheney collection,Richard Cheney Collection | Country Files | Country Files | NAID 645607533 | 41-bpr-dhm-cheney-country-31820-002.pdf,High: Build an India policy lane beyond leader conversations; High: Pair the Pakistan nuclear sequence with non-H-Files sources; High: Screen Cheney Country Files before closing the source search,high-priority gap target; promotion requires PDF screening; folder or staff-file source pool; catalog-derived title/source note; page count unresolved,"Which pages contain policy-bearing material, and should any part be promoted to the confirmed chronology?","Open the PDF, identify policy-bearing pages, assign page boundaries, and record promote/exclude/cite-only rationale. Gap cue: Search India with Rao, Venkataraman, Gandhi, Shankar, Kashmir, nuclear, nonproliferation, economic reform, trade, and defense terms.","Source: George H.W. Bush Library, Richard Cheney Collection, Country Files, Pakistan [B].",https://catalog.archives.gov/id/645607533,https://s3.amazonaws.com/NARAprodstorage/lz/presidential-libraries/bush/gb-rbc/country_470572294/41-bpr-dhm-cheney-country-31820-002.pdf
Potential lead,26,High,96,,Pakistan,1989-01-20,Pakistan [B],Restricted - Partly; Online object available,,No stable page count recorded.,645607907,,Cheney collection,Richard Cheney Collection | Country Files | Country Files | NAID 645607907 | 41-bpr-dhm-cheney-country-31836-006.pdf,"High: Build an India policy lane beyond leader conversations; High: Pair the Pakistan nuclear sequence with non-H-Files sources; High: Screen Cheney Country Files before closing the source search; High: Split the Regional lane into Kashmir, Bangladesh, and other South Asia tracks",high-priority gap target; promotion requires PDF screening; folder or staff-file source pool; catalog-derived title/source note; page count unresolved,"Which pages contain policy-bearing material, and should any part be promoted to the confirmed chronology?","Open the PDF, identify policy-bearing pages, assign page boundaries, and record promote/exclude/cite-only rationale. Gap cue: Search India with Rao, Venkataraman, Gandhi, Shankar, Kashmir, nuclear, nonproliferation, economic reform, trade, and defense terms.","Source: George H.W. Bush Library, Richard Cheney Collection, Country Files, Pakistan [B].",https://catalog.archives.gov/id/645607907,https://s3.amazonaws.com/NARAprodstorage/lz/presidential-libraries/bush/gb-rbc/country_470572294/41-bpr-dhm-cheney-country-31836-006.pdf
Potential lead,27,High,96,,Pakistan,1989-01-20,Pakistan-India,Restricted - Possibly; Online object available,,No stable page count recorded.,470437053,,NSC files,Records of the National Security Council (George H. W. Bush Administration) | Robert M. Gates' Subject Files | Robert M. Gates' Subject Files | NAID 470437053 | 41-bpr-nsc-gates-subj-cf00946-012.pdf,High: Build an India policy lane beyond leader conversations; High: Pair the Pakistan nuclear sequence with non-H-Files sources; High: Screen Cheney Country Files before closing the source search,high-priority gap target; promotion requires PDF screening; folder or staff-file source pool; catalog-derived title/source note; page count unresolved,"Which pages contain policy-bearing material, and should any part be promoted to the confirmed chronology?","Open the PDF, identify policy-bearing pages, assign page boundaries, and record promote/exclude/cite-only rationale. Gap cue: Search India with Rao, Venkataraman, Gandhi, Shankar, Kashmir, nuclear, nonproliferation, economic reform, trade, and defense terms.","Source: George H.W. Bush Library, Bush Presidential Records, National Security Council, Robert M. Gates' Subject Files, Pakistan-India.",https://catalog.archives.gov/id/470437053,https://s3.dualstack.us-east-1.amazonaws.com/NARAprodstorage/lz/presidential-libraries/bush/gb-nsc/gates/subject_2554843/41-bpr-nsc-gates-subj-cf00946-012.pdf
Confirmed record,28,High,70,1.001,Afghanistan,1989-02-07,"NSR-1 - February 07, 1989 - Afghanistan",Restricted - Possibly,30 pages,Recorded extent; still verify selected item boundaries before final numbering.,446394923,90006-001,H-Files - National Security Review (NSR) Files,Records of the National Security Council (George H. W. Bush Administration) | H-Files - National Security Review (NSR) Files | 90006-001 | 41-bpr-nsc-hfiles-nsr-1-90006-001.pdf,"High: Screen Cheney Country Files before closing the source search; Medium: Audit source notes, titles, and provenance before final numbering",high-priority gap target; folder or staff-file source pool; access review affects selection; large PDF extent; source page range not fixed; catalog-derived title/source note,"Does the PDF represent one selectable document, a folder-level bundle, or cite-only restricted context?","Open the PDF, verify item-level page boundaries and title, then update source note or decision log if the folder contains multiple documents. Gap cue: Review Afghanistan files 645607685, 645607321, and 645607323.","Source: George H.W. Bush Library, Bush Presidential Records, National Security Council, H-Files, NSR Files, NSR-1 - February 07, 1989 - Afghanistan, OA/ID 90006-001.",https://catalog.archives.gov/id/446394923,https://s3.amazonaws.com/NARAprodstorage/lz/presidential-libraries/bush/gb-nsc/H-Files/NSRs_313189297/41-bpr-nsc-hfiles-nsr-1-90006-001.pdf
Confirmed record,29,High,70,1.002,Afghanistan,1989-02-08,"NSC/DC 001 - February 08, 1989 - NSC/DC Meeting on Afghanistan, Keywords: Afghanistan",Restricted - Possibly,52 pages,Recorded extent; still verify selected item boundaries before final numbering.,470760975,90009-001,H-Files - National Security Council (NSC)/Deputies Committee (DC) Meetings Files,Records of the National Security Council (George H. W. Bush Administration) | H-Files - National Security Council (NSC)/Deputies Committee (DC) Meetings Files | 90009-001 | 41-bpr-nsc-hfiles-dc_mtgs-1-90009-001.pdf,"High: Screen Cheney Country Files before closing the source search; Medium: Audit source notes, titles, and provenance before final numbering",high-priority gap target; folder or staff-file source pool; access review affects selection; large PDF extent; source page range not fixed; catalog-derived title/source note,"Does the PDF represent one selectable document, a folder-level bundle, or cite-only restricted context?","Open the PDF, verify item-level page boundaries and title, then update source note or decision log if the folder contains multiple documents. Gap cue: Review Afghanistan files 645607685, 645607321, and 645607323.","Source: George H.W. Bush Library, Bush Presidential Records, National Security Council, H-Files, NSC/DC Meetings Files, NSC/DC 001 - February 08, 1989 - NSC/DC Meeting on Afghanistan, Keywords: Afghanistan, OA/ID 90009-001.",https://catalog.archives.gov/id/470760975,https://s3.amazonaws.com/NARAprodstorage/lz/presidential-libraries/bush/gb-nsc/H-Files/NSC-DC_Mtgs_312294079/41-bpr-nsc-hfiles-dc_mtgs-1-90009-001.pdf
Confirmed record,30,High,70,1.003,Afghanistan,1989-02-10,"NSC0001 - February 10, 1989 - Afghanistan",Restricted - Possibly,20 pages,Recorded extent; still verify selected item boundaries before final numbering.,470760885,90000-001,H-Files - National Security Council (NSC) Meeting Files,Records of the National Security Council (George H. W. Bush Administration) | H-Files - National Security Council (NSC) Meeting Files | 90000-001 | 41-bpr-nsc-hfiles-nsc_mtgs-1-90000-001.pdf,"High: Screen Cheney Country Files before closing the source search; Medium: Audit source notes, titles, and provenance before final numbering",high-priority gap target; folder or staff-file source pool; access review affects selection; large PDF extent; source page range not fixed; catalog-derived title/source note,"Does the PDF represent one selectable document, a folder-level bundle, or cite-only restricted context?","Open the PDF, verify item-level page boundaries and title, then update source note or decision log if the folder contains multiple documents. Gap cue: Review Afghanistan files 645607685, 645607321, and 645607323.","Source: George H.W. Bush Library, Bush Presidential Records, National Security Council, H-Files, NSC Meetings Files, NSC0001 - February 10, 1989 - Afghanistan, OA/ID 90000-001.",https://catalog.archives.gov/id/470760885,https://s3.amazonaws.com/NARAprodstorage/lz/presidential-libraries/bush/gb-nsc/H-Files/NSC_Mtgs_312293887/41-bpr-nsc-hfiles-nsc_mtgs-1-90000-001.pdf
Confirmed record,31,High,70,1.004,Afghanistan,1989-02-13,"NSD-3 - February 13, 1989 - U.S. Policy toward Afghanistan (File located @ LM)",Restricted - Possibly,52 pages,Recorded extent; still verify selected item boundaries before final numbering.,446396813,90003-004,H-Files - National Security Directive (NSD) Files,Records of the National Security Council (George H. W. Bush Administration) | H-Files - National Security Directive (NSD) Files | 90003-004 | 41-bpr-nsc-hfiles-nsd-3-90003-004.pdf,"High: Screen Cheney Country Files before closing the source search; Medium: Audit source notes, titles, and provenance before final numbering",high-priority gap target; folder or staff-file source pool; access review affects selection; large PDF extent; source page range not fixed; catalog-derived title/source note,"Does the PDF represent one selectable document, a folder-level bundle, or cite-only restricted context?","Open the PDF, verify item-level page boundaries and title, then update source note or decision log if the folder contains multiple documents. Gap cue: Review Afghanistan files 645607685, 645607321, and 645607323.","Source: George H.W. Bush Library, Bush Presidential Records, National Security Council, H-Files, NSD Files, NSD-3 - February 13, 1989 - U.S. Policy toward Afghanistan (File located @ LM), OA/ID 90003-004.",https://catalog.archives.gov/id/446396813,https://s3.amazonaws.com/NARAprodstorage/lz/presidential-libraries/bush/gb-nsc/H-Files/NSDs_313189290/41-bpr-nsc-hfiles-nsd-3-90003-004.pdf
Confirmed record,32,High,70,1.008,Afghanistan,1989-03-18,"NSD-5 - March 18, 1989 - Legislation to Authorize the Transfer of Funds to the Agency for International Development (AID) for Humanitarian Assistance to Afghanistan (File located @ LM)",Restricted - Possibly,43 pages,Recorded extent; still verify selected item boundaries before final numbering.,446396815,90003-006,H-Files - National Security Directive (NSD) Files,Records of the National Security Council (George H. W. Bush Administration) | H-Files - National Security Directive (NSD) Files | 90003-006 | 41-bpr-nsc-hfiles-nsd-5-90003-006.pdf,"High: Screen Cheney Country Files before closing the source search; Medium: Audit source notes, titles, and provenance before final numbering",high-priority gap target; folder or staff-file source pool; access review affects selection; large PDF extent; source page range not fixed; catalog-derived title/source note,"Does the PDF represent one selectable document, a folder-level bundle, or cite-only restricted context?","Open the PDF, verify item-level page boundaries and title, then update source note or decision log if the folder contains multiple documents. Gap cue: Review Afghanistan files 645607685, 645607321, and 645607323.","Source: George H.W. Bush Library, Bush Presidential Records, National Security Council, H-Files, NSD Files, NSD-5 - March 18, 1989 - Legislation to Authorize the Transfer of Funds to the Agency for International Development (AID) for Humanitarian Assistance to Afghanistan (File located @ LM), OA/ID 90003-006.",https://catalog.archives.gov/id/446396815,https://s3.amazonaws.com/NARAprodstorage/lz/presidential-libraries/bush/gb-nsc/H-Files/NSDs_313189290/41-bpr-nsc-hfiles-nsd-5-90003-006.pdf
Confirmed record,33,High,70,3.003,India,1989-05-04,"NSC/DC 022 - May 04, 1989 - NSC/DC Meeting on South Asia, Keywords: South Asia, India (File located @ LM)",Restricted - Possibly,45 pages,Recorded extent; still verify selected item boundaries before final numbering.,470760996,90010-001,H-Files - National Security Council (NSC)/Deputies Committee (DC) Meetings Files,Records of the National Security Council (George H. W. Bush Administration) | H-Files - National Security Council (NSC)/Deputies Committee (DC) Meetings Files | 90010-001 | 41-bpr-nsc-hfiles-dc_mtgs-22-90010-001.pdf,"High: Build an India policy lane beyond leader conversations; High: Screen Cheney Country Files before closing the source search; Medium: Audit source notes, titles, and provenance before final numbering",high-priority gap target; folder or staff-file source pool; access review affects selection; large PDF extent; source page range not fixed; catalog-derived title/source note,"Does the PDF represent one selectable document, a folder-level bundle, or cite-only restricted context?","Open the PDF, verify item-level page boundaries and title, then update source note or decision log if the folder contains multiple documents. Gap cue: Search India with Rao, Venkataraman, Gandhi, Shankar, Kashmir, nuclear, nonproliferation, economic reform, trade, and defense terms.","Source: George H.W. Bush Library, Bush Presidential Records, National Security Council, H-Files, NSC/DC Meetings Files, NSC/DC 022 - May 04, 1989 - NSC/DC Meeting on South Asia, Keywords: South Asia, India (File located @ LM), OA/ID 90010-001.",https://catalog.archives.gov/id/470760996,https://s3.amazonaws.com/NARAprodstorage/lz/presidential-libraries/bush/gb-nsc/H-Files/NSC-DC_Mtgs_312294079/41-bpr-nsc-hfiles-dc_mtgs-22-90010-001.pdf
Confirmed record,34,High,70,1.012,Afghanistan,1989-10-23,"NSC Meeting - October 23, 1989 re: Afghanistan",Restricted - Possibly,24 pages,Recorded extent; still verify selected item boundaries before final numbering.,470426219,CF01625-008,Richard N. Haass' Meeting Files,Records of the National Security Council (George H. W. Bush Administration) | Richard N. Haass' Meeting Files | CF01625-008 | 41-bpr-nsc-haass_meeting-cf01625-008.pdf,"High: Screen Cheney Country Files before closing the source search; Medium: Audit source notes, titles, and provenance before final numbering",high-priority gap target; folder or staff-file source pool; access review affects selection; large PDF extent; source page range not fixed; catalog-derived title/source note,"Does the PDF represent one selectable document, a folder-level bundle, or cite-only restricted context?","Open the PDF, verify item-level page boundaries and title, then update source note or decision log if the folder contains multiple documents. Gap cue: Review Afghanistan files 645607685, 645607321, and 645607323.","Source: George H.W. Bush Library, Bush Presidential Records, National Security Council, Richard N. Haass' Meeting Files, NSC Meeting - October 23, 1989 re: Afghanistan, OA/ID CF01625-008.",https://catalog.archives.gov/id/470426219,https://s3.dualstack.us-east-1.amazonaws.com/NARAprodstorage/lz/presidential-libraries/bush/gb-nsc/haass/meeting_2554866/41-bpr-nsc-haass_meeting-cf01625-008.pdf
Confirmed record,35,High,70,3.007,India,1990-04-04,"NSC/DC 113 - April 04, 1990 - NSC/DC Meeting on Kashmir via SVTS, Keywords: India",Restricted - Possibly,41 pages,Recorded extent; still verify selected item boundaries before final numbering.,470761103,90013-026,H-Files - National Security Council (NSC)/Deputies Committee (DC) Meetings Files,Records of the National Security Council (George H. W. Bush Administration) | H-Files - National Security Council (NSC)/Deputies Committee (DC) Meetings Files | 90013-026 | 41-bpr-nsc-hfiles-dc_mtgs-113-90013-026.pdf,"High: Build an India policy lane beyond leader conversations; High: Screen Cheney Country Files before closing the source search; High: Split the Regional lane into Kashmir, Bangladesh, and other South Asia tracks; Medium: Audit source notes, titles, and provenance before final numbering",high-priority gap target; folder or staff-file source pool; access review affects selection; large PDF extent; source page range not fixed; catalog-derived title/source note,"Does the PDF represent one selectable document, a folder-level bundle, or cite-only restricted context?","Open the PDF, verify item-level page boundaries and title, then update source note or decision log if the folder contains multiple documents. Gap cue: Search India with Rao, Venkataraman, Gandhi, Shankar, Kashmir, nuclear, nonproliferation, economic reform, trade, and defense terms.","Source: George H.W. Bush Library, Bush Presidential Records, National Security Council, H-Files, NSC/DC Meetings Files, NSC/DC 113 - April 04, 1990 - NSC/DC Meeting on Kashmir via SVTS, Keywords: India, OA/ID 90013-026.",https://catalog.archives.gov/id/470761103,https://s3.amazonaws.com/NARAprodstorage/lz/presidential-libraries/bush/gb-nsc/H-Files/NSC-DC_Mtgs_312294079/41-bpr-nsc-hfiles-dc_mtgs-113-90013-026.pdf
Confirmed record,36,High,70,2.013,Pakistan,1990-05-07,"NSC/DC 124 - May 07, 1990 - NSC/DC Meeting re: Pakistan Stingers, Keywords: Pakistan (File located @ LM)",Restricted - Possibly,42 pages,Recorded extent; still verify selected item boundaries before final numbering.,470761116,90014-013,H-Files - National Security Council (NSC)/Deputies Committee (DC) Meetings Files,Records of the National Security Council (George H. W. Bush Administration) | H-Files - National Security Council (NSC)/Deputies Committee (DC) Meetings Files | 90014-013 | 41-bpr-nsc-hfiles-dc_mtgs-124-90014-013.pdf,"High: Pair the Pakistan nuclear sequence with non-H-Files sources; High: Screen Cheney Country Files before closing the source search; Medium: Audit source notes, titles, and provenance before final numbering",high-priority gap target; folder or staff-file source pool; access review affects selection; large PDF extent; source page range not fixed; catalog-derived title/source note,"Does the PDF represent one selectable document, a folder-level bundle, or cite-only restricted context?","Open the PDF, verify item-level page boundaries and title, then update source note or decision log if the folder contains multiple documents. Gap cue: Prioritize Gates Subject File 470437053 and Pakistan H-Files 470426231, 470426238, and 470426240.","Source: George H.W. Bush Library, Bush Presidential Records, National Security Council, H-Files, NSC/DC Meetings Files, NSC/DC 124 - May 07, 1990 - NSC/DC Meeting re: Pakistan Stingers, Keywords: Pakistan (File located @ LM), OA/ID 90014-013.",https://catalog.archives.gov/id/470761116,https://s3.amazonaws.com/NARAprodstorage/lz/presidential-libraries/bush/gb-nsc/H-Files/NSC-DC_Mtgs_312294079/41-bpr-nsc-hfiles-dc_mtgs-124-90014-013.pdf
Confirmed record,37,High,70,2.014,Pakistan,1990-06-28,"NSC/DC 147 - June 28, 1990 - NSC/DC Meeting on Pakistan's Nuclear Program, Keywords: Pakistan, Nuclear Matters",Restricted - Possibly,24 pages,Recorded extent; still verify selected item boundaries before final numbering.,470761140,90015-005,H-Files - National Security Council (NSC)/Deputies Committee (DC) Meetings Files,Records of the National Security Council (George H. W. Bush Administration) | H-Files - National Security Council (NSC)/Deputies Committee (DC) Meetings Files | 90015-005 | 41-bpr-nsc-hfiles-dc_mtgs-147-90015-005.pdf,"High: Build an India policy lane beyond leader conversations; High: Pair the Pakistan nuclear sequence with non-H-Files sources; High: Screen Cheney Country Files before closing the source search; Medium: Audit source notes, titles, and provenance before final numbering",high-priority gap target; folder or staff-file source pool; access review affects selection; large PDF extent; source page range not fixed; catalog-derived title/source note,"Does the PDF represent one selectable document, a folder-level bundle, or cite-only restricted context?","Open the PDF, verify item-level page boundaries and title, then update source note or decision log if the folder contains multiple documents. Gap cue: Search India with Rao, Venkataraman, Gandhi, Shankar, Kashmir, nuclear, nonproliferation, economic reform, trade, and defense terms.","Source: George H.W. Bush Library, Bush Presidential Records, National Security Council, H-Files, NSC/DC Meetings Files, NSC/DC 147 - June 28, 1990 - NSC/DC Meeting on Pakistan's Nuclear Program, Keywords: Pakistan, Nuclear Matters, OA/ID 90015-005.",https://catalog.archives.gov/id/470761140,https://s3.amazonaws.com/NARAprodstorage/lz/presidential-libraries/bush/gb-nsc/H-Files/NSC-DC_Mtgs_312294079/41-bpr-nsc-hfiles-dc_mtgs-147-90015-005.pdf
Confirmed record,38,High,70,2.018,Pakistan,1990-08-31,"NSC/DC 190 - August 31, 1990 - NSC/DC Meeting on Pakistan Nuclear Program, Keywords: Pakistan, Nuclear Matters",Restricted - Possibly,37 pages,Recorded extent; still verify selected item boundaries before final numbering.,470761184,90016-018,H-Files - National Security Council (NSC)/Deputies Committee (DC) Meetings Files,Records of the National Security Council (George H. W. Bush Administration) | H-Files - National Security Council (NSC)/Deputies Committee (DC) Meetings Files | 90016-018 | 41-bpr-nsc-hfiles-dc_mtgs-190-90016-018.pdf,"High: Build an India policy lane beyond leader conversations; High: Pair the Pakistan nuclear sequence with non-H-Files sources; High: Screen Cheney Country Files before closing the source search; Medium: Audit source notes, titles, and provenance before final numbering",high-priority gap target; folder or staff-file source pool; access review affects selection; large PDF extent; source page range not fixed; catalog-derived title/source note,"Does the PDF represent one selectable document, a folder-level bundle, or cite-only restricted context?","Open the PDF, verify item-level page boundaries and title, then update source note or decision log if the folder contains multiple documents. Gap cue: Search India with Rao, Venkataraman, Gandhi, Shankar, Kashmir, nuclear, nonproliferation, economic reform, trade, and defense terms.","Source: George H.W. Bush Library, Bush Presidential Records, National Security Council, H-Files, NSC/DC Meetings Files, NSC/DC 190 - August 31, 1990 - NSC/DC Meeting on Pakistan Nuclear Program, Keywords: Pakistan, Nuclear Matters, OA/ID 90016-018.",https://catalog.archives.gov/id/470761184,https://s3.amazonaws.com/NARAprodstorage/lz/presidential-libraries/bush/gb-nsc/H-Files/NSC-DC_Mtgs_312294079/41-bpr-nsc-hfiles-dc_mtgs-190-90016-018.pdf
Confirmed record,39,High,70,2.020,Pakistan,1990-10-02,"NSC/DC 205 - October 02, 1990 - NSC/DC Meeting on Pakistan Nuclear Program via SVTS, Keywords: Pakistan, Nuclear Matters",Restricted - Possibly,24 pages,Recorded extent; still verify selected item boundaries before final numbering.,470761204,90016-038,H-Files - National Security Council (NSC)/Deputies Committee (DC) Meetings Files,Records of the National Security Council (George H. W. Bush Administration) | H-Files - National Security Council (NSC)/Deputies Committee (DC) Meetings Files | 90016-038 | 41-bpr-nsc-hfiles-dc_mtgs-205-90016-038.pdf,"High: Build an India policy lane beyond leader conversations; High: Pair the Pakistan nuclear sequence with non-H-Files sources; High: Screen Cheney Country Files before closing the source search; Medium: Audit source notes, titles, and provenance before final numbering",high-priority gap target; folder or staff-file source pool; access review affects selection; large PDF extent; source page range not fixed; catalog-derived title/source note,"Does the PDF represent one selectable document, a folder-level bundle, or cite-only restricted context?","Open the PDF, verify item-level page boundaries and title, then update source note or decision log if the folder contains multiple documents. Gap cue: Search India with Rao, Venkataraman, Gandhi, Shankar, Kashmir, nuclear, nonproliferation, economic reform, trade, and defense terms.","Source: George H.W. Bush Library, Bush Presidential Records, National Security Council, H-Files, NSC/DC Meetings Files, NSC/DC 205 - October 02, 1990 - NSC/DC Meeting on Pakistan Nuclear Program via SVTS, Keywords: Pakistan, Nuclear Matters, OA/ID 90016-038.",https://catalog.archives.gov/id/470761204,https://s3.amazonaws.com/NARAprodstorage/lz/presidential-libraries/bush/gb-nsc/H-Files/NSC-DC_Mtgs_312294079/41-bpr-nsc-hfiles-dc_mtgs-205-90016-038.pdf
Confirmed record,40,High,70,1.017,Afghanistan,1990-10-05,"NSC/DC 207 - October 05, 1990 - NSC/DC Meeting on Afghanistan, Keywords: Afghanistan",Restricted - Possibly,26 pages,Recorded extent; still verify selected item boundaries before final numbering.,470761206,90016-040,H-Files - National Security Council (NSC)/Deputies Committee (DC) Meetings Files,Records of the National Security Council (George H. W. Bush Administration) | H-Files - National Security Council (NSC)/Deputies Committee (DC) Meetings Files | 90016-040 | 41-bpr-nsc-hfiles-dc_mtgs-207-90016-040.pdf,"High: Screen Cheney Country Files before closing the source search; Medium: Audit source notes, titles, and provenance before final numbering",high-priority gap target; folder or staff-file source pool; access review affects selection; large PDF extent; source page range not fixed; catalog-derived title/source note,"Does the PDF represent one selectable document, a folder-level bundle, or cite-only restricted context?","Open the PDF, verify item-level page boundaries and title, then update source note or decision log if the folder contains multiple documents. Gap cue: Review Afghanistan files 645607685, 645607321, and 645607323.","Source: George H.W. Bush Library, Bush Presidential Records, National Security Council, H-Files, NSC/DC Meetings Files, NSC/DC 207 - October 05, 1990 - NSC/DC Meeting on Afghanistan, Keywords: Afghanistan, OA/ID 90016-040.",https://catalog.archives.gov/id/470761206,https://s3.amazonaws.com/NARAprodstorage/lz/presidential-libraries/bush/gb-nsc/H-Files/NSC-DC_Mtgs_312294079/41-bpr-nsc-hfiles-dc_mtgs-207-90016-040.pdf
Confirmed record,41,High,70,2.024,Pakistan,1990-10-09,"NSC0056 - October 09, 1990 - Nuclear Matters, Middle East and Gulf, Proliferation [1]",Restricted - Possibly,42 pages,Recorded extent; still verify selected item boundaries before final numbering.,470760963,90002-025,H-Files - National Security Council (NSC) Meeting Files,Records of the National Security Council (George H. W. Bush Administration) | H-Files - National Security Council (NSC) Meeting Files | 90002-025 | 41-bpr-nsc-hfiles-nsc_mtgs-56_1-90002-025.pdf,"High: Build an India policy lane beyond leader conversations; High: Pair the Pakistan nuclear sequence with non-H-Files sources; High: Screen Cheney Country Files before closing the source search; Medium: Audit source notes, titles, and provenance before final numbering",high-priority gap target; folder or staff-file source pool; access review affects selection; large PDF extent; source page range not fixed; catalog-derived title/source note,"Does the PDF represent one selectable document, a folder-level bundle, or cite-only restricted context?","Open the PDF, verify item-level page boundaries and title, then update source note or decision log if the folder contains multiple documents. Gap cue: Search India with Rao, Venkataraman, Gandhi, Shankar, Kashmir, nuclear, nonproliferation, economic reform, trade, and defense terms.","Source: George H.W. Bush Library, Bush Presidential Records, National Security Council, H-Files, NSC Meetings Files, NSC0056 - October 09, 1990 - Nuclear Matters, Middle East and Gulf, Proliferation [1], OA/ID 90002-025.",https://catalog.archives.gov/id/470760963,https://s3.amazonaws.com/NARAprodstorage/lz/presidential-libraries/bush/gb-nsc/H-Files/NSC_Mtgs_312293887/41-bpr-nsc-hfiles-nsc_mtgs-56_1-90002-025.pdf
Confirmed record,42,High,70,2.025,Pakistan,1990-10-09,"NSC0056 - October 09, 1990 - Nuclear Matters, Middle East and Gulf, Proliferation [2]",Restricted - Possibly,42 pages,Recorded extent; still verify selected item boundaries before final numbering.,470760964,90002-026,H-Files - National Security Council (NSC) Meeting Files,Records of the National Security Council (George H. W. Bush Administration) | H-Files - National Security Council (NSC) Meeting Files | 90002-026 | 41-bpr-nsc-hfiles-nsc_mtgs-56_2-90002-026.pdf,"High: Build an India policy lane beyond leader conversations; High: Pair the Pakistan nuclear sequence with non-H-Files sources; High: Screen Cheney Country Files before closing the source search; Medium: Audit source notes, titles, and provenance before final numbering",high-priority gap target; folder or staff-file source pool; access review affects selection; large PDF extent; source page range not fixed; catalog-derived title/source note,"Does the PDF represent one selectable document, a folder-level bundle, or cite-only restricted context?","Open the PDF, verify item-level page boundaries and title, then update source note or decision log if the folder contains multiple documents. Gap cue: Search India with Rao, Venkataraman, Gandhi, Shankar, Kashmir, nuclear, nonproliferation, economic reform, trade, and defense terms.","Source: George H.W. Bush Library, Bush Presidential Records, National Security Council, H-Files, NSC Meetings Files, NSC0056 - October 09, 1990 - Nuclear Matters, Middle East and Gulf, Proliferation [2], OA/ID 90002-026.",https://catalog.archives.gov/id/470760964,https://s3.amazonaws.com/NARAprodstorage/lz/presidential-libraries/bush/gb-nsc/H-Files/NSC_Mtgs_312293887/41-bpr-nsc-hfiles-nsc_mtgs-56_2-90002-026.pdf
Confirmed record,43,High,70,1.021,Afghanistan,1992-01-03,"NSC/DC 331 - January 03, 1992 - NSC/DC Meeting re: Afghanistan, Keywords: Afghanistan",Restricted - Possibly,58 pages,Recorded extent; still verify selected item boundaries before final numbering.,470761354,90021-019,H-Files - National Security Council (NSC)/Deputies Committee (DC) Meetings Files,Records of the National Security Council (George H. W. Bush Administration) | H-Files - National Security Council (NSC)/Deputies Committee (DC) Meetings Files | 90021-019 | 41-bpr-nsc-hfiles-dc_mtgs-331-90021-019.pdf,"High: Screen Cheney Country Files before closing the source search; Medium: Audit source notes, titles, and provenance before final numbering",high-priority gap target; folder or staff-file source pool; access review affects selection; large PDF extent; source page range not fixed; catalog-derived title/source note,"Does the PDF represent one selectable document, a folder-level bundle, or cite-only restricted context?","Open the PDF, verify item-level page boundaries and title, then update source note or decision log if the folder contains multiple documents. Gap cue: Review Afghanistan files 645607685, 645607321, and 645607323.","Source: George H.W. Bush Library, Bush Presidential Records, National Security Council, H-Files, NSC/DC Meetings Files, NSC/DC 331 - January 03, 1992 - NSC/DC Meeting re: Afghanistan, Keywords: Afghanistan, OA/ID 90021-019.",https://catalog.archives.gov/id/470761354,https://s3.amazonaws.com/NARAprodstorage/lz/presidential-libraries/bush/gb-nsc/H-Files/NSC-DC_Mtgs_312294079/41-bpr-nsc-hfiles-dc_mtgs-331-90021-019.pdf
Confirmed record,44,High,70,2.028,Pakistan,1992-07-10,"NSD-70 - July 10, 1992 - U.S. Nonproliferation Policy",Restricted - Possibly,101 pages,Recorded extent; still verify selected item boundaries before final numbering.,446396904,90005-020,H-Files - National Security Directive (NSD) Files,Records of the National Security Council (George H. W. Bush Administration) | H-Files - National Security Directive (NSD) Files | 90005-020 | 41-bpr-nsc-hfiles-nsd-70-90005-020.pdf,"High: Pair the Pakistan nuclear sequence with non-H-Files sources; High: Screen Cheney Country Files before closing the source search; Medium: Audit source notes, titles, and provenance before final numbering",high-priority gap target; folder or staff-file source pool; access review affects selection; large PDF extent; source page range not fixed; catalog-derived title/source note,"Does the PDF represent one selectable document, a folder-level bundle, or cite-only restricted context?","Open the PDF, verify item-level page boundaries and title, then update source note or decision log if the folder contains multiple documents. Gap cue: Prioritize Gates Subject File 470437053 and Pakistan H-Files 470426231, 470426238, and 470426240.","Source: George H.W. Bush Library, Bush Presidential Records, National Security Council, H-Files, NSD Files, NSD-70 - July 10, 1992 - U.S. Nonproliferation Policy, OA/ID 90005-020.",https://catalog.archives.gov/id/446396904,https://s3.amazonaws.com/NARAprodstorage/lz/presidential-libraries/bush/gb-nsc/H-Files/NSDs_313189290/41-bpr-nsc-hfiles-nsd-70-90005-020.pdf
Confirmed record,45,High,62,1.006,Afghanistan,1989-03-08,"NSC/DC 005 - March 08, 1989 - NSC/DC Meeting on Non-Lethal Finding and Transfer of Funds re: Afghanistan, Keywords: Afghanistan",Restricted - Possibly,6 pages,Recorded extent; still verify selected item boundaries before final numbering.,470760979,90009-005,H-Files - National Security Council (NSC)/Deputies Committee (DC) Meetings Files,Records of the National Security Council (George H. W. Bush Administration) | H-Files - National Security Council (NSC)/Deputies Committee (DC) Meetings Files | 90009-005 | 41-bpr-nsc-hfiles-dc_mtgs-5-90009-005.pdf,"High: Screen Cheney Country Files before closing the source search; Medium: Audit source notes, titles, and provenance before final numbering",high-priority gap target; folder or staff-file source pool; access review affects selection; source page range not fixed; catalog-derived title/source note,"Does the PDF represent one selectable document, a folder-level bundle, or cite-only restricted context?","Open the PDF, verify item-level page boundaries and title, then update source note or decision log if the folder contains multiple documents. Gap cue: Review Afghanistan files 645607685, 645607321, and 645607323.","Source: George H.W. Bush Library, Bush Presidential Records, National Security Council, H-Files, NSC/DC Meetings Files, NSC/DC 005 - March 08, 1989 - NSC/DC Meeting on Non-Lethal Finding and Transfer of Funds re: Afghanistan, Keywords: Afghanistan, OA/ID 90009-005.",https://catalog.archives.gov/id/470760979,https://s3.amazonaws.com/NARAprodstorage/lz/presidential-libraries/bush/gb-nsc/H-Files/NSC-DC_Mtgs_312294079/41-bpr-nsc-hfiles-dc_mtgs-5-90009-005.pdf
Confirmed record,46,High,62,1.007,Afghanistan,1989-03-14,"NSC0004 - March 14, 1989 - Panama, Nicaragua, Afghanistan (File located @ LM)",Restricted - Possibly,1 page,Recorded extent; still verify selected item boundaries before final numbering.,470760888,90000-004,H-Files - National Security Council (NSC) Meeting Files,Records of the National Security Council (George H. W. Bush Administration) | H-Files - National Security Council (NSC) Meeting Files | 90000-004 | 41-bpr-nsc-hfiles-nsc_mtgs-4-90000-004.pdf,"High: Screen Cheney Country Files before closing the source search; Medium: Audit source notes, titles, and provenance before final numbering",high-priority gap target; folder or staff-file source pool; access review affects selection; source page range not fixed; catalog-derived title/source note,"Does the PDF represent one selectable document, a folder-level bundle, or cite-only restricted context?","Open the PDF, verify item-level page boundaries and title, then update source note or decision log if the folder contains multiple documents. Gap cue: Review Afghanistan files 645607685, 645607321, and 645607323.","Source: George H.W. Bush Library, Bush Presidential Records, National Security Council, H-Files, NSC Meetings Files, NSC0004 - March 14, 1989 - Panama, Nicaragua, Afghanistan (File located @ LM), OA/ID 90000-004.",https://catalog.archives.gov/id/470760888,https://s3.amazonaws.com/NARAprodstorage/lz/presidential-libraries/bush/gb-nsc/H-Files/NSC_Mtgs_312293887/41-bpr-nsc-hfiles-nsc_mtgs-4-90000-004.pdf
Confirmed record,47,High,62,1.010,Afghanistan,1989-10-16,"NSC/DC [Deputies Committee] Meeting - October 16, 1989 re: Afghanistan",Restricted - Possibly,18 pages,Recorded extent; still verify selected item boundaries before final numbering.,470426218,CF01625-007,Richard N. Haass' Meeting Files,Records of the National Security Council (George H. W. Bush Administration) | Richard N. Haass' Meeting Files | CF01625-007 | 41-bpr-nsc-haass_meeting-cf01625-007.pdf,"High: Screen Cheney Country Files before closing the source search; Medium: Audit source notes, titles, and provenance before final numbering",high-priority gap target; folder or staff-file source pool; access review affects selection; source page range not fixed; catalog-derived title/source note,"Does the PDF represent one selectable document, a folder-level bundle, or cite-only restricted context?","Open the PDF, verify item-level page boundaries and title, then update source note or decision log if the folder contains multiple documents. Gap cue: Review Afghanistan files 645607685, 645607321, and 645607323.","Source: George H.W. Bush Library, Bush Presidential Records, National Security Council, Richard N. Haass' Meeting Files, NSC/DC [Deputies Committee] Meeting - October 16, 1989 re: Afghanistan, OA/ID CF01625-007.",https://catalog.archives.gov/id/470426218,https://s3.dualstack.us-east-1.amazonaws.com/NARAprodstorage/lz/presidential-libraries/bush/gb-nsc/haass/meeting_2554866/41-bpr-nsc-haass_meeting-cf01625-007.pdf
Confirmed record,48,High,62,1.011,Afghanistan,1989-10-18,"NSC/DC 065A - October 18, 1989 - NSC/DC Meeting on Afghanistan, Keywords: Afghanistan (File located @ LM)",Restricted - Possibly,8 pages,Recorded extent; still verify selected item boundaries before final numbering.,470761041,90011-020,H-Files - National Security Council (NSC)/Deputies Committee (DC) Meetings Files,Records of the National Security Council (George H. W. Bush Administration) | H-Files - National Security Council (NSC)/Deputies Committee (DC) Meetings Files | 90011-020 | 41-bpr-nsc-hfiles-dc_mtgs-65a-90011-020.pdf,"High: Screen Cheney Country Files before closing the source search; Medium: Audit source notes, titles, and provenance before final numbering",high-priority gap target; folder or staff-file source pool; access review affects selection; source page range not fixed; catalog-derived title/source note,"Does the PDF represent one selectable document, a folder-level bundle, or cite-only restricted context?","Open the PDF, verify item-level page boundaries and title, then update source note or decision log if the folder contains multiple documents. Gap cue: Review Afghanistan files 645607685, 645607321, and 645607323.","Source: George H.W. Bush Library, Bush Presidential Records, National Security Council, H-Files, NSC/DC Meetings Files, NSC/DC 065A - October 18, 1989 - NSC/DC Meeting on Afghanistan, Keywords: Afghanistan (File located @ LM), OA/ID 90011-020.",https://catalog.archives.gov/id/470761041,https://s3.amazonaws.com/NARAprodstorage/lz/presidential-libraries/bush/gb-nsc/H-Files/NSC-DC_Mtgs_312294079/41-bpr-nsc-hfiles-dc_mtgs-65a-90011-020.pdf
Confirmed record,49,High,62,2.012,Pakistan,1990-03-26,"NSC/DC 112 - March 26, 1990 - NSC/DC Meeting on Kashmir, Keywords: Pakistan",Restricted - Possibly,13 pages,Recorded extent; still verify selected item boundaries before final numbering.,470761101,90013-024,H-Files - National Security Council (NSC)/Deputies Committee (DC) Meetings Files,Records of the National Security Council (George H. W. Bush Administration) | H-Files - National Security Council (NSC)/Deputies Committee (DC) Meetings Files | 90013-024 | 41-bpr-nsc-hfiles-dc_mtgs-112-90013-024.pdf,"High: Build an India policy lane beyond leader conversations; High: Pair the Pakistan nuclear sequence with non-H-Files sources; High: Screen Cheney Country Files before closing the source search; High: Split the Regional lane into Kashmir, Bangladesh, and other South Asia tracks; Medium: Audit source notes, titles, and provenance before final numbering",high-priority gap target; folder or staff-file source pool; access review affects selection; source page range not fixed; catalog-derived title/source note,"Does the PDF represent one selectable document, a folder-level bundle, or cite-only restricted context?","Open the PDF, verify item-level page boundaries and title, then update source note or decision log if the folder contains multiple documents. Gap cue: Search India with Rao, Venkataraman, Gandhi, Shankar, Kashmir, nuclear, nonproliferation, economic reform, trade, and defense terms.","Source: George H.W. Bush Library, Bush Presidential Records, National Security Council, H-Files, NSC/DC Meetings Files, NSC/DC 112 - March 26, 1990 - NSC/DC Meeting on Kashmir, Keywords: Pakistan, OA/ID 90013-024.",https://catalog.archives.gov/id/470761101,https://s3.amazonaws.com/NARAprodstorage/lz/presidential-libraries/bush/gb-nsc/H-Files/NSC-DC_Mtgs_312294079/41-bpr-nsc-hfiles-dc_mtgs-112-90013-024.pdf
Confirmed record,50,High,62,2.015,Pakistan,1990-06-30,"NSC/DC [Deputies Committee] Meeting - June 30, 1990 Re: Pakistan",Restricted - Possibly,14 pages,Recorded extent; still verify selected item boundaries before final numbering.,470426229,CF01625-018,Richard N. Haass' Meeting Files,Records of the National Security Council (George H. W. Bush Administration) | Richard N. Haass' Meeting Files | CF01625-018 | 41-bpr-nsc-haass_meeting-cf01625-018.pdf,"High: Pair the Pakistan nuclear sequence with non-H-Files sources; High: Screen Cheney Country Files before closing the source search; Medium: Audit source notes, titles, and provenance before final numbering",high-priority gap target; folder or staff-file source pool; access review affects selection; source page range not fixed; catalog-derived title/source note,"Does the PDF represent one selectable document, a folder-level bundle, or cite-only restricted context?","Open the PDF, verify item-level page boundaries and title, then update source note or decision log if the folder contains multiple documents. Gap cue: Prioritize Gates Subject File 470437053 and Pakistan H-Files 470426231, 470426238, and 470426240.","Source: George H.W. Bush Library, Bush Presidential Records, National Security Council, Richard N. Haass' Meeting Files, NSC/DC [Deputies Committee] Meeting - June 30, 1990 Re: Pakistan, OA/ID CF01625-018.",https://catalog.archives.gov/id/470426229,https://s3.dualstack.us-east-1.amazonaws.com/NARAprodstorage/lz/presidential-libraries/bush/gb-nsc/haass/meeting_2554866/41-bpr-nsc-haass_meeting-cf01625-018.pdf
Confirmed record,51,High,62,2.016,Pakistan,1990-07-09,"NSC/DC 154 - July 09, 1990 - NSC/DC Meeting on Pakistan Nuclear Program, Keywords: Pakistan, Nuclear Matters",Restricted - Possibly,10 pages,Recorded extent; still verify selected item boundaries before final numbering.,470761146,90015-012,H-Files - National Security Council (NSC)/Deputies Committee (DC) Meetings Files,Records of the National Security Council (George H. W. Bush Administration) | H-Files - National Security Council (NSC)/Deputies Committee (DC) Meetings Files | 90015-012 | 41-bpr-nsc-hfiles-dc_mtgs-154-90015-012.pdf,"High: Build an India policy lane beyond leader conversations; High: Pair the Pakistan nuclear sequence with non-H-Files sources; High: Screen Cheney Country Files before closing the source search; Medium: Audit source notes, titles, and provenance before final numbering",high-priority gap target; folder or staff-file source pool; access review affects selection; source page range not fixed; catalog-derived title/source note,"Does the PDF represent one selectable document, a folder-level bundle, or cite-only restricted context?","Open the PDF, verify item-level page boundaries and title, then update source note or decision log if the folder contains multiple documents. Gap cue: Search India with Rao, Venkataraman, Gandhi, Shankar, Kashmir, nuclear, nonproliferation, economic reform, trade, and defense terms.","Source: George H.W. Bush Library, Bush Presidential Records, National Security Council, H-Files, NSC/DC Meetings Files, NSC/DC 154 - July 09, 1990 - NSC/DC Meeting on Pakistan Nuclear Program, Keywords: Pakistan, Nuclear Matters, OA/ID 90015-012.",https://catalog.archives.gov/id/470761146,https://s3.amazonaws.com/NARAprodstorage/lz/presidential-libraries/bush/gb-nsc/H-Files/NSC-DC_Mtgs_312294079/41-bpr-nsc-hfiles-dc_mtgs-154-90015-012.pdf
Confirmed record,52,High,62,2.019,Pakistan,1990-09-05,"NSC/DC 193A - September 05, 1990 - NSC/DC Meeting on Pakistan, Keywords: Pakistan, Nuclear Matters",Restricted - Possibly,11 pages,Recorded extent; still verify selected item boundaries before final numbering.,470761189,90016-023,H-Files - National Security Council (NSC)/Deputies Committee (DC) Meetings Files,Records of the National Security Council (George H. W. Bush Administration) | H-Files - National Security Council (NSC)/Deputies Committee (DC) Meetings Files | 90016-023 | 41-bpr-nsc-hfiles-dc_mtgs-193a-90016-023.pdf,"High: Build an India policy lane beyond leader conversations; High: Pair the Pakistan nuclear sequence with non-H-Files sources; High: Screen Cheney Country Files before closing the source search; Medium: Audit source notes, titles, and provenance before final numbering",high-priority gap target; folder or staff-file source pool; access review affects selection; source page range not fixed; catalog-derived title/source note,"Does the PDF represent one selectable document, a folder-level bundle, or cite-only restricted context?","Open the PDF, verify item-level page boundaries and title, then update source note or decision log if the folder contains multiple documents. Gap cue: Search India with Rao, Venkataraman, Gandhi, Shankar, Kashmir, nuclear, nonproliferation, economic reform, trade, and defense terms.","Source: George H.W. Bush Library, Bush Presidential Records, National Security Council, H-Files, NSC/DC Meetings Files, NSC/DC 193A - September 05, 1990 - NSC/DC Meeting on Pakistan, Keywords: Pakistan, Nuclear Matters, OA/ID 90016-023.",https://catalog.archives.gov/id/470761189,https://s3.amazonaws.com/NARAprodstorage/lz/presidential-libraries/bush/gb-nsc/H-Files/NSC-DC_Mtgs_312294079/41-bpr-nsc-hfiles-dc_mtgs-193a-90016-023.pdf
Confirmed record,53,High,62,1.016,Afghanistan,1990-10-04,"DC [Deputies Committee] Meeting - October 4, 1990 re: Afghanistan",Restricted - Possibly,10 pages,Recorded extent; still verify selected item boundaries before final numbering.,470426235,CF01625-024,Richard N. Haass' Meeting Files,Records of the National Security Council (George H. W. Bush Administration) | Richard N. Haass' Meeting Files | CF01625-024 | 41-bpr-nsc-haass_meeting-cf01625-024.pdf,"High: Screen Cheney Country Files before closing the source search; Medium: Audit source notes, titles, and provenance before final numbering",high-priority gap target; folder or staff-file source pool; access review affects selection; source page range not fixed; catalog-derived title/source note,"Does the PDF represent one selectable document, a folder-level bundle, or cite-only restricted context?","Open the PDF, verify item-level page boundaries and title, then update source note or decision log if the folder contains multiple documents. Gap cue: Review Afghanistan files 645607685, 645607321, and 645607323.","Source: George H.W. Bush Library, Bush Presidential Records, National Security Council, Richard N. Haass' Meeting Files, DC [Deputies Committee] Meeting - October 4, 1990 re: Afghanistan, OA/ID CF01625-024.",https://catalog.archives.gov/id/470426235,https://s3.dualstack.us-east-1.amazonaws.com/NARAprodstorage/lz/presidential-libraries/bush/gb-nsc/haass/meeting_2554866/41-bpr-nsc-haass_meeting-cf01625-024.pdf
Confirmed record,54,High,62,2.022,Pakistan,1990-10-05,"NSC/DC 208 - October 05, 1990 - NSC/DC Meeting on Pakistan via SVTS, Keywords: Pakistan",Restricted - Possibly,11 pages,Recorded extent; still verify selected item boundaries before final numbering.,470761207,90017-001,H-Files - National Security Council (NSC)/Deputies Committee (DC) Meetings Files,Records of the National Security Council (George H. W. Bush Administration) | H-Files - National Security Council (NSC)/Deputies Committee (DC) Meetings Files | 90017-001 | 41-bpr-nsc-hfiles-dc_mtgs-208-90017-001.pdf,"High: Pair the Pakistan nuclear sequence with non-H-Files sources; High: Screen Cheney Country Files before closing the source search; Medium: Audit source notes, titles, and provenance before final numbering",high-priority gap target; folder or staff-file source pool; access review affects selection; source page range not fixed; catalog-derived title/source note,"Does the PDF represent one selectable document, a folder-level bundle, or cite-only restricted context?","Open the PDF, verify item-level page boundaries and title, then update source note or decision log if the folder contains multiple documents. Gap cue: Prioritize Gates Subject File 470437053 and Pakistan H-Files 470426231, 470426238, and 470426240.","Source: George H.W. Bush Library, Bush Presidential Records, National Security Council, H-Files, NSC/DC Meetings Files, NSC/DC 208 - October 05, 1990 - NSC/DC Meeting on Pakistan via SVTS, Keywords: Pakistan, OA/ID 90017-001.",https://catalog.archives.gov/id/470761207,https://s3.amazonaws.com/NARAprodstorage/lz/presidential-libraries/bush/gb-nsc/H-Files/NSC-DC_Mtgs_312294079/41-bpr-nsc-hfiles-dc_mtgs-208-90017-001.pdf
Confirmed record,55,High,62,1.018,Afghanistan,1991-03-05,"NSC/DC 260 - March 05, 1991 - NSC/DC Meeting on Afghanistan, Keywords: Afghanistan (File located @ LM)",Restricted - Possibly,9 pages,Recorded extent; still verify selected item boundaries before final numbering.,470761272,90019-003,H-Files - National Security Council (NSC)/Deputies Committee (DC) Meetings Files,Records of the National Security Council (George H. W. Bush Administration) | H-Files - National Security Council (NSC)/Deputies Committee (DC) Meetings Files | 90019-003 | 41-bpr-nsc-hfiles-dc_mtgs-260-90019-003.pdf,"High: Screen Cheney Country Files before closing the source search; Medium: Audit source notes, titles, and provenance before final numbering",high-priority gap target; folder or staff-file source pool; access review affects selection; source page range not fixed; catalog-derived title/source note,"Does the PDF represent one selectable document, a folder-level bundle, or cite-only restricted context?","Open the PDF, verify item-level page boundaries and title, then update source note or decision log if the folder contains multiple documents. Gap cue: Review Afghanistan files 645607685, 645607321, and 645607323.","Source: George H.W. Bush Library, Bush Presidential Records, National Security Council, H-Files, NSC/DC Meetings Files, NSC/DC 260 - March 05, 1991 - NSC/DC Meeting on Afghanistan, Keywords: Afghanistan (File located @ LM), OA/ID 90019-003.",https://catalog.archives.gov/id/470761272,https://s3.amazonaws.com/NARAprodstorage/lz/presidential-libraries/bush/gb-nsc/H-Files/NSC-DC_Mtgs_312294079/41-bpr-nsc-hfiles-dc_mtgs-260-90019-003.pdf
Confirmed record,56,High,62,1.019,Afghanistan,1991-04-12,"NSC/DC 271 - April 12, 1991 - NSC/DC Meeting on Afghanistan, Keywords: Afghanistan (File located @ LM)",Restricted - Possibly,7 pages,Recorded extent; still verify selected item boundaries before final numbering.,470761289,90019-020,H-Files - National Security Council (NSC)/Deputies Committee (DC) Meetings Files,Records of the National Security Council (George H. W. Bush Administration) | H-Files - National Security Council (NSC)/Deputies Committee (DC) Meetings Files | 90019-020 | 41-bpr-nsc-hfiles-dc_mtgs-271-90019-020.pdf,"High: Screen Cheney Country Files before closing the source search; Medium: Audit source notes, titles, and provenance before final numbering",high-priority gap target; folder or staff-file source pool; access review affects selection; source page range not fixed; catalog-derived title/source note,"Does the PDF represent one selectable document, a folder-level bundle, or cite-only restricted context?","Open the PDF, verify item-level page boundaries and title, then update source note or decision log if the folder contains multiple documents. Gap cue: Review Afghanistan files 645607685, 645607321, and 645607323.","Source: George H.W. Bush Library, Bush Presidential Records, National Security Council, H-Files, NSC/DC Meetings Files, NSC/DC 271 - April 12, 1991 - NSC/DC Meeting on Afghanistan, Keywords: Afghanistan (File located @ LM), OA/ID 90019-020.",https://catalog.archives.gov/id/470761289,https://s3.amazonaws.com/NARAprodstorage/lz/presidential-libraries/bush/gb-nsc/H-Files/NSC-DC_Mtgs_312294079/41-bpr-nsc-hfiles-dc_mtgs-271-90019-020.pdf
Confirmed record,57,High,62,1.020,Afghanistan,1991-05-17,"NSC/DC 282 - May 17, 1991 - NSC/DC Meeting on Angola and Afghanistan, Keywords: Angola, Afghanistan (File located @ NLMS)",Restricted - Possibly,1 page,Recorded extent; still verify selected item boundaries before final numbering.,470761301,90020-001,H-Files - National Security Council (NSC)/Deputies Committee (DC) Meetings Files,Records of the National Security Council (George H. W. Bush Administration) | H-Files - National Security Council (NSC)/Deputies Committee (DC) Meetings Files | 90020-001 | 41-bpr-nsc-hfiles-dc_mtgs-282-90020-001.pdf,"High: Screen Cheney Country Files before closing the source search; Medium: Audit source notes, titles, and provenance before final numbering",high-priority gap target; folder or staff-file source pool; access review affects selection; source page range not fixed; catalog-derived title/source note,"Does the PDF represent one selectable document, a folder-level bundle, or cite-only restricted context?","Open the PDF, verify item-level page boundaries and title, then update source note or decision log if the folder contains multiple documents. Gap cue: Review Afghanistan files 645607685, 645607321, and 645607323.","Source: George H.W. Bush Library, Bush Presidential Records, National Security Council, H-Files, NSC/DC Meetings Files, NSC/DC 282 - May 17, 1991 - NSC/DC Meeting on Angola and Afghanistan, Keywords: Angola, Afghanistan (File located @ NLMS), OA/ID 90020-001.",https://catalog.archives.gov/id/470761301,https://s3.amazonaws.com/NARAprodstorage/lz/presidential-libraries/bush/gb-nsc/H-Files/NSC-DC_Mtgs_312294079/41-bpr-nsc-hfiles-dc_mtgs-282-90020-001.pdf
Confirmed record,58,High,56,2.005,Pakistan,1989-06-06,Memorandum of Conversation,Full,3 pages,Recorded extent; still verify selected item boundaries before final numbering.,428080031,[Memorandum of Conversations (Memcons) - June 1989-December 1989]: June 1989,Presidential Memcon Files,Records of the National Security Council (George H. W. Bush Administration) | Presidential Memcon Files | [Memorandum of Conversations (Memcons) - June 1989-December 1989]: June 1989 | 1989-06-06--Bhutto.pdf,"High: Pair the Pakistan nuclear sequence with non-H-Files sources; High: Screen Cheney Country Files before closing the source search; Medium: Audit source notes, titles, and provenance before final numbering",high-priority gap target; folder or staff-file source pool; source page range not fixed; catalog-derived title/source note,"Does the PDF represent one selectable document, a folder-level bundle, or cite-only restricted context?","Open the PDF, verify item-level page boundaries and title, then update source note or decision log if the folder contains multiple documents. Gap cue: Prioritize Gates Subject File 470437053 and Pakistan H-Files 470426231, 470426238, and 470426240.","Source: George H.W. Bush Library, Bush Presidential Records, National Security Council, Presidential Memcon Files, OA/ID CF01729-006, [Memorandum of Conversations (Memcons) - June 1989-December 1989]: June 1989. Secret.",https://catalog.archives.gov/id/428080031,https://s3.us-east-1.amazonaws.com/NARAprodstorage/lz/presidential-libraries/bush/gb-nsc/321498039/1989-06-06--Bhutto.pdf
Potential lead,59,Medium,44,,Pakistan,1989-01-20,Bhutto Departure 6/6/89,Restricted - Possibly; Online object available,,No stable page count recorded.,323150513,,Catalog lead,Records of the White House Office of Speechwriting (George H. W. Bush Administration) | Speech Draft Files | Speech Draft Files | NAID 323150513 | 41-bpr-speech-draft-chron-13490-003_323150513.pdf,High: Build an India policy lane beyond leader conversations; High: Pair the Pakistan nuclear sequence with non-H-Files sources; High: Screen Cheney Country Files before closing the source search,high-priority gap target; catalog-derived title/source note; page count unresolved,"Which pages contain policy-bearing material, and should any part be promoted to the confirmed chronology?","Open the PDF, identify policy-bearing pages, assign page boundaries, and record promote/exclude/cite-only rationale. Gap cue: Search India with Rao, Venkataraman, Gandhi, Shankar, Kashmir, nuclear, nonproliferation, economic reform, trade, and defense terms.","Source: George H.W. Bush Library, White House Office of Speechwriting, Speech Draft Files, Bhutto Departure 6/6/89.",https://catalog.archives.gov/id/323150513,https://s3.amazonaws.com/NARAprodstorage/lz/presidential-libraries/bush/gb-spe/speechwriting_draft_chron_578973/41-bpr-speech-draft-chron-13490-003_323150513.pdf
Potential lead,60,Medium,44,,Pakistan,1989-01-20,Departure Statement for Prime Minister Bhutto 6/6/89 [OA 6264],Restricted - Possibly; Online object available,,No stable page count recorded.,323152491,,Catalog lead,Records of the White House Office of Speechwriting (George H. W. Bush Administration) | Speech Backup Chronological Files | Speech Backup Chronological Files | NAID 323152491 | 41-bpr-speech-backup-chron-13671-005_323152491.pdf,High: Build an India policy lane beyond leader conversations; High: Pair the Pakistan nuclear sequence with non-H-Files sources; High: Screen Cheney Country Files before closing the source search,high-priority gap target; catalog-derived title/source note; page count unresolved,"Which pages contain policy-bearing material, and should any part be promoted to the confirmed chronology?","Open the PDF, identify policy-bearing pages, assign page boundaries, and record promote/exclude/cite-only rationale. Gap cue: Search India with Rao, Venkataraman, Gandhi, Shankar, Kashmir, nuclear, nonproliferation, economic reform, trade, and defense terms.","Source: George H.W. Bush Library, White House Office of Speechwriting, Speech Backup Chronological Files, Departure Statement for Prime Minister Bhutto 6/6/89 [OA 6264].",https://catalog.archives.gov/id/323152491,https://s3.amazonaws.com/NARAprodstorage/lz/presidential-libraries/bush/gb-spe/speechwriting_backup_chron_579003/41-bpr-speech-backup-chron-13671-005_323152491.pdf
Potential lead,61,Medium,44,,Regional,1989-01-20,"Milam, William - AMB to Bangladesh",Restricted - Possibly; Online object available,,No stable page count recorded.,286185941,,Catalog lead,Records of the White House Office of Presidential Personnel (George H. W. Bush Administration) | Katja Bullock Appointment Files | Katja Bullock Appointment Files | NAID 286185941 | 41-bpr-pers-bullock-appt-07091-008.pdf,"High: Screen Cheney Country Files before closing the source search; High: Split the Regional lane into Kashmir, Bangladesh, and other South Asia tracks",high-priority gap target; catalog-derived title/source note; page count unresolved,"Which pages contain policy-bearing material, and should any part be promoted to the confirmed chronology?","Open the PDF, identify policy-bearing pages, assign page boundaries, and record promote/exclude/cite-only rationale. Gap cue: Review Afghanistan files 645607685, 645607321, and 645607323.","Source: George H.W. Bush Library, White House Office of Presidential Personnel, Katja Bullock Appointment Files, Milam, William - AMB to Bangladesh.",https://catalog.archives.gov/id/286185941,https://s3.amazonaws.com/NARAprodstorage/lz/presidential-libraries/bush/foia/2000/Batch0001/41-bpr-pers-bullock-appt-07091-008.pdf
Potential lead,62,Medium,44,,Regional,1992-11-02,WHPO-P37850,Unrestricted; Online object available,,No stable page count recorded.,543965098,,Catalog lead,Records of the White House Photograph Office | George H. W. Bush Presidential Photographs | NAID 543965098 | 41-AV-P37850-11021992.jpg,"High: Split the Regional lane into Kashmir, Bangladesh, and other South Asia tracks",high-priority gap target; catalog-derived title/source note; page count unresolved,"Which pages contain policy-bearing material, and should any part be promoted to the confirmed chronology?","Open the PDF, identify policy-bearing pages, assign page boundaries, and record promote/exclude/cite-only rationale. Gap cue: Promote Kashmir leads 470426145 and 470426225 into a focused review queue.","Source: George H.W. Bush Library, White House Photograph Office, George H. W. Bush Presidential Photographs, WHPO-P37850.",https://catalog.archives.gov/id/543965098,https://s3.amazonaws.com/NARAprodstorage/lz/presidential-libraries/bush/gb-whpo/186364/P37850/41-AV-P37850-11021992.jpg
Confirmed record,63,Medium,42,2.001,Pakistan,1989-01-23,Memorandum of Telephone Conversation,Full,1 page,Recorded extent; still verify selected item boundaries before final numbering.,428079777,[Memorandum of Telephone Conversations (Telcons) - January 1989-July 1989]: January 1989,Presidential Telcon Files,Records of the National Security Council (George H. W. Bush Administration) | Presidential Telcon Files | [Memorandum of Telephone Conversations (Telcons) - January 1989-July 1989]: January 1989 | 1989-01-23--Bhutto.pdf,"High: Pair the Pakistan nuclear sequence with non-H-Files sources; High: Screen Cheney Country Files before closing the source search; Medium: Audit source notes, titles, and provenance before final numbering",high-priority gap target; source page range not fixed; catalog-derived title/source note,"Does the PDF represent one selectable document, a folder-level bundle, or cite-only restricted context?","Open the PDF, verify item-level page boundaries and title, then update source note or decision log if the folder contains multiple documents. Gap cue: Prioritize Gates Subject File 470437053 and Pakistan H-Files 470426231, 470426238, and 470426240.","Source: George H.W. Bush Library, Bush Presidential Records, National Security Council, Presidential Telcon Files, OA/ID CF01731-001, [Memorandum of Telephone Conversations (Telcons) - January 1989-July 1989]: January 1989. Confidential.",https://catalog.archives.gov/id/428079777,https://s3.us-east-1.amazonaws.com/NARAprodstorage/lz/presidential-libraries/bush/gb-nsc/321498139/1989-01-23--Bhutto.pdf
Confirmed record,64,Medium,42,2.002,Pakistan,1989-01-25,Memorandum of Telephone Conversation,Full,1 page,Recorded extent; still verify selected item boundaries before final numbering.,428079809,[Memorandum of Telephone Conversations (Telcons) - January 1989-July 1989]: January 1989,Presidential Telcon Files,Records of the National Security Council (George H. W. Bush Administration) | Presidential Telcon Files | [Memorandum of Telephone Conversations (Telcons) - January 1989-July 1989]: January 1989 | 1989-01-25--Khan.pdf,"High: Pair the Pakistan nuclear sequence with non-H-Files sources; High: Screen Cheney Country Files before closing the source search; Medium: Audit source notes, titles, and provenance before final numbering",high-priority gap target; source page range not fixed; catalog-derived title/source note,"Does the PDF represent one selectable document, a folder-level bundle, or cite-only restricted context?","Open the PDF, verify item-level page boundaries and title, then update source note or decision log if the folder contains multiple documents. Gap cue: Prioritize Gates Subject File 470437053 and Pakistan H-Files 470426231, 470426238, and 470426240.","Source: George H.W. Bush Library, Bush Presidential Records, National Security Council, Presidential Telcon Files, OA/ID CF01731-001, [Memorandum of Telephone Conversations (Telcons) - January 1989-July 1989]: January 1989. No classification marking.",https://catalog.archives.gov/id/428079809,https://s3.us-east-1.amazonaws.com/NARAprodstorage/lz/presidential-libraries/bush/gb-nsc/321498139/1989-01-25--Khan.pdf
Confirmed record,65,Medium,42,4.001,Regional,1989-02-22,"NSR-8 - February 22, 1989 - U.S. Policy Toward South Asia",Restricted - Possibly,95 pages,Recorded extent; still verify selected item boundaries before final numbering.,446394933,90006-011,H-Files - National Security Review (NSR) Files,Records of the National Security Council (George H. W. Bush Administration) | H-Files - National Security Review (NSR) Files | 90006-011 | 41-bpr-nsc-hfiles-nsr-8-90006-011.pdf,"Medium: Audit source notes, titles, and provenance before final numbering",folder or staff-file source pool; access review affects selection; large PDF extent; source page range not fixed; catalog-derived title/source note,"Does the PDF represent one selectable document, a folder-level bundle, or cite-only restricted context?","Open the PDF, verify item-level page boundaries and title, then update source note or decision log if the folder contains multiple documents. Gap cue: Spot-check Scowcroft-derived presidential conversation titles against PDF or catalog title pages.","Source: George H.W. Bush Library, Bush Presidential Records, National Security Council, H-Files, NSR Files, NSR-8 - February 22, 1989 - U.S. Policy Toward South Asia, OA/ID 90006-011.",https://catalog.archives.gov/id/446394933,https://s3.amazonaws.com/NARAprodstorage/lz/presidential-libraries/bush/gb-nsc/H-Files/NSRs_313189297/41-bpr-nsc-hfiles-nsr-8-90006-011.pdf
Confirmed record,66,Medium,42,3.001,India,1989-02-23,Memorandum of Conversation,Full,9 pages,Recorded extent; still verify selected item boundaries before final numbering.,428079855,[Memorandum of Conversations (Memcons)-January 1989-May 1989]: February 1989,Presidential Memcon Files,Records of the National Security Council (George H. W. Bush Administration) | Presidential Memcon Files | [Memorandum of Conversations (Memcons)-January 1989-May 1989]: February 1989 | 1989-02-23--Venkataraman.pdf,"High: Build an India policy lane beyond leader conversations; High: Screen Cheney Country Files before closing the source search; Medium: Audit source notes, titles, and provenance before final numbering",high-priority gap target; source page range not fixed; catalog-derived title/source note,"Does the PDF represent one selectable document, a folder-level bundle, or cite-only restricted context?","Open the PDF, verify item-level page boundaries and title, then update source note or decision log if the folder contains multiple documents. Gap cue: Search India with Rao, Venkataraman, Gandhi, Shankar, Kashmir, nuclear, nonproliferation, economic reform, trade, and defense terms.","Source: George H.W. Bush Library, Bush Presidential Records, National Security Council, Presidential Memcon Files, OA/ID CF01729-002, [Memorandum of Conversations (Memcons) - January 1989-May 1989]: February 1989. Confidential.",https://catalog.archives.gov/id/428079855,https://s3.us-east-1.amazonaws.com/NARAprodstorage/lz/presidential-libraries/bush/gb-nsc/321498039/1989-02-23--Venkataraman.pdf
Confirmed record,67,Medium,42,2.003,Pakistan,1989-02-24,Memorandum of Conversation,Full,7 pages,Recorded extent; still verify selected item boundaries before final numbering.,428079859,[Memorandum of Conversations (Memcons)-January 1989-May 1989]: February 1989,Presidential Memcon Files,Records of the National Security Council (George H. W. Bush Administration) | Presidential Memcon Files | [Memorandum of Conversations (Memcons)-January 1989-May 1989]: February 1989 | 1989-02-24--Bhutto.pdf,"High: Pair the Pakistan nuclear sequence with non-H-Files sources; High: Screen Cheney Country Files before closing the source search; Medium: Audit source notes, titles, and provenance before final numbering",high-priority gap target; source page range not fixed; catalog-derived title/source note,"Does the PDF represent one selectable document, a folder-level bundle, or cite-only restricted context?","Open the PDF, verify item-level page boundaries and title, then update source note or decision log if the folder contains multiple documents. Gap cue: Prioritize Gates Subject File 470437053 and Pakistan H-Files 470426231, 470426238, and 470426240.","Source: George H.W. Bush Library, Bush Presidential Records, National Security Council, Presidential Memcon Files, OA/ID CF01729-002, [Memorandum of Conversations (Memcons) - January 1989-May 1989]: February 1989. Secret.",https://catalog.archives.gov/id/428079859,https://s3.us-east-1.amazonaws.com/NARAprodstorage/lz/presidential-libraries/bush/gb-nsc/321498039/1989-02-24--Bhutto.pdf
Confirmed record,68,Medium,42,4.002,Regional,1989-04-07,"NSC/DC 017 - April 07, 1989 - NSC/DC Meeting on South Asia, Keywords: South Asia",Restricted - Possibly,102 pages,Recorded extent; still verify selected item boundaries before final numbering.,470760991,90009-017,H-Files - National Security Council (NSC)/Deputies Committee (DC) Meetings Files,Records of the National Security Council (George H. W. Bush Administration) | H-Files - National Security Council (NSC)/Deputies Committee (DC) Meetings Files | 90009-017 | 41-bpr-nsc-hfiles-dc_mtgs-17-90009-017.pdf,"Medium: Audit source notes, titles, and provenance before final numbering",folder or staff-file source pool; access review affects selection; large PDF extent; source page range not fixed; catalog-derived title/source note,"Does the PDF represent one selectable document, a folder-level bundle, or cite-only restricted context?","Open the PDF, verify item-level page boundaries and title, then update source note or decision log if the folder contains multiple documents. Gap cue: Spot-check Scowcroft-derived presidential conversation titles against PDF or catalog title pages.","Source: George H.W. Bush Library, Bush Presidential Records, National Security Council, H-Files, NSC/DC Meetings Files, NSC/DC 017 - April 07, 1989 - NSC/DC Meeting on South Asia, Keywords: South Asia, OA/ID 90009-017.",https://catalog.archives.gov/id/470760991,https://s3.amazonaws.com/NARAprodstorage/lz/presidential-libraries/bush/gb-nsc/H-Files/NSC-DC_Mtgs_312294079/41-bpr-nsc-hfiles-dc_mtgs-17-90009-017.pdf
Confirmed record,69,Medium,42,2.009,Pakistan,1989-06-10,Memorandum of Telephone Conversation,Full,1 page,Recorded extent; still verify selected item boundaries before final numbering.,428080061,[Memorandum of Telephone Conversations (Telcons) - January 1989-July 1989]: June 1989,Presidential Telcon Files,Records of the National Security Council (George H. W. Bush Administration) | Presidential Telcon Files | [Memorandum of Telephone Conversations (Telcons) - January 1989-July 1989]: June 1989 | 1989-06-10--Bhutto.pdf,"High: Pair the Pakistan nuclear sequence with non-H-Files sources; High: Screen Cheney Country Files before closing the source search; Medium: Audit source notes, titles, and provenance before final numbering",high-priority gap target; source page range not fixed; catalog-derived title/source note,"Does the PDF represent one selectable document, a folder-level bundle, or cite-only restricted context?","Open the PDF, verify item-level page boundaries and title, then update source note or decision log if the folder contains multiple documents. Gap cue: Prioritize Gates Subject File 470437053 and Pakistan H-Files 470426231, 470426238, and 470426240.","Source: George H.W. Bush Library, Bush Presidential Records, National Security Council, Presidential Telcon Files, OA/ID CF01731-006, [Memorandum of Telephone Conversations (Telcons) - January 1989-July 1989]: June 1989. No classification marking.",https://catalog.archives.gov/id/428080061,https://s3.us-east-1.amazonaws.com/NARAprodstorage/lz/presidential-libraries/bush/gb-nsc/321498139/1989-06-10--Bhutto.pdf
Confirmed record,70,Medium,42,3.005,India,1989-07-04,Memorandum of Telephone Conversation,Full,2 pages,Recorded extent; still verify selected item boundaries before final numbering.,428080113,[Memorandum of Telephone Conversations (Telcons) - January 1989-July 1989]: July 1989,Presidential Telcon Files,Records of the National Security Council (George H. W. Bush Administration) | Presidential Telcon Files | [Memorandum of Telephone Conversations (Telcons) - January 1989-July 1989]: July 1989 | 1989-07-04--Gandhi.pdf,"High: Build an India policy lane beyond leader conversations; High: Screen Cheney Country Files before closing the source search; Medium: Audit source notes, titles, and provenance before final numbering",high-priority gap target; source page range not fixed; catalog-derived title/source note,"Does the PDF represent one selectable document, a folder-level bundle, or cite-only restricted context?","Open the PDF, verify item-level page boundaries and title, then update source note or decision log if the folder contains multiple documents. Gap cue: Search India with Rao, Venkataraman, Gandhi, Shankar, Kashmir, nuclear, nonproliferation, economic reform, trade, and defense terms.","Source: George H.W. Bush Library, Bush Presidential Records, National Security Council, Presidential Telcon Files, OA/ID CF01731-007, [Memorandum of Telephone Conversations (Telcons) - January 1989-July 1989]: July 1989. Confidential.",https://catalog.archives.gov/id/428080113,https://s3.us-east-1.amazonaws.com/NARAprodstorage/lz/presidential-libraries/bush/gb-nsc/321498139/1989-07-04--Gandhi.pdf
Confirmed record,71,Medium,42,2.010,Pakistan,1989-08-05,Memorandum of Telephone Conversation,Full,2 pages,Recorded extent; still verify selected item boundaries before final numbering.,428080169,[Memorandum of Telephone Conversations (Telcons) - August 1989-December 1989]: August 1989,Presidential Telcon Files,Records of the National Security Council (George H. W. Bush Administration) | Presidential Telcon Files | [Memorandum of Telephone Conversations (Telcons) - August 1989-December 1989]: August 1989 | 1989-08-05--Bhutto.pdf,"High: Pair the Pakistan nuclear sequence with non-H-Files sources; High: Screen Cheney Country Files before closing the source search; Medium: Audit source notes, titles, and provenance before final numbering",high-priority gap target; source page range not fixed; catalog-derived title/source note,"Does the PDF represent one selectable document, a folder-level bundle, or cite-only restricted context?","Open the PDF, verify item-level page boundaries and title, then update source note or decision log if the folder contains multiple documents. Gap cue: Prioritize Gates Subject File 470437053 and Pakistan H-Files 470426231, 470426238, and 470426240.","Source: George H.W. Bush Library, Bush Presidential Records, National Security Council, Presidential Telcon Files, OA/ID CF01731-008, [Memorandum of Telephone Conversations (Telcons) - August 1989-December 1989]: August 1989. Secret.",https://catalog.archives.gov/id/428080169,https://s3.us-east-1.amazonaws.com/NARAprodstorage/lz/presidential-libraries/bush/gb-nsc/321498139/1989-08-05--Bhutto.pdf
Confirmed record,72,Medium,42,4.003,Regional,1989-08-29,"NSD-20 - August 29, 1989 - U.S. Policy toward South Asia",Restricted - Possibly,45 pages,Recorded extent; still verify selected item boundaries before final numbering.,446396836,90003-027,H-Files - National Security Directive (NSD) Files,Records of the National Security Council (George H. W. Bush Administration) | H-Files - National Security Directive (NSD) Files | 90003-027 | 41-bpr-nsc-hfiles-nsd-20-90003-027.pdf,"Medium: Audit source notes, titles, and provenance before final numbering",folder or staff-file source pool; access review affects selection; large PDF extent; source page range not fixed; catalog-derived title/source note,"Does the PDF represent one selectable document, a folder-level bundle, or cite-only restricted context?","Open the PDF, verify item-level page boundaries and title, then update source note or decision log if the folder contains multiple documents. Gap cue: Spot-check Scowcroft-derived presidential conversation titles against PDF or catalog title pages.","Source: George H.W. Bush Library, Bush Presidential Records, National Security Council, H-Files, NSD Files, NSD-20 - August 29, 1989 - U.S. Policy toward South Asia, OA/ID 90003-027.",https://catalog.archives.gov/id/446396836,https://s3.amazonaws.com/NARAprodstorage/lz/presidential-libraries/bush/gb-nsc/H-Files/NSDs_313189290/41-bpr-nsc-hfiles-nsd-20-90003-027.pdf
Confirmed record,73,Medium,42,3.006,India,1989-10-18,Memorandum of Telephone Conversation,Full,1 page,Recorded extent; still verify selected item boundaries before final numbering.,428080301,[Memorandum of Telephone Conversations (Telcons) - August 1989-December 1989]: October 1989,Presidential Telcon Files,Records of the National Security Council (George H. W. Bush Administration) | Presidential Telcon Files | [Memorandum of Telephone Conversations (Telcons) - August 1989-December 1989]: October 1989 | 1989-10-18--Gandhi.pdf,"High: Build an India policy lane beyond leader conversations; High: Screen Cheney Country Files before closing the source search; Medium: Audit source notes, titles, and provenance before final numbering",high-priority gap target; source page range not fixed; catalog-derived title/source note,"Does the PDF represent one selectable document, a folder-level bundle, or cite-only restricted context?","Open the PDF, verify item-level page boundaries and title, then update source note or decision log if the folder contains multiple documents. Gap cue: Search India with Rao, Venkataraman, Gandhi, Shankar, Kashmir, nuclear, nonproliferation, economic reform, trade, and defense terms.","Source: George H.W. Bush Library, Bush Presidential Records, National Security Council, Presidential Telcon Files, OA/ID CF01731-010, [Memorandum of Telephone Conversations (Telcons) - August 1989-December 1989]: October 1989. No classification marking.",https://catalog.archives.gov/id/428080301,https://s3.us-east-1.amazonaws.com/NARAprodstorage/lz/presidential-libraries/bush/gb-nsc/321498139/1989-10-18--Gandhi.pdf
Confirmed record,74,Medium,42,4.005,Regional,1990-10-01,Memorandum of Conversation,Full,5 pages,Recorded extent; still verify selected item boundaries before final numbering.,428081099,[Memorandum of Conversations (Memcons)-July 1990-December 1990]: October 1990,Presidential Memcon Files,Records of the National Security Council (George H. W. Bush Administration) | Presidential Memcon Files | [Memorandum of Conversations (Memcons)-July 1990-December 1990]: October 1990 | 1990-10-01--Ershad.pdf,"High: Screen Cheney Country Files before closing the source search; High: Split the Regional lane into Kashmir, Bangladesh, and other South Asia tracks; Medium: Audit source notes, titles, and provenance before final numbering",high-priority gap target; source page range not fixed; catalog-derived title/source note,"Does the PDF represent one selectable document, a folder-level bundle, or cite-only restricted context?","Open the PDF, verify item-level page boundaries and title, then update source note or decision log if the folder contains multiple documents. Gap cue: Review Afghanistan files 645607685, 645607321, and 645607323.","Source: George H.W. Bush Library, Bush Presidential Records, National Security Council, Presidential Memcon Files, OA/ID CF01728-004, [Memorandum of Conversations (Memcons) - July 1990-December 1990]: October 1990. Secret.",https://catalog.archives.gov/id/428081099,https://s3.us-east-1.amazonaws.com/NARAprodstorage/lz/presidential-libraries/bush/gb-nsc/321498039/1990-10-01--Ershad.pdf
Confirmed record,75,Medium,42,3.009,India,1991-12-15,Memorandum of Telephone Conversation,Full,1 page,Recorded extent; still verify selected item boundaries before final numbering.,428082103,[Memorandum of Telephone Conversations (Telcons) - May 1991-December 1991]:  December 1991,Presidential Telcon Files,Records of the National Security Council (George H. W. Bush Administration) | Presidential Telcon Files | [Memorandum of Telephone Conversations (Telcons) - May 1991-December 1991]:  December 1991 | 1991-12-15--Rao.pdf,"High: Build an India policy lane beyond leader conversations; High: Screen Cheney Country Files before closing the source search; Medium: Audit source notes, titles, and provenance before final numbering",high-priority gap target; source page range not fixed; catalog-derived title/source note,"Does the PDF represent one selectable document, a folder-level bundle, or cite-only restricted context?","Open the PDF, verify item-level page boundaries and title, then update source note or decision log if the folder contains multiple documents. Gap cue: Search India with Rao, Venkataraman, Gandhi, Shankar, Kashmir, nuclear, nonproliferation, economic reform, trade, and defense terms.","Source: George H.W. Bush Library, Bush Presidential Records, National Security Council, Presidential Telcon Files, OA/ID CF01730-013, [Memorandum of Telephone Conversations (Telcons) - May 1991-December 1991]: December 1991. Confidential.",https://catalog.archives.gov/id/428082103,https://s3.us-east-1.amazonaws.com/NARAprodstorage/lz/presidential-libraries/bush/gb-nsc/321498139/1991-12-15--Rao.pdf
Confirmed record,76,Medium,42,3.010,India,1992-01-31,Memorandum of Conversation,Partial,3 pages,Recorded extent; still verify selected item boundaries before final numbering.,428082131,[Memorandum of Conversations (Memcons)-January 1992-June 1992]: January 1992,Presidential Memcon Files,Records of the National Security Council (George H. W. Bush Administration) | Presidential Memcon Files | [Memorandum of Conversations (Memcons)-January 1992-June 1992]: January 1992 | 1992-01-31--Rao.pdf,"High: Build an India policy lane beyond leader conversations; High: Screen Cheney Country Files before closing the source search; Medium: Audit source notes, titles, and provenance before final numbering",high-priority gap target; source page range not fixed; catalog-derived title/source note,"Does the PDF represent one selectable document, a folder-level bundle, or cite-only restricted context?","Open the PDF, verify item-level page boundaries and title, then update source note or decision log if the folder contains multiple documents. Gap cue: Search India with Rao, Venkataraman, Gandhi, Shankar, Kashmir, nuclear, nonproliferation, economic reform, trade, and defense terms.","Source: George H.W. Bush Library, Bush Presidential Records, National Security Council, Presidential Memcon Files, [Memorandum of Conversations (Memcons)-January 1992-June 1992]: January 1992. Confidential.",https://catalog.archives.gov/id/428082131,https://s3.us-east-1.amazonaws.com/NARAprodstorage/lz/presidential-libraries/bush/gb-nsc/321498039/1992-01-31--Rao.pdf
Confirmed record,77,Medium,42,2.029,Pakistan,1992-12-03,Memorandum of Telephone Conversation,Partial,2 pages,Recorded extent; still verify selected item boundaries before final numbering.,428082401,[Memorandum of Telephone Conversations (Telcons) - July 1992-January 1993]:  December 1992,Presidential Telcon Files,Records of the National Security Council (George H. W. Bush Administration) | Presidential Telcon Files | [Memorandum of Telephone Conversations (Telcons) - July 1992-January 1993]:  December 1992 | 1992-12-03--Sharif.pdf,"High: Pair the Pakistan nuclear sequence with non-H-Files sources; High: Screen Cheney Country Files before closing the source search; Medium: Audit source notes, titles, and provenance before final numbering",high-priority gap target; source page range not fixed; catalog-derived title/source note,"Does the PDF represent one selectable document, a folder-level bundle, or cite-only restricted context?","Open the PDF, verify item-level page boundaries and title, then update source note or decision log if the folder contains multiple documents. Gap cue: Prioritize Gates Subject File 470437053 and Pakistan H-Files 470426231, 470426238, and 470426240.","Source: George H.W. Bush Library, Bush Presidential Records, National Security Council, Presidential Telcon Files, [Memorandum of Telephone Conversations (Telcons) - July 1992-January 1993]: December 1992. Confidential.",https://catalog.archives.gov/id/428082401,https://s3.us-east-1.amazonaws.com/NARAprodstorage/lz/presidential-libraries/bush/gb-nsc/321498139/1992-12-03--Sharif.pdf
Confirmed record,78,Medium,34,3.004,India,1989-06-08,Memorandum of Telephone Conversation,Full,4 pages,Recorded extent; still verify selected item boundaries before final numbering.,428080057,[Memorandum of Telephone Conversations (Telcons) - January 1989-July 1989]: June 1989,Presidential Telcon Files,Records of the National Security Council (George H. W. Bush Administration) | Presidential Telcon Files | [Memorandum of Telephone Conversations (Telcons) - January 1989-July 1989]: June 1989 | 1989-06-08--Gandhi.pdf,"High: Build an India policy lane beyond leader conversations; High: Screen Cheney Country Files before closing the source search; Medium: Audit source notes, titles, and provenance before final numbering",high-priority gap target; catalog-derived title/source note,"Does the PDF represent one selectable document, a folder-level bundle, or cite-only restricted context?","Open the PDF, verify item-level page boundaries and title, then update source note or decision log if the folder contains multiple documents. Gap cue: Search India with Rao, Venkataraman, Gandhi, Shankar, Kashmir, nuclear, nonproliferation, economic reform, trade, and defense terms.","Source: George H.W. Bush Library, Bush Presidential Records, National Security Council, Presidential Telcon Files, OA/ID CF01731-006, [Memorandum of Telephone Conversations (Telcons) - January 1989-July 1989]: June 1989. Secret.",https://catalog.archives.gov/id/428080057,https://s3.us-east-1.amazonaws.com/NARAprodstorage/lz/presidential-libraries/bush/gb-nsc/321498139/1989-06-08--Gandhi.pdf
Confirmed record,79,Medium,34,2.011,Pakistan,1989-11-01,Memorandum of Telephone Conversation,Full,3 pages,Recorded extent; still verify selected item boundaries before final numbering.,428080317,[Memorandum of Telephone Conversations (Telcons) - August 1989-December 1989]: November 1989,Presidential Telcon Files,Records of the National Security Council (George H. W. Bush Administration) | Presidential Telcon Files | [Memorandum of Telephone Conversations (Telcons) - August 1989-December 1989]: November 1989 | 1989-11-01--Bhutto.pdf,"High: Pair the Pakistan nuclear sequence with non-H-Files sources; High: Screen Cheney Country Files before closing the source search; Medium: Audit source notes, titles, and provenance before final numbering",high-priority gap target; catalog-derived title/source note,"Does the PDF represent one selectable document, a folder-level bundle, or cite-only restricted context?","Open the PDF, verify item-level page boundaries and title, then update source note or decision log if the folder contains multiple documents. Gap cue: Prioritize Gates Subject File 470437053 and Pakistan H-Files 470426231, 470426238, and 470426240.","Source: George H.W. Bush Library, Bush Presidential Records, National Security Council, Presidential Telcon Files, OA/ID CF01731-011, [Memorandum of Telephone Conversations (Telcons) - August 1989-December 1989]: November 1989. Confidential.",https://catalog.archives.gov/id/428080317,https://s3.us-east-1.amazonaws.com/NARAprodstorage/lz/presidential-libraries/bush/gb-nsc/321498139/1989-11-01--Bhutto.pdf
Confirmed record,80,Medium,34,3.008,India,1991-02-08,Memorandum of Telephone Conversation,Full,4 pages,Recorded extent; still verify selected item boundaries before final numbering.,428081443,[Memorandum of Telephone Conversations (Telcons) - January 1991-April 1991]:  February 1991 [1],Presidential Telcon Files,Records of the National Security Council (George H. W. Bush Administration) | Presidential Telcon Files | [Memorandum of Telephone Conversations (Telcons) - January 1991-April 1991]:  February 1991 [1] | 1991-02-08--Shankar.pdf,"High: Build an India policy lane beyond leader conversations; High: Screen Cheney Country Files before closing the source search; Medium: Audit source notes, titles, and provenance before final numbering",high-priority gap target; catalog-derived title/source note,"Does the PDF represent one selectable document, a folder-level bundle, or cite-only restricted context?","Open the PDF, verify item-level page boundaries and title, then update source note or decision log if the folder contains multiple documents. Gap cue: Search India with Rao, Venkataraman, Gandhi, Shankar, Kashmir, nuclear, nonproliferation, economic reform, trade, and defense terms.","Source: George H.W. Bush Library, Bush Presidential Records, National Security Council, Presidential Telcon Files, OA/ID CF01730-002, [Memorandum of Telephone Conversations (Telcons) - January 1991-April 1991]: February 1991 [1]. Confidential.",https://catalog.archives.gov/id/428081443,https://s3.us-east-1.amazonaws.com/NARAprodstorage/lz/presidential-libraries/bush/gb-nsc/321498139/1991-02-08--Shankar.pdf
